# FitCheck generated OBJ from assets/humans.obj
# Body fit preview measurements: height 170cm, chest 92cm, waist 74cm, hips 98cm, inseam 78cm, shoulder 41cm
# Vertex positions are section-scaled; faces, normals, UVs, objects, and materials are preserved.
mtllib humans.mtl
o bodyMesh
v 0.045560 2.493669 -0.158025
v 0.060347 2.599490 -0.180963
v 0.151394 2.553392 -0.164856
v 0.122113 2.474417 -0.137208
v 0.072320 2.621206 0.178445
v 0.069511 3.042823 -0.149193
v 0.068350 2.987933 -0.172387
v 0.182772 3.057791 -0.115321
v 0.198693 2.761374 -0.207469
v 0.075440 2.804406 -0.220845
v 0.082181 2.728234 -0.216289
v 0.202930 2.720095 -0.196125
v 0.060914 2.377678 -0.116303
v 0.056044 2.292324 -0.094275
v 0.034578 2.897344 0.098108
v 0.057529 2.963549 0.056675
v 0.131296 2.220210 0.084099
v 0.137246 2.319422 0.082047
v 0.080129 2.331526 0.152558
v 0.072319 2.222887 0.135538
v 0.157928 2.220432 -0.094026
v 0.153468 2.281142 -0.081630
v 0.180211 2.318058 0.007421
v 0.195472 2.214422 0.010191
v 0.249264 2.536726 -0.028767
v 0.216261 2.489901 -0.106474
v 0.237865 2.608183 -0.140330
v 0.263527 2.609888 -0.046095
v 0.036543 3.592527 -0.009540
v 0.035284 3.568711 0.035211
v 0.054091 3.505645 0.022965
v 0.061086 3.523138 -0.014431
v 0.192749 2.407183 -0.003808
v 0.184413 2.470277 0.089792
v 0.394527 2.812896 -0.034569
v 0.276807 2.934309 -0.020391
v 0.280500 2.761426 0.023357
v 0.314801 2.729435 -0.004024
v 0.399255 2.844059 -0.073982
v 0.277472 2.990488 -0.064377
v 0.394832 2.844663 -0.123654
v 0.272822 2.991277 -0.120071
v 0.300444 2.724023 -0.186391
v 0.237629 2.762305 -0.198643
v 0.276806 2.670620 -0.138596
v 0.247866 2.696467 -0.158498
v 0.287943 2.680959 -0.070814
v 0.265540 2.673147 -0.064294
v 0.298294 2.715725 -0.034894
v 0.276572 2.722300 0.004418
v 0.330337 2.317790 -0.023484
v 0.391729 2.340866 -0.040304
v 0.386872 2.579754 -0.010843
v 0.347071 2.569541 -0.007147
v 0.397285 2.344516 -0.062827
v 0.414853 2.581069 -0.080637
v 0.398871 2.567212 -0.174576
v 0.334487 2.506730 -0.180712
v 0.281018 2.322146 -0.107124
v 0.273376 2.495931 -0.129833
v 0.285242 2.292896 -0.054982
v 0.286648 2.532566 -0.063686
v 0.307167 2.319643 -0.022638
v 0.309431 2.559050 -0.012331
v 0.345401 2.059235 0.016866
v 0.370621 2.068550 0.013091
v 0.384574 2.176649 0.001772
v 0.355601 2.175009 0.015831
v 0.386566 2.074250 -0.013397
v 0.411063 2.190093 -0.031077
v 0.377369 2.071701 -0.048318
v 0.401559 2.203727 -0.083847
v 0.355184 2.061369 -0.076457
v 0.362789 2.193536 -0.111795
v 0.313928 2.052420 -0.065902
v 0.300283 2.162725 -0.097736
v 0.303726 2.034154 -0.033488
v 0.291473 2.133662 -0.035074
v 0.316641 2.042476 0.004229
v 0.310791 2.145948 0.002978
v 0.325889 1.956496 0.018148
v 0.345357 1.967091 0.021116
v 0.359307 1.969730 0.001076
v 0.351401 1.953617 -0.026258
v 0.337683 1.939567 -0.041441
v 0.318793 1.937766 -0.037919
v 0.305871 1.933885 -0.022774
v 0.309602 1.944678 0.004528
v 0.137654 3.087876 -0.104754
v 0.151343 3.060593 -0.034767
v 0.189810 3.042355 -0.047940
v 0.132863 2.966476 0.021927
v 0.084816 2.988273 0.007668
v 0.073237 3.431830 -0.080379
v 0.046955 3.449646 -0.116512
v 0.040648 3.522167 -0.093845
v 0.069695 3.471882 -0.070268
v 0.178835 2.376164 -0.079548
v 0.185349 2.904002 0.051053
v 0.253750 2.713968 0.065093
v 0.097944 2.507784 0.174005
v 0.358930 1.741290 0.028705
v 0.348927 1.796049 0.021057
v 0.332448 1.776652 0.044283
v 0.353108 1.713734 0.050238
v 0.357741 1.740711 0.000947
v 0.348279 1.797357 -0.003554
v 0.347111 1.734765 -0.018044
v 0.335657 1.783328 -0.012185
v 0.325552 1.752609 -0.021696
v 0.324617 1.777790 -0.014269
v 0.316643 1.734601 -0.004064
v 0.315090 1.776883 -0.007634
v 0.290356 1.715647 0.048669
v 0.314636 1.696865 0.071274
v 0.313825 1.756105 0.049403
v 0.304881 1.768059 0.019656
v 0.381486 1.651509 0.058714
v 0.399803 1.604231 0.064217
v 0.405700 1.616524 0.032818
v 0.386784 1.667563 0.030381
v 0.380076 1.680889 0.001607
v 0.399524 1.627940 -0.001786
v 0.390449 1.639485 -0.020368
v 0.367133 1.688455 -0.023303
v 0.377511 1.638138 -0.024943
v 0.352796 1.686177 -0.027604
v 0.386031 1.617916 -0.006555
v 0.342847 1.674863 -0.010959
v 0.393816 1.605010 0.026109
v 0.343387 1.669631 0.018572
v 0.415245 1.466420 0.033078
v 0.422303 1.453655 0.038553
v 0.416712 1.450369 0.049265
v 0.410038 1.462703 0.043511
v 0.340438 1.688317 0.066277
v 0.329360 1.665906 0.068146
v 0.304847 1.599160 0.059973
v 0.311491 1.597309 0.070644
v 0.303868 1.599559 0.073715
v 0.294147 1.602829 0.062756
v 0.319923 1.702470 0.015662
v 0.311666 1.679043 0.043839
v 0.413936 1.490120 -0.005764
v 0.413892 1.485163 0.005303
v 0.406458 1.497551 0.005951
v 0.406828 1.501958 -0.007519
v 0.358457 1.647256 0.074648
v 0.382000 1.606256 0.083430
v 0.422404 1.453797 0.085442
v 0.429392 1.450642 0.089976
v 0.423224 1.449505 0.100453
v 0.414837 1.454532 0.094426
v 0.386671 1.561391 -0.022382
v 0.386647 1.563625 -0.031106
v 0.394398 1.548093 -0.031023
v 0.393243 1.549079 -0.022870
v 0.432721 1.547416 0.048491
v 0.429900 1.539783 0.064210
v 0.420453 1.551697 0.041087
v 0.415628 1.541465 0.058509
v 0.387662 1.590097 0.057652
v 0.412623 1.568611 0.018357
v 0.417037 1.570919 0.002314
v 0.431067 1.554603 0.019387
v 0.430047 1.560748 0.005504
v 0.422652 1.545483 0.088053
v 0.414217 1.539726 0.102110
v 0.412396 1.542799 0.081780
v 0.406087 1.540891 0.091519
v 0.368302 1.602102 0.075921
v 0.397544 1.598391 -0.027482
v 0.408722 1.596391 -0.025895
v 0.398946 1.593667 -0.015164
v 0.411163 1.587386 -0.014460
v 0.431331 1.482827 0.059023
v 0.436697 1.489404 0.044958
v 0.425391 1.494754 0.040198
v 0.417338 1.488792 0.052281
v 0.420151 1.521320 0.010645
v 0.423625 1.528762 -0.000400
v 0.430920 1.510026 0.011879
v 0.430188 1.514492 0.000379
v 0.431967 1.478666 0.090242
v 0.421809 1.477328 0.103976
v 0.422006 1.484635 0.085230
v 0.413417 1.485338 0.094730
v 0.394752 1.577513 -0.028745
v 0.407087 1.570432 -0.029721
v 0.393023 1.575970 -0.020337
v 0.407775 1.565030 -0.020252
v 0.313179 1.826761 0.038660
v 0.327495 1.834399 0.038467
v 0.340530 1.840069 0.016140
v 0.341412 1.829667 -0.009029
v 0.334082 1.811813 -0.021488
v 0.318357 1.803834 -0.019872
v 0.307447 1.813995 -0.002017
v 0.302352 1.816800 0.023274
v 0.316354 1.633910 0.069152
v 0.308390 1.638207 0.055185
v 0.292497 1.644369 0.057711
v 0.304923 1.637344 0.074969
v 0.339473 1.645001 0.070475
v 0.338223 1.652172 0.044457
v 0.346556 2.287702 -0.016529
v 0.392139 2.292668 -0.026830
v 0.404047 2.278552 -0.048005
v 0.397216 2.274432 -0.099617
v 0.340501 2.255310 -0.128146
v 0.291466 2.227504 -0.113350
v 0.281566 2.218738 -0.043995
v 0.300524 2.247596 -0.008081
v 0.206479 2.619180 0.107826
v 0.072365 2.070861 -0.119375
v 0.011082 1.936692 -0.150264
v 0.055507 2.063079 0.119702
v 0.035959 1.841922 0.072614
v 0.138273 1.973140 0.068697
v 0.173976 2.004319 0.005479
v 0.182831 2.102351 0.006959
v 0.158901 2.140743 -0.110672
v 0.148656 1.962886 -0.089736
v 0.004805 1.771157 0.057158
v 0.008136 1.838170 -0.145926
v 0.003249 1.705133 -0.047054
v 0.130702 1.862136 0.063237
v 0.165082 1.880296 -0.000992
v 0.157887 1.817854 -0.079465
v 0.070688 1.727478 -0.143867
v 0.013983 1.673774 0.059141
v 0.007345 1.721175 -0.147148
v 0.008832 1.678898 -0.037256
v 0.068277 3.210311 0.052419
v 0.042729 3.178935 0.052717
v 0.070244 3.220838 0.012780
v 0.078104 3.232619 0.029221
v 0.020223 3.165185 0.055930
v 0.020071 3.157930 0.031043
v 0.051516 3.366285 -0.125277
v 0.048396 3.310055 -0.116215
v 0.040089 3.223932 -0.088632
v 0.037969 3.181922 -0.090911
v 0.051506 3.100846 -0.117356
v 0.074963 3.367788 -0.089799
v 0.076399 3.317815 -0.079472
v 0.062695 3.227751 -0.054395
v 0.065323 3.181998 -0.061045
v 0.104435 3.121639 -0.082627
v 0.076482 3.432399 -0.035491
v 0.082415 3.369711 -0.050794
v 0.082086 3.137673 -0.069374
v 0.071797 3.151043 -0.030004
v 0.080751 3.107051 -0.030491
v 0.096257 3.093196 -0.028090
v 0.046815 3.136471 -0.099224
v 0.021906 3.081695 0.022590
v 0.071978 3.276106 -0.058937
v 0.081552 3.328766 -0.052775
v 0.079219 3.291044 -0.035217
v 0.036030 3.573457 -0.056600
v 0.067829 3.501960 -0.051085
v 0.073529 3.450273 -0.002237
v 0.098089 3.358418 -0.019348
v 0.093918 3.376572 -0.015570
v 0.087903 3.372427 -0.006991
v 0.088645 3.354434 -0.008814
v 0.094881 3.309222 -0.006130
v 0.098370 3.335291 -0.015912
v 0.090541 3.333533 -0.004034
v 0.089065 3.311172 0.002322
v 0.080683 3.281292 0.020068
v 0.081951 3.264739 0.024302
v 0.074548 3.246176 0.008829
v 0.073026 3.266525 0.007772
v 0.080503 3.361347 0.021702
v 0.079197 3.387502 0.012797
v 0.067181 3.432269 0.035258
v 0.073210 3.383001 0.049604
v 0.081000 3.285381 0.040554
v 0.080212 3.264149 0.041053
v 0.086223 3.317799 0.028430
v 0.084259 3.341884 0.029088
v 0.076646 3.349942 0.056783
v 0.074187 3.321662 0.059246
v 0.083568 3.320538 0.039228
v 0.092368 3.386881 -0.017446
v 0.099342 3.361927 -0.028958
v 0.080911 3.364658 -0.032506
v 0.075541 3.393543 -0.019221
v 0.094053 3.303714 -0.012631
v 0.079719 3.300864 -0.013629
v 0.084080 3.333291 -0.030722
v 0.101395 3.334980 -0.028016
v 0.084398 3.287477 0.008203
v 0.080465 3.288412 0.011854
v 0.076201 3.282299 0.003571
v 0.080638 3.278348 -0.002621
v 0.088317 3.283564 -0.002062
v 0.085102 3.299063 0.017445
v 0.088095 3.316398 0.018830
v 0.082984 3.295661 0.025082
v 0.087086 3.339169 0.016126
v 0.083383 3.353247 0.012431
v 0.088672 3.387678 -0.005044
v 0.077800 3.397190 -0.002760
v 0.082026 3.299498 0.041529
v 0.088520 3.311600 0.011050
v 0.089122 3.301593 0.012676
v 0.090986 3.296777 0.007152
v 0.087730 3.349511 0.004245
v 0.088203 3.331965 0.007076
v 0.084831 3.371707 0.004957
v 0.044085 3.267627 -0.091393
v 0.092673 3.293223 0.000617
v 0.074516 3.295807 0.059216
v 0.087692 3.361868 0.001916
v 0.069438 3.257109 0.061170
v 0.067968 3.235924 0.058646
v 0.077412 3.243658 0.039834
v 0.056436 2.195998 -0.109111
v 0.138622 0.993630 -0.049319
v 0.144883 1.107956 -0.024723
v 0.088279 1.069925 0.007368
v 0.091588 0.909977 -0.022577
v 0.150176 0.999550 -0.090049
v 0.151016 1.094406 -0.082351
v 0.153563 0.981532 -0.126450
v 0.154576 1.093025 -0.118308
v 0.106438 0.994440 -0.176040
v 0.105079 1.096884 -0.165378
v 0.036465 1.048646 -0.015559
v 0.032923 0.959133 -0.055402
v 0.051994 1.094055 -0.159320
v 0.049031 0.992241 -0.165114
v 0.094610 0.023447 0.106146
v 0.073832 0.023307 0.113631
v 0.073176 0.000000 0.112115
v 0.092391 0.002537 0.105009
v 0.118360 0.019828 0.071821
v 0.107715 0.020784 0.081382
v 0.106544 0.000443 0.078731
v 0.117402 0.000650 0.067124
v 0.101569 0.039939 -0.098429
v 0.099589 0.137617 -0.136247
v 0.090073 0.172745 -0.112266
v 0.080292 0.173744 -0.097768
v 0.067415 0.078202 -0.187242
v 0.069192 0.153400 -0.173207
v 0.067795 0.000000 0.119893
v 0.066791 0.040929 0.122748
v 0.044328 0.041807 0.125399
v 0.041742 0.000000 0.119379
v 0.029328 0.080036 -0.181251
v 0.020004 0.127294 -0.135575
v 0.010415 0.198008 -0.137083
v 0.031718 0.152184 -0.170387
v 0.032672 0.153469 -0.034104
v 0.019467 0.186929 -0.088982
v 0.054336 0.377343 -0.081765
v 0.085798 0.360639 -0.095908
v 0.101222 0.517050 -0.095060
v 0.063869 0.528122 -0.075794
v 0.095136 0.341574 -0.114107
v 0.114942 0.511471 -0.119212
v 0.095499 0.321424 -0.134453
v 0.123004 0.508778 -0.143613
v 0.069422 0.321052 -0.175142
v 0.091155 0.552603 -0.195346
v 0.044142 0.519236 -0.100982
v 0.026986 0.316453 -0.103128
v 0.035088 0.313279 -0.168841
v 0.020358 0.305216 -0.137624
v 0.027178 0.538446 -0.136796
v 0.026278 0.553254 -0.178513
v 0.049987 0.157484 -0.038434
v 0.079967 0.150905 -0.041745
v 0.072107 0.190100 -0.082469
v 0.043645 0.187186 -0.080300
v 0.104224 1.158497 0.027047
v 0.144660 1.166088 0.016499
v 0.182009 1.207346 -0.055463
v 0.166119 1.209274 -0.118520
v 0.112239 1.192408 -0.153259
v 0.024661 1.152845 0.013402
v 0.026752 1.185963 -0.144812
v 0.012135 1.213972 -0.111622
v 0.085091 0.828948 -0.039028
v 0.132072 0.815981 -0.066735
v 0.153551 0.820935 -0.101359
v 0.165046 0.828644 -0.142375
v 0.122281 0.836729 -0.231171
v 0.027416 0.828361 -0.069443
v 0.014918 0.818695 -0.197026
v 0.003023 0.812020 -0.102916
v 0.099596 0.052696 0.037793
v 0.094961 0.082277 0.002495
v 0.080519 0.099002 0.003999
v 0.081948 0.056257 0.059768
v 0.112985 0.052234 0.015116
v 0.107039 0.077005 -0.014998
v 0.127003 0.043970 -0.004771
v 0.127670 0.002531 0.006134
v 0.124524 0.000000 -0.037378
v 0.126086 0.042676 -0.030824
v 0.029987 0.003666 -0.000093
v 0.030689 0.000000 0.052222
v 0.033151 0.065388 0.055967
v 0.034604 0.074778 0.024791
v 0.059636 0.062420 0.060756
v 0.056373 0.103605 0.010036
v 0.068570 0.000000 -0.181947
v 0.028607 0.000000 -0.176039
v 0.094111 0.000000 -0.142697
v 0.111121 0.000643 -0.084516
v 0.033477 0.045221 -0.065364
v 0.025802 -0.000636 -0.134064
v 0.120896 0.677307 -0.084356
v 0.077456 0.689518 -0.060715
v 0.135329 0.663457 -0.113295
v 0.144105 0.643800 -0.146880
v 0.115790 0.692006 -0.228593
v 0.042942 0.680037 -0.086223
v 0.017116 0.663821 -0.116097
v 0.015637 0.666615 -0.196809
v 0.103963 1.365440 0.063693
v 0.174073 1.406167 0.045941
v 0.168381 1.575732 0.068277
v 0.082185 1.639074 0.075628
v 0.208520 1.392882 -0.015853
v 0.202715 1.572095 0.000137
v 0.194629 1.373466 -0.103575
v 0.190336 1.577364 -0.096173
v 0.169807 1.370688 -0.159234
v 0.030508 1.308492 0.018596
v 0.031128 1.380292 -0.156145
v 0.006576 1.369902 -0.051579
v 0.003951 1.541174 -0.046722
v 0.137048 1.718180 0.069406
v 0.177004 1.713818 0.000291
v 0.166604 1.713461 -0.089731
v 0.098092 1.683262 -0.132492
v 0.019560 1.616711 0.059218
v 0.008032 1.613221 -0.039253
v 0.014620 1.680870 -0.132210
v 0.063838 0.000000 0.064687
v 0.078804 0.000000 0.030298
v 0.083765 0.000000 0.055704
v 0.066389 0.020880 0.081001
v 0.067000 0.050177 0.092918
v 0.034312 0.014682 0.078192
v 0.036839 0.047456 0.094952
v 0.107943 0.001825 0.085632
v 0.109014 0.020183 0.089957
v 0.095144 0.018274 0.096784
v 0.093538 0.001542 0.094239
v 0.112749 0.001858 0.049575
v 0.123160 0.002070 0.045178
v 0.125117 0.019020 0.047762
v 0.115404 0.021436 0.052953
v 0.071099 0.021401 0.085499
v 0.087765 0.021743 0.075577
v 0.069406 0.054147 0.086579
v 0.087572 0.052065 0.081408
v 0.100230 0.010541 0.055444
v 0.099059 0.001544 0.034351
v 0.112011 0.001787 0.020487
v 0.112387 0.010158 0.042711
v 0.101795 0.045260 0.062296
v 0.114081 0.043231 0.049905
v 0.100938 0.050350 0.063703
v 0.088911 0.051693 0.079987
v 0.098220 0.027970 0.055700
v 0.127114 0.036743 0.024945
v 0.114635 0.038210 0.040637
v 0.127729 0.008827 0.021847
v 0.115211 0.012482 0.035997
v 0.099807 0.001519 0.013064
v 0.097673 -0.001161 -0.011739
v 0.061643 0.000000 0.007946
v 0.061281 3.377599 0.076921
v 0.062286 3.344875 0.090980
v 0.055095 3.271709 0.086381
v 0.053751 3.245798 0.085209
v 0.024549 3.340476 0.104626
v 0.039563 3.380992 0.088851
v 0.061633 3.313716 0.092370
v 0.044100 3.275762 0.101940
v 0.031507 3.322770 0.105303
v 0.049363 3.486837 0.051545
v 0.060317 3.389258 0.081215
v 0.036099 3.509959 0.072030
v 0.046149 3.412513 0.099137
v 0.052368 3.192608 0.076041
v 0.012959 3.169594 0.121735
v 0.024963 3.171541 0.079451
v 0.050127 3.221651 0.088434
v 0.014652 3.199700 0.127299
v 0.005643 3.328299 0.142410
v 0.005701 3.359563 0.126125
v 0.019810 3.310497 0.118502
v 0.014925 3.358614 0.106664
v 0.013620 3.235854 0.127598
v 0.018317 3.298272 0.124403
v 0.011212 3.378987 0.096571
v 0.005821 3.381968 0.111617
v 0.029809 3.291916 0.113870
v 0.018279 3.258820 0.122832
v 0.012404 3.247297 0.124298
v 0.032415 3.248781 0.108661
v 0.014840 3.219402 0.119107
v 0.028454 3.248089 0.104079
v 0.011018 3.252136 0.114812
v 0.017093 3.244368 0.105352
v 0.026257 3.252567 0.115120
v 0.020862 3.246830 0.104599
v 0.021227 3.239753 0.122732
v 0.019210 3.247736 0.120122
v 0.017641 3.252148 0.113882
v 0.026816 3.243658 0.113173
v 0.024532 3.247447 0.114540
v 0.021842 3.250514 0.111711
v 0.021165 3.220488 0.114923
v 0.008685 3.265095 0.134768
v 0.009238 3.283893 0.131404
v 0.007806 3.295582 0.132446
v 0.032596 3.229975 0.107463
v 0.032518 3.206940 0.103338
v 0.033690 3.179577 0.099206
v 0.006787 3.254199 0.126146
v 0.017112 3.253990 0.120056
v 0.023236 3.250098 0.114500
v 0.009867 3.407552 0.108823
v 0.041151 3.240036 0.099901
v 0.016530 3.574960 0.037187
v 0.017254 3.513441 0.075465
v 0.022555 2.718374 0.168304
v 0.046944 2.720470 0.172102
v 0.211041 2.638910 0.134961
v 0.248588 2.718485 0.086832
v 0.099878 2.631193 0.182237
v 0.267020 2.747036 0.054729
v 0.149269 2.858482 0.098904
v 0.065074 2.857734 0.118268
v 0.252443 2.745486 0.081627
v 0.092642 2.729254 0.171749
v 0.227458 2.709513 0.112194
v 0.188041 2.669209 0.154620
v 0.161994 2.665715 0.169025
v 0.171627 2.603844 0.137534
v 0.182286 2.624632 0.155380
v 0.128042 2.673387 0.176687
v 0.050964 2.642496 0.181361
v 0.064973 2.654971 0.183062
v 0.268535 2.666563 0.010046
v 0.247445 2.557150 0.036786
v 0.235706 2.661114 0.086695
v 0.233804 2.669694 0.110403
v 0.213495 2.688138 0.133574
v 0.258245 2.611890 0.024886
v 0.140015 2.601475 0.156391
v 0.152245 2.624795 0.172829
v 0.204200 2.739558 0.126936
v 0.139055 2.481187 0.145969
v 0.026270 2.672417 0.177972
v 0.051403 2.672266 0.181581
v 0.095632 2.688527 0.181381
v 0.061278 2.540341 0.183235
v 0.026506 0.000000 0.019988
v 0.339266 2.425242 -0.157961
v 0.365849 2.450336 -0.019486
v 0.389677 2.427934 -0.074906
v 0.290712 2.422446 -0.063857
v 0.279026 2.391174 -0.115413
v 0.336209 2.443377 -0.011859
v 0.308370 2.435708 -0.013997
v 0.380917 2.435823 -0.120908
v 0.072335 2.401672 0.163780
v 0.133607 2.400480 0.100418
v 0.060651 2.996610 0.031349
v 0.060383 3.035658 0.015106
v 0.061227 3.102968 0.001356
v 0.068987 3.152023 -0.007057
v 0.074906 3.204175 -0.014383
v 0.077730 3.261715 -0.025124
v 0.015551 2.969784 0.050379
v 0.025500 3.006501 0.038715
v 0.029377 3.041828 0.030514
v 0.044944 3.114699 0.019352
v 0.058018 3.161248 0.012320
v 0.041291 3.182727 0.019818
v 0.077732 3.235379 -0.018733
v 0.077138 3.242311 0.002821
v 0.073990 3.216224 0.006817
v 0.017773 3.038467 0.023873
v 0.011984 2.985885 0.035085
v 0.061053 3.066162 0.008213
v 0.036267 3.078886 0.024206
v 0.130006 1.745880 -0.133113
v 0.112603 1.975854 -0.138060
v 0.035493 1.845529 -0.148342
v 0.114498 1.877913 -0.136973
v 0.126090 2.063540 -0.125540
v 0.306360 2.664097 -0.024478
v 0.277490 2.600134 -0.140249
v 0.325342 2.692852 -0.012423
v 0.409305 2.702929 -0.134480
v 0.290035 2.629622 -0.064345
v 0.415567 2.706385 -0.065539
v 0.327920 2.618050 -0.185696
v 0.369029 2.724062 -0.021481
v 0.076833 2.006291 0.078215
v 0.036903 1.948511 0.091267
v 0.082203 1.982279 0.067648
v 0.107014 2.075888 0.088057
v 0.029526 1.873019 0.090598
v 0.155177 2.115357 0.077246
v 0.147545 2.056348 0.062044
v 0.115725 2.118264 0.088395
v 0.113597 2.404791 0.141847
v 0.309224 2.295903 -0.132071
v 0.340468 2.309190 -0.139409
v 0.341919 2.345486 -0.153238
v 0.296409 2.323082 -0.145262
v 0.297503 2.342916 -0.132483
v 0.348493 2.366401 -0.148600
v 0.348001 2.310320 -0.126088
v 0.344481 2.768579 -0.008384
v 0.183895 2.969390 -0.014907
v 0.238565 2.964299 -0.029577
v 0.269960 2.886701 -0.001277
v 0.183653 2.959570 -0.006195
v 0.361414 2.813518 -0.171831
v 0.249010 2.922399 -0.160022
v 0.197843 2.960275 -0.159983
v 0.063411 2.904875 -0.209873
v 0.132767 2.793909 -0.223988
v 0.148616 2.723691 -0.217473
v 0.116055 2.923714 -0.201468
v 0.232533 3.016119 -0.058559
v 0.223084 3.022954 -0.118674
v 0.384290 2.643264 -0.173953
v 0.322252 2.762240 -0.190907
v 0.236989 2.830590 -0.196787
v 0.182013 2.850421 -0.208113
v 0.342136 2.725926 -0.180904
v 0.395731 2.500988 -0.133197
v 0.336463 1.821953 -0.014992
v 0.322645 1.791627 -0.014342
v 0.313061 1.804569 -0.017833
v 0.335703 1.797154 -0.013913
v 0.339157 1.805118 -0.010070
v 0.313351 1.788588 -0.013951
v 0.329629 1.836936 -0.024955
v 0.318657 1.831932 -0.026176
v 0.357778 2.340810 -0.030819
v 0.372795 2.436364 -0.060676
v 0.387966 2.473341 -0.085465
v 0.301698 2.799931 0.000896
v 0.117637 2.628899 -0.194520
v 0.178328 2.651623 -0.197518
v 0.311612 1.794315 0.034792
v 0.328712 1.802585 0.041322
v 0.303702 1.787456 0.018102
v 0.384097 2.337136 -0.097587
v 0.355983 2.348318 -0.120032
v 0.369284 2.322653 -0.111220
v 0.359246 2.374585 -0.137397
v 0.359994 2.427401 -0.148957
v 0.369924 2.474819 -0.155817
v 0.285022 2.439306 -0.120173
v 0.297212 2.408467 -0.151009
v 0.297146 2.491769 -0.170760
v 0.417118 2.574369 -0.140729
v 0.088469 1.012179 -0.001332
v 0.056732 1.068307 0.006745
v 0.091223 1.108549 0.009592
v 0.122127 1.068784 0.003663
v 0.097184 1.015424 -0.000638
v 0.078566 1.014293 -0.001033
v 0.126992 1.106487 0.003381
v 0.052617 1.103432 0.008143
v 0.090806 1.123935 0.005268
v 0.134294 1.122747 -0.004886
v 0.047145 1.118817 0.003051
v 0.088221 1.038001 0.001841
v 0.109542 1.039884 -0.001246
v 0.116929 0.990816 -0.009400
v 0.065656 1.037874 0.003191
v 0.055644 0.984619 -0.010468
v 0.119609 1.018671 -0.007253
v 0.052487 1.015197 -0.010229
v 0.030829 1.106486 -0.013433
v 0.020733 1.218929 -0.029278
v 0.017886 1.148102 -0.047802
v 0.045067 1.134035 0.021273
v 0.021325 0.125336 -0.102804
v 0.142534 0.950680 -0.093185
v 0.131333 0.919834 -0.056409
v 0.126217 0.959480 -0.170181
v 0.095592 0.978145 -0.009413
v 0.085420 0.977410 -0.003904
v 0.078096 0.908958 -0.021870
v 0.093588 0.934302 -0.018674
v 0.080756 0.933610 -0.017299
v 0.140637 1.559294 -0.148788
v 0.157580 1.273808 -0.151387
v 0.003507 1.582891 -0.123666
v 0.174341 1.376681 -0.133989
v 0.155078 1.571939 -0.128009
v 0.006908 1.382416 -0.121906
v 0.024737 1.571082 -0.149044
v 0.045939 1.283987 -0.155885
v 0.170104 1.306865 -0.130731
v 0.013275 1.314109 -0.125670
v 0.162449 0.919658 -0.126297
v 0.157245 0.966627 -0.154700
v 0.157456 0.934363 -0.164709
v 0.134236 0.931885 -0.186874
v 0.091849 0.194365 -0.136257
v 0.112334 0.513381 -0.166939
v 0.089001 0.319205 -0.155807
v 0.139730 0.649610 -0.175642
v 0.158207 0.833757 -0.176890
v 0.161330 0.961277 -0.124132
v 0.154157 1.199807 -0.146316
v 0.152484 0.989761 -0.145083
v 0.148623 1.098645 -0.139957
v 0.153561 1.013779 -0.126243
v 0.149775 1.014790 -0.141408
v 0.010246 1.119275 -0.136065
v 0.019457 1.046526 -0.092737
v 0.017075 1.041716 -0.122664
v 0.137257 1.061593 -0.028168
v 0.162846 1.157270 -0.016665
v 0.093908 1.934472 0.070673
v 0.090879 1.821555 0.070986
v 0.027611 1.371660 0.010479
v 0.084082 1.758902 0.069784
v 0.114574 0.934482 -0.036925
v 0.106562 0.956778 -0.019017
v 0.053915 0.932674 -0.032500
v 0.067778 0.958940 -0.013878
v 0.126799 1.618727 0.077047
v 0.072182 1.405569 0.065102
v 0.099953 1.513552 0.083836
v 0.060269 1.538268 0.077057
v 0.046553 1.441992 0.051337
v 0.076651 1.306748 0.059007
v 0.043148 1.291039 0.050844
v 0.017728 1.235185 -0.072973
v 0.013040 1.611402 0.010525
v 0.011028 1.679019 0.020222
v 0.006123 1.536973 0.010127
v 0.065658 1.188264 -0.157317
v 0.002219 1.463482 -0.065404
v 0.011999 1.456336 -0.009849
v 0.025195 1.451696 0.030672
v 0.025520 1.539946 0.059732
v 0.012179 1.134167 -0.097682
v 0.018877 1.144161 -0.075363
v 0.011408 1.060148 -0.061392
v 0.160247 1.258493 0.009890
v 0.115640 1.228143 0.027153
v 0.069379 1.210619 0.031371
v 0.039027 1.204575 0.023545
v 0.154379 1.295118 0.030139
v 0.113777 1.263317 0.044673
v 0.070996 1.244849 0.049160
v 0.040002 1.236542 0.042675
v 0.022049 1.005067 -0.051633
v 0.015671 0.947469 -0.101309
v 0.009917 1.720232 0.057512
v 0.061280 1.795057 0.072826
v 0.055493 1.625780 0.075018
v 0.044259 1.694012 0.067761
v 0.037028 1.761635 0.070961
v 0.153327 1.869659 0.043925
v 0.165137 1.716356 0.042646
v 0.165961 1.992482 0.050871
v 0.197880 1.543579 0.040898
v 0.165246 2.053622 0.057669
v 0.154131 1.793232 0.041084
v 0.006462 1.777881 -0.146219
v 0.050554 1.790895 -0.146806
v 0.120534 1.809146 -0.135650
v 0.099718 0.128808 -0.115865
v 0.089774 0.141672 -0.154476
v 0.063709 0.376138 -0.077418
v 0.101734 0.825779 -0.035188
v 0.086044 0.696531 -0.051464
v 0.073432 0.525899 -0.069764
v 0.022652 0.308745 -0.111418
v 0.032696 0.671948 -0.093282
v 0.010551 0.810097 -0.082281
v 0.037933 0.518525 -0.108236
v 0.092449 0.053035 -0.134961
v 0.101419 1.391016 -0.167499
v 0.102831 1.277664 -0.160539
v 0.087245 1.560072 -0.160814
v 0.125766 1.628476 -0.139217
v 0.143192 1.632637 -0.118000
v 0.083927 1.627548 -0.146593
v 0.137483 1.689913 -0.119628
v 0.024596 1.631430 -0.141440
v 0.007080 1.636994 -0.125040
v 0.007453 1.647944 -0.092427
v 0.056247 2.469193 0.170465
v 0.085719 2.471008 0.164934
v 0.061531 2.151486 0.134589
v 0.023794 3.202917 0.116696
v 0.023061 3.172938 0.111885
v 0.019945 3.281205 0.124884
v 0.024673 3.277355 0.118069
v 0.006271 3.341668 0.136692
v 0.019170 3.305334 0.129550
v 0.012416 3.296996 0.128424
v 0.018520 3.314594 0.124605
v 0.016463 3.320516 0.116639
v 0.008374 3.323174 0.134733
v 0.011505 3.322846 0.122115
v 0.012045 3.309128 0.137102
v 0.010423 3.318758 0.135528
v 0.006105 3.321074 0.141285
v 0.005603 3.320635 0.146309
v 0.007175 3.309319 0.144380
v 0.005183 3.309440 0.147021
v 0.004864 3.302934 0.142476
v 0.011973 3.304191 0.133891
v 0.015827 3.339565 0.111761
v 0.174773 2.735835 0.146164
v 0.156595 2.734749 0.154756
v 0.123526 2.732451 0.165234
v 0.030554 2.848850 0.120273
v 0.150958 2.808986 0.128086
v 0.081540 2.792645 0.150991
v 0.022673 2.783175 0.148898
v 0.049771 2.788980 0.150815
v 0.182722 2.815191 0.109806
v 0.252477 2.829509 0.040038
v 0.110996 2.800315 0.143750
v 0.233058 2.829154 0.059630
v 0.141666 2.906247 0.070664
v 0.263233 2.708161 -0.142808
v 0.273947 2.726330 -0.070216
v 0.284289 2.731662 -0.034689
v 0.327718 2.906075 -0.020967
v 0.330400 2.948366 -0.072106
v 0.323300 2.949374 -0.127917
v 0.274448 2.747189 -0.184376
v 0.292926 2.755236 0.002768
v 0.311876 2.850867 -0.004672
v 0.306002 2.869344 -0.177122
v 0.278647 2.798581 -0.193236
v 0.275093 2.814618 0.020017
v 0.099053 2.905346 0.081012
v 0.090892 2.969184 0.039668
v 0.225391 2.852716 0.052050
v 0.062052 2.900742 0.090834
v 0.105480 2.858093 0.112915
v 0.237518 2.899602 0.010575
v 0.132115 2.979716 -0.003528
v 0.212009 2.823065 0.082061
v 0.226437 2.742288 0.106063
v 0.207687 2.907311 0.030096
v 0.201556 2.855192 0.071191
v -0.045560 2.493669 -0.158025
v -0.060347 2.599490 -0.180963
v -0.151394 2.553392 -0.164856
v -0.122113 2.474417 -0.137208
v -0.072320 2.621206 0.178445
v 0.000000 2.712573 0.164017
v 0.000000 2.638168 0.179636
v -0.069511 3.042823 -0.149193
v -0.068350 2.987933 -0.172387
v 0.000000 2.914252 -0.182184
v 0.000000 3.020637 -0.140202
v -0.182772 3.057791 -0.115321
v -0.198693 2.761374 -0.207469
v -0.075440 2.804406 -0.220845
v -0.082181 2.728234 -0.216289
v -0.202930 2.720095 -0.196125
v 0.000000 2.282730 -0.103005
v 0.000000 2.383900 -0.104125
v -0.060914 2.377678 -0.116303
v -0.056044 2.292324 -0.094275
v -0.034578 2.897344 0.098108
v -0.057529 2.963549 0.056675
v 0.000000 2.969790 0.050165
v 0.000000 2.891529 0.095630
v -0.131296 2.220210 0.084099
v -0.137246 2.319422 0.082047
v -0.080129 2.331526 0.152558
v -0.072319 2.222887 0.135538
v -0.157928 2.220432 -0.094026
v -0.153468 2.281142 -0.081630
v -0.180211 2.318058 0.007421
v -0.195472 2.214422 0.010191
v -0.249264 2.536726 -0.028767
v -0.216261 2.489901 -0.106474
v -0.237865 2.608183 -0.140330
v -0.263527 2.609888 -0.046095
v -0.036543 3.592527 -0.009540
v -0.035284 3.568711 0.035211
v -0.054091 3.505645 0.022965
v -0.061086 3.523138 -0.014431
v -0.192749 2.407183 -0.003808
v -0.184413 2.470277 0.089792
v -0.394527 2.812896 -0.034569
v -0.276807 2.934309 -0.020391
v -0.280500 2.761426 0.023357
v -0.314801 2.729435 -0.004024
v -0.399255 2.844059 -0.073982
v -0.277472 2.990488 -0.064377
v -0.394832 2.844663 -0.123654
v -0.272822 2.991277 -0.120071
v -0.300444 2.724023 -0.186391
v -0.237629 2.762305 -0.198643
v -0.276805 2.670620 -0.138596
v -0.247866 2.696467 -0.158498
v -0.287943 2.680959 -0.070814
v -0.265540 2.673147 -0.064294
v -0.298294 2.715725 -0.034894
v -0.276572 2.722300 0.004418
v -0.330337 2.317790 -0.023484
v -0.391729 2.340866 -0.040304
v -0.386872 2.579755 -0.010843
v -0.347071 2.569541 -0.007147
v -0.397285 2.344516 -0.062827
v -0.414853 2.581069 -0.080637
v -0.398871 2.567213 -0.174576
v -0.334487 2.506730 -0.180712
v -0.281018 2.322146 -0.107124
v -0.273376 2.495931 -0.129833
v -0.285242 2.292896 -0.054982
v -0.286648 2.532566 -0.063686
v -0.307167 2.319643 -0.022638
v -0.309431 2.559050 -0.012331
v -0.345401 2.059235 0.016866
v -0.370621 2.068550 0.013091
v -0.384574 2.176649 0.001772
v -0.355601 2.175009 0.015831
v -0.386566 2.074249 -0.013397
v -0.411063 2.190093 -0.031077
v -0.377369 2.071701 -0.048318
v -0.401559 2.203727 -0.083847
v -0.355184 2.061369 -0.076457
v -0.362789 2.193536 -0.111795
v -0.313928 2.052420 -0.065902
v -0.300283 2.162725 -0.097736
v -0.303726 2.034154 -0.033488
v -0.291473 2.133662 -0.035074
v -0.316641 2.042476 0.004229
v -0.310791 2.145948 0.002978
v -0.325889 1.956496 0.018148
v -0.345357 1.967091 0.021116
v -0.359306 1.969729 0.001076
v -0.351401 1.953617 -0.026258
v -0.337683 1.939566 -0.041441
v -0.318793 1.937766 -0.037919
v -0.305871 1.933885 -0.022774
v -0.309602 1.944678 0.004528
v -0.137654 3.087876 -0.104754
v -0.151343 3.060593 -0.034767
v -0.189810 3.042355 -0.047940
v -0.132863 2.966476 0.021927
v -0.084816 2.988273 0.007668
v -0.073237 3.431830 -0.080379
v -0.046955 3.449646 -0.116512
v -0.040648 3.522167 -0.093845
v -0.069695 3.471882 -0.070268
v 0.000000 2.485765 -0.136549
v 0.000000 2.615580 -0.164431
v 0.000000 2.824793 -0.195140
v 0.000000 2.744210 -0.190121
v -0.178835 2.376164 -0.079548
v -0.185349 2.904002 0.051053
v -0.253750 2.713968 0.065093
v 0.000000 2.327929 0.155780
v -0.097944 2.507784 0.174005
v 0.000000 2.540776 0.182743
v 0.000000 3.581208 0.038839
v 0.000000 3.608001 -0.007517
v 0.000000 2.978567 0.032223
v 0.000000 3.530511 -0.096954
v 0.000000 3.456611 -0.126802
v -0.358930 1.741291 0.028705
v -0.348927 1.796049 0.021057
v -0.332448 1.776652 0.044283
v -0.353108 1.713734 0.050238
v -0.357742 1.740711 0.000947
v -0.348279 1.797357 -0.003554
v -0.347111 1.734765 -0.018044
v -0.335657 1.783328 -0.012185
v -0.325552 1.752609 -0.021696
v -0.324617 1.777791 -0.014269
v -0.316643 1.734601 -0.004064
v -0.315090 1.776883 -0.007634
v -0.290356 1.715647 0.048669
v -0.314637 1.696865 0.071274
v -0.313825 1.756105 0.049403
v -0.304880 1.768060 0.019656
v -0.381486 1.651510 0.058714
v -0.399803 1.604231 0.064217
v -0.405700 1.616524 0.032818
v -0.386784 1.667563 0.030381
v -0.380076 1.680889 0.001607
v -0.399524 1.627940 -0.001786
v -0.390449 1.639485 -0.020368
v -0.367133 1.688455 -0.023303
v -0.377511 1.638139 -0.024943
v -0.352796 1.686177 -0.027604
v -0.386031 1.617916 -0.006555
v -0.342847 1.674864 -0.010959
v -0.393816 1.605011 0.026109
v -0.343387 1.669631 0.018572
v -0.415245 1.466420 0.033078
v -0.422304 1.453656 0.038553
v -0.416713 1.450369 0.049265
v -0.410038 1.462704 0.043511
v -0.340438 1.688318 0.066277
v -0.329359 1.665907 0.068146
v -0.304847 1.599160 0.059973
v -0.311490 1.597310 0.070643
v -0.303868 1.599559 0.073715
v -0.294147 1.602829 0.062756
v -0.319923 1.702471 0.015662
v -0.311666 1.679043 0.043839
v -0.413936 1.490120 -0.005764
v -0.413893 1.485164 0.005303
v -0.406458 1.497551 0.005951
v -0.406828 1.501958 -0.007519
v -0.358457 1.647256 0.074648
v -0.382000 1.606256 0.083430
v -0.422404 1.453798 0.085442
v -0.429392 1.450642 0.089976
v -0.423224 1.449505 0.100453
v -0.414837 1.454532 0.094426
v -0.386671 1.561391 -0.022382
v -0.386647 1.563625 -0.031106
v -0.394398 1.548093 -0.031023
v -0.393243 1.549079 -0.022870
v -0.432721 1.547416 0.048491
v -0.429900 1.539783 0.064210
v -0.420453 1.551697 0.041087
v -0.415628 1.541465 0.058509
v -0.387662 1.590097 0.057652
v -0.412623 1.568611 0.018357
v -0.417037 1.570919 0.002314
v -0.431067 1.554603 0.019387
v -0.430047 1.560748 0.005504
v -0.422652 1.545483 0.088053
v -0.414217 1.539726 0.102110
v -0.412396 1.542799 0.081780
v -0.406087 1.540892 0.091519
v -0.368301 1.602103 0.075921
v -0.397544 1.598391 -0.027482
v -0.408722 1.596391 -0.025895
v -0.398946 1.593668 -0.015164
v -0.411163 1.587386 -0.014460
v -0.431331 1.482827 0.059023
v -0.436697 1.489404 0.044958
v -0.425391 1.494755 0.040198
v -0.417338 1.488792 0.052281
v -0.420152 1.521320 0.010645
v -0.423624 1.528763 -0.000400
v -0.430920 1.510026 0.011879
v -0.430188 1.514492 0.000379
v -0.431967 1.478666 0.090242
v -0.421810 1.477328 0.103976
v -0.422006 1.484635 0.085230
v -0.413417 1.485339 0.094730
v -0.394752 1.577513 -0.028745
v -0.407087 1.570432 -0.029721
v -0.393022 1.575971 -0.020337
v -0.407775 1.565030 -0.020252
v -0.313179 1.826760 0.038661
v -0.327495 1.834399 0.038467
v -0.340530 1.840069 0.016140
v -0.341411 1.829666 -0.009029
v -0.334082 1.811813 -0.021488
v -0.318357 1.803834 -0.019872
v -0.307448 1.813994 -0.002017
v -0.302352 1.816800 0.023274
v -0.316354 1.633910 0.069152
v -0.308390 1.638207 0.055185
v -0.292497 1.644369 0.057711
v -0.304923 1.637344 0.074969
v -0.339474 1.645001 0.070475
v -0.338223 1.652172 0.044457
v -0.346556 2.287702 -0.016529
v -0.392139 2.292668 -0.026830
v -0.404047 2.278552 -0.048005
v -0.397216 2.274432 -0.099617
v -0.340501 2.255310 -0.128146
v -0.291466 2.227504 -0.113350
v -0.281566 2.218738 -0.043995
v -0.300524 2.247596 -0.008081
v -0.206478 2.619180 0.107826
v -0.072365 2.070861 -0.119375
v -0.011082 1.936692 -0.150264
v 0.000000 1.934109 -0.131340
v 0.000000 2.065166 -0.118248
v -0.055507 2.063079 0.119702
v -0.035959 1.841922 0.072614
v -0.138273 1.973140 0.068697
v -0.173976 2.004319 0.005479
v -0.182831 2.102351 0.006959
v -0.158901 2.140743 -0.110672
v -0.148656 1.962886 -0.089736
v 0.000000 2.059544 0.124445
v 0.000000 1.872391 0.091741
v 0.000000 1.770724 0.056844
v -0.004805 1.771157 0.057158
v -0.008136 1.838170 -0.145926
v -0.003249 1.705133 -0.047054
v 0.000000 1.721701 -0.041607
v -0.130702 1.862136 0.063237
v -0.165082 1.880296 -0.000992
v -0.157887 1.817854 -0.079465
v -0.070688 1.727478 -0.143867
v -0.013983 1.673774 0.059141
v -0.007345 1.721175 -0.147148
v -0.008832 1.678898 -0.037256
v -0.068277 3.210311 0.052419
v -0.042729 3.178935 0.052717
v -0.070244 3.220838 0.012780
v -0.078104 3.232619 0.029221
v -0.020223 3.165185 0.055930
v 0.000000 3.160097 0.063614
v 0.000000 3.154070 0.031727
v -0.020071 3.157930 0.031043
v 0.000000 3.367003 -0.133015
v -0.051516 3.366285 -0.125277
v -0.048396 3.310055 -0.116215
v 0.000000 3.309763 -0.124313
v 0.000000 3.221155 -0.094382
v -0.040089 3.223932 -0.088632
v -0.037969 3.181922 -0.090911
v 0.000000 3.176006 -0.092624
v 0.000000 3.085771 -0.115156
v -0.051506 3.100846 -0.117356
v -0.074963 3.367788 -0.089799
v -0.076399 3.317815 -0.079472
v -0.062695 3.227751 -0.054395
v -0.065323 3.181998 -0.061045
v -0.104435 3.121639 -0.082627
v -0.076482 3.432399 -0.035491
v -0.082415 3.369711 -0.050794
v -0.082086 3.137673 -0.069374
v -0.071797 3.151043 -0.030004
v -0.080751 3.107051 -0.030491
v -0.096257 3.093196 -0.028090
v 0.000000 3.034177 0.028317
v 0.000000 3.135381 -0.096715
v -0.046815 3.136471 -0.099224
v -0.021906 3.081695 0.022590
v 0.000000 3.081635 0.034655
v -0.071978 3.276106 -0.058937
v -0.081552 3.328766 -0.052775
v -0.079219 3.291044 -0.035217
v -0.036030 3.573457 -0.056600
v 0.000000 3.588986 -0.058246
v -0.067829 3.501960 -0.051085
v -0.073529 3.450273 -0.002237
v -0.098089 3.358418 -0.019348
v -0.093918 3.376572 -0.015570
v -0.087903 3.372427 -0.006991
v -0.088645 3.354434 -0.008814
v -0.094881 3.309222 -0.006130
v -0.098370 3.335291 -0.015912
v -0.090541 3.333533 -0.004034
v -0.089065 3.311172 0.002322
v -0.080683 3.281292 0.020068
v -0.081951 3.264739 0.024302
v -0.074548 3.246176 0.008829
v -0.073026 3.266525 0.007772
v -0.080503 3.361347 0.021702
v -0.079197 3.387502 0.012797
v -0.067181 3.432269 0.035258
v -0.073210 3.383001 0.049604
v -0.081000 3.285381 0.040554
v -0.080212 3.264149 0.041053
v -0.086223 3.317799 0.028430
v -0.084259 3.341884 0.029088
v -0.076646 3.349942 0.056783
v -0.074187 3.321662 0.059246
v -0.083568 3.320538 0.039228
v -0.092368 3.386881 -0.017446
v -0.099342 3.361927 -0.028958
v -0.080911 3.364658 -0.032506
v -0.075541 3.393543 -0.019221
v -0.094053 3.303714 -0.012631
v -0.079719 3.300864 -0.013629
v -0.084080 3.333291 -0.030722
v -0.101395 3.334980 -0.028016
v -0.084398 3.287477 0.008203
v -0.080465 3.288412 0.011854
v -0.076201 3.282299 0.003571
v -0.080638 3.278348 -0.002621
v -0.088317 3.283564 -0.002062
v -0.085102 3.299063 0.017445
v -0.088095 3.316398 0.018830
v -0.082984 3.295661 0.025082
v -0.087086 3.339169 0.016126
v -0.083383 3.353247 0.012431
v -0.088672 3.387678 -0.005044
v -0.077800 3.397190 -0.002760
v -0.082026 3.299498 0.041529
v -0.088520 3.311600 0.011050
v -0.089122 3.301593 0.012676
v -0.090986 3.296777 0.007152
v -0.087730 3.349511 0.004245
v -0.088203 3.331965 0.007076
v -0.084831 3.371707 0.004957
v 0.000000 3.264373 -0.099744
v -0.044085 3.267627 -0.091393
v -0.092673 3.293223 0.000617
v -0.074516 3.295807 0.059216
v -0.087692 3.361868 0.001916
v -0.069438 3.257109 0.061170
v -0.067968 3.235924 0.058646
v -0.077412 3.243658 0.039834
v -0.056436 2.195998 -0.109111
v 0.000000 2.181798 -0.109799
v 0.000000 2.223175 0.141541
v -0.138622 0.993630 -0.049319
v -0.144883 1.107956 -0.024723
v -0.088279 1.069925 0.007368
v -0.091588 0.909977 -0.022577
v -0.150176 0.999550 -0.090049
v -0.151016 1.094406 -0.082351
v -0.153563 0.981532 -0.126450
v -0.154576 1.093025 -0.118308
v -0.106438 0.994440 -0.176040
v -0.105079 1.096884 -0.165378
v -0.036465 1.048646 -0.015559
v -0.032923 0.959133 -0.055402
v -0.051994 1.094055 -0.159320
v -0.049031 0.992241 -0.165114
v -0.094610 0.023447 0.106146
v -0.073832 0.023307 0.113631
v -0.073176 0.000000 0.112115
v -0.092391 0.002537 0.105009
v -0.118360 0.019828 0.071821
v -0.107715 0.020784 0.081382
v -0.106544 0.000443 0.078731
v -0.117402 0.000650 0.067124
v -0.101570 0.039940 -0.098429
v -0.099589 0.137617 -0.136247
v -0.090073 0.172745 -0.112266
v -0.080292 0.173744 -0.097768
v -0.067415 0.078202 -0.187242
v -0.069192 0.153400 -0.173207
v -0.067795 0.000000 0.119893
v -0.066791 0.040929 0.122748
v -0.044328 0.041807 0.125399
v -0.041742 0.000000 0.119379
v -0.029328 0.080036 -0.181251
v -0.020004 0.127294 -0.135575
v -0.010415 0.198008 -0.137083
v -0.031718 0.152184 -0.170387
v -0.032672 0.153469 -0.034104
v -0.019467 0.186929 -0.088982
v -0.054336 0.377343 -0.081765
v -0.085798 0.360639 -0.095908
v -0.101222 0.517050 -0.095060
v -0.063869 0.528122 -0.075794
v -0.095136 0.341574 -0.114107
v -0.114942 0.511471 -0.119212
v -0.095499 0.321424 -0.134453
v -0.123004 0.508778 -0.143613
v -0.069422 0.321052 -0.175142
v -0.091155 0.552603 -0.195346
v -0.044142 0.519236 -0.100982
v -0.026986 0.316453 -0.103128
v -0.035088 0.313279 -0.168841
v -0.020358 0.305216 -0.137624
v -0.027178 0.538446 -0.136796
v -0.026278 0.553254 -0.178513
v -0.049987 0.157484 -0.038434
v -0.079967 0.150905 -0.041745
v -0.072107 0.190100 -0.082469
v -0.043645 0.187186 -0.080300
v -0.104224 1.158497 0.027047
v -0.144660 1.166088 0.016499
v -0.182009 1.207346 -0.055463
v -0.166119 1.209274 -0.118520
v -0.112239 1.192408 -0.153259
v -0.024661 1.152845 0.013402
v -0.026752 1.185963 -0.144812
v -0.012135 1.213972 -0.111622
v -0.085091 0.828948 -0.039028
v -0.132072 0.815981 -0.066735
v -0.153551 0.820935 -0.101359
v -0.165046 0.828644 -0.142375
v -0.122281 0.836729 -0.231171
v -0.027416 0.828361 -0.069443
v -0.014918 0.818695 -0.197026
v -0.003023 0.812020 -0.102916
v -0.099596 0.052696 0.037793
v -0.094961 0.082277 0.002495
v -0.080519 0.099002 0.003999
v -0.081948 0.056257 0.059768
v -0.112985 0.052234 0.015116
v -0.107039 0.077005 -0.014998
v -0.127003 0.043970 -0.004771
v -0.127670 0.002531 0.006134
v -0.124524 0.000000 -0.037378
v -0.126086 0.042676 -0.030824
v -0.029987 0.003666 -0.000093
v -0.030689 0.000000 0.052222
v -0.033151 0.065388 0.055967
v -0.034604 0.074778 0.024791
v -0.059636 0.062420 0.060756
v -0.056373 0.103605 0.010036
v -0.068570 0.000000 -0.181947
v -0.028607 0.000000 -0.176039
v -0.094111 0.000000 -0.142697
v -0.111121 0.000643 -0.084516
v -0.033477 0.045221 -0.065364
v -0.025802 -0.000636 -0.134064
v -0.120896 0.677307 -0.084356
v -0.077456 0.689518 -0.060715
v -0.135329 0.663457 -0.113295
v -0.144105 0.643800 -0.146880
v -0.115790 0.692006 -0.228593
v -0.042942 0.680037 -0.086223
v -0.017116 0.663821 -0.116097
v -0.015637 0.666615 -0.196809
v -0.103963 1.365440 0.063693
v -0.174073 1.406167 0.045941
v -0.168381 1.575732 0.068277
v -0.082185 1.639074 0.075628
v -0.208520 1.392882 -0.015853
v -0.202715 1.572095 0.000137
v -0.194629 1.373466 -0.103575
v -0.190336 1.577364 -0.096173
v -0.169807 1.370688 -0.159234
v -0.030508 1.308492 0.018596
v -0.031128 1.380292 -0.156145
v -0.006576 1.369902 -0.051579
v -0.003951 1.541174 -0.046722
v -0.137048 1.718180 0.069406
v -0.177004 1.713818 0.000291
v -0.166604 1.713461 -0.089731
v -0.098092 1.683262 -0.132492
v -0.019560 1.616711 0.059218
v -0.008032 1.613221 -0.039253
v -0.014620 1.680870 -0.132210
v -0.063838 0.000000 0.064687
v -0.078804 0.000000 0.030298
v -0.083765 0.000000 0.055704
v -0.066389 0.020880 0.081001
v -0.067000 0.050177 0.092918
v -0.034312 0.014682 0.078192
v -0.036839 0.047456 0.094952
v -0.107943 0.001825 0.085632
v -0.109014 0.020183 0.089957
v -0.095144 0.018274 0.096784
v -0.093538 0.001542 0.094239
v -0.112749 0.001858 0.049575
v -0.123160 0.002070 0.045178
v -0.125117 0.019020 0.047762
v -0.115404 0.021436 0.052953
v -0.071099 0.021401 0.085499
v -0.087765 0.021743 0.075577
v -0.069406 0.054147 0.086579
v -0.087572 0.052065 0.081408
v -0.100230 0.010541 0.055444
v -0.099059 0.001544 0.034351
v -0.112011 0.001787 0.020487
v -0.112387 0.010158 0.042711
v -0.101795 0.045260 0.062296
v -0.114081 0.043231 0.049905
v -0.100938 0.050350 0.063703
v -0.088911 0.051693 0.079987
v -0.098220 0.027970 0.055700
v -0.127114 0.036743 0.024945
v -0.114635 0.038210 0.040637
v -0.127729 0.008827 0.021847
v -0.115211 0.012482 0.035997
v -0.099807 0.001519 0.013064
v -0.097673 -0.001161 -0.011739
v -0.061643 0.000000 0.007946
v -0.061281 3.377599 0.076921
v -0.062286 3.344875 0.090980
v -0.055095 3.271709 0.086381
v -0.053751 3.245798 0.085209
v -0.024549 3.340476 0.104626
v -0.039563 3.380992 0.088851
v 0.000000 3.380994 0.112404
v 0.000000 3.359706 0.127039
v -0.061633 3.313716 0.092370
v -0.044100 3.275762 0.101940
v -0.031507 3.322770 0.105303
v -0.049363 3.486837 0.051545
v -0.060317 3.389258 0.081215
v 0.000000 3.296048 0.133484
v -0.036099 3.509959 0.072030
v -0.046149 3.412513 0.099137
v 0.000000 3.513266 0.077202
v 0.000000 3.406598 0.109936
v -0.052368 3.192608 0.076041
v -0.012959 3.169594 0.121735
v -0.024963 3.171541 0.079451
v 0.000000 3.169455 0.122790
v 0.000000 3.161500 0.084089
v -0.050127 3.221651 0.088434
v -0.014652 3.199700 0.127299
v 0.000000 3.200130 0.128845
v 0.000000 3.328635 0.143105
v -0.005643 3.328299 0.142410
v -0.005701 3.359563 0.126125
v -0.019810 3.310497 0.118502
v -0.014925 3.358614 0.106664
v -0.013620 3.235854 0.127598
v -0.018317 3.298272 0.124403
v -0.011212 3.378987 0.096571
v -0.005821 3.381968 0.111617
v -0.029809 3.291916 0.113870
v 0.000000 3.245605 0.126552
v 0.000000 3.235177 0.129138
v 0.000000 3.262440 0.133934
v -0.018279 3.258820 0.122832
v -0.012404 3.247297 0.124298
v -0.032415 3.248781 0.108661
v 0.000000 3.284813 0.131298
v -0.014840 3.219402 0.119107
v 0.000000 3.218577 0.119858
v -0.028454 3.248089 0.104079
v -0.011018 3.252136 0.114812
v -0.017093 3.244368 0.105352
v 0.000000 3.245211 0.113084
v 0.000000 3.250298 0.115726
v -0.026257 3.252567 0.115120
v -0.020862 3.246830 0.104599
v -0.021227 3.239753 0.122732
v -0.019210 3.247736 0.120122
v -0.017641 3.252148 0.113882
v -0.026816 3.243658 0.113173
v -0.024532 3.247447 0.114540
v -0.021842 3.250514 0.111711
v -0.021165 3.220488 0.114923
v -0.008685 3.265095 0.134768
v -0.009238 3.283893 0.131404
v -0.007806 3.295582 0.132446
v -0.032596 3.229975 0.107463
v -0.032518 3.206940 0.103338
v -0.033690 3.179577 0.099206
v 0.000000 3.253487 0.128000
v -0.006787 3.254199 0.126146
v -0.017112 3.253990 0.120056
v -0.023236 3.250098 0.114500
v -0.009867 3.407552 0.108823
v -0.041151 3.240036 0.099901
v -0.016530 3.574960 0.037187
v -0.017254 3.513441 0.075465
v -0.022555 2.718374 0.168304
v -0.046944 2.720470 0.172102
v -0.211041 2.638910 0.134961
v -0.248588 2.718485 0.086832
v -0.099878 2.631193 0.182237
v -0.267020 2.747036 0.054729
v -0.149269 2.858482 0.098904
v -0.065074 2.857734 0.118268
v -0.252443 2.745486 0.081627
v -0.092642 2.729254 0.171749
v -0.227458 2.709513 0.112194
v -0.188041 2.669209 0.154620
v -0.161994 2.665715 0.169025
v -0.171627 2.603844 0.137534
v -0.182286 2.624632 0.155380
v -0.128042 2.673387 0.176687
v -0.050964 2.642496 0.181361
v -0.064973 2.654971 0.183062
v -0.268535 2.666563 0.010046
v -0.247445 2.557150 0.036786
v -0.235706 2.661114 0.086695
v -0.233804 2.669694 0.110403
v -0.213495 2.688138 0.133574
v -0.258245 2.611890 0.024886
v 0.000000 2.627610 0.179117
v -0.140015 2.601475 0.156391
v -0.152245 2.624795 0.172829
v -0.204200 2.739558 0.126936
v -0.139055 2.481187 0.145969
v 0.000000 2.675067 0.171018
v -0.026270 2.672417 0.177972
v -0.051403 2.672266 0.181581
v -0.095632 2.688527 0.181381
v -0.061278 2.540341 0.183235
v -0.026506 0.000000 0.019988
v -0.339266 2.425242 -0.157961
v -0.365850 2.450337 -0.019486
v -0.389677 2.427935 -0.074906
v -0.290712 2.422446 -0.063857
v -0.279026 2.391174 -0.115413
v -0.336209 2.443378 -0.011859
v -0.308370 2.435708 -0.013997
v -0.380917 2.435823 -0.120908
v 0.000000 2.404233 0.172077
v -0.072335 2.401672 0.163780
v -0.133607 2.400480 0.100418
v -0.060651 2.996610 0.031349
v -0.060383 3.035658 0.015106
v -0.061227 3.102968 0.001356
v -0.068987 3.152023 -0.007057
v -0.074906 3.204175 -0.014383
v -0.077730 3.261715 -0.025124
v -0.015551 2.969784 0.050379
v -0.025500 3.006501 0.038715
v -0.029377 3.041828 0.030514
v -0.044944 3.114699 0.019352
v -0.058018 3.161248 0.012320
v -0.041291 3.182727 0.019818
v -0.077732 3.235379 -0.018733
v -0.077138 3.242311 0.002821
v -0.073990 3.216224 0.006817
v -0.017773 3.038467 0.023873
v -0.011984 2.985885 0.035085
v -0.061053 3.066162 0.008213
v -0.036267 3.078886 0.024206
v -0.130006 1.745880 -0.133113
v -0.112603 1.975854 -0.138060
v -0.035493 1.845529 -0.148342
v -0.114498 1.877913 -0.136973
v -0.126090 2.063540 -0.125540
v -0.306360 2.664097 -0.024478
v -0.277490 2.600134 -0.140249
v -0.325342 2.692852 -0.012423
v -0.409305 2.702929 -0.134480
v -0.290035 2.629622 -0.064345
v -0.415567 2.706385 -0.065539
v -0.327920 2.618050 -0.185696
v -0.369029 2.724062 -0.021481
v -0.076833 2.006291 0.078215
v -0.036903 1.948511 0.091267
v 0.000000 1.937567 0.095805
v -0.082203 1.982279 0.067648
v -0.107014 2.075888 0.088057
v -0.029526 1.873019 0.090598
v -0.155177 2.115357 0.077246
v -0.147545 2.056348 0.062044
v -0.115725 2.118264 0.088395
v 0.000000 1.724742 -0.124555
v -0.113597 2.404791 0.141847
v -0.309224 2.295903 -0.132071
v -0.340468 2.309190 -0.139409
v -0.341919 2.345486 -0.153238
v -0.296410 2.323082 -0.145261
v -0.297503 2.342916 -0.132483
v -0.348493 2.366401 -0.148600
v -0.348001 2.310320 -0.126088
v -0.344481 2.768579 -0.008384
v -0.183895 2.969390 -0.014907
v -0.238565 2.964299 -0.029577
v -0.269960 2.886701 -0.001277
v -0.183653 2.959570 -0.006195
v -0.361414 2.813518 -0.171831
v -0.249010 2.922399 -0.160022
v -0.197843 2.960275 -0.159983
v -0.063411 2.904875 -0.209873
v -0.132767 2.793909 -0.223988
v -0.148616 2.723691 -0.217473
v -0.116055 2.923714 -0.201468
v -0.232533 3.016119 -0.058559
v -0.223084 3.022954 -0.118674
v 0.000000 2.969356 -0.163229
v -0.384290 2.643265 -0.173953
v -0.322252 2.762240 -0.190907
v -0.236989 2.830590 -0.196787
v -0.182013 2.850421 -0.208113
v -0.342136 2.725926 -0.180904
v -0.395731 2.500989 -0.133197
v -0.336463 1.821953 -0.014992
v -0.322645 1.791627 -0.014342
v -0.313061 1.804568 -0.017833
v -0.335703 1.797154 -0.013913
v -0.339157 1.805118 -0.010070
v -0.313351 1.788588 -0.013951
v -0.329629 1.836936 -0.024955
v -0.318657 1.831932 -0.026176
v -0.357778 2.340810 -0.030819
v -0.372795 2.436364 -0.060676
v -0.387966 2.473341 -0.085465
v -0.301698 2.799931 0.000896
v -0.117637 2.628899 -0.194520
v -0.178328 2.651623 -0.197518
v -0.311612 1.794315 0.034792
v -0.328712 1.802585 0.041322
v -0.303702 1.787456 0.018102
v -0.384098 2.337136 -0.097587
v -0.355983 2.348319 -0.120032
v -0.369285 2.322653 -0.111220
v -0.359246 2.374585 -0.137397
v -0.359994 2.427401 -0.148957
v -0.369925 2.474820 -0.155817
v -0.285022 2.439306 -0.120173
v -0.297212 2.408467 -0.151009
v -0.297146 2.491769 -0.170760
v -0.417118 2.574369 -0.140729
v -0.088469 1.012179 -0.001332
v -0.056732 1.068307 0.006745
v -0.091223 1.108549 0.009592
v -0.122127 1.068784 0.003663
v -0.097184 1.015424 -0.000638
v -0.078566 1.014293 -0.001033
v -0.126992 1.106487 0.003381
v -0.052617 1.103432 0.008143
v -0.090806 1.123935 0.005268
v -0.134294 1.122747 -0.004886
v -0.047145 1.118817 0.003051
v -0.088221 1.038001 0.001841
v -0.109542 1.039884 -0.001246
v -0.116929 0.990816 -0.009400
v -0.065656 1.037874 0.003191
v -0.055644 0.984619 -0.010468
v -0.119609 1.018671 -0.007253
v -0.052487 1.015197 -0.010229
v -0.030829 1.106486 -0.013433
v -0.020733 1.218929 -0.029278
v -0.017886 1.148102 -0.047802
v -0.045067 1.134035 0.021273
v -0.021325 0.125336 -0.102804
v -0.142534 0.950680 -0.093185
v -0.131333 0.919834 -0.056409
v -0.126217 0.959480 -0.170181
v -0.095592 0.978145 -0.009413
v -0.085420 0.977410 -0.003904
v -0.078096 0.908958 -0.021870
v -0.093588 0.934302 -0.018674
v -0.080756 0.933610 -0.017299
v -0.140637 1.559294 -0.148788
v -0.157580 1.273808 -0.151387
v -0.003507 1.582891 -0.123666
v -0.174341 1.376681 -0.133989
v -0.155078 1.571939 -0.128009
v -0.006908 1.382416 -0.121906
v -0.024737 1.571082 -0.149044
v -0.045939 1.283987 -0.155885
v -0.170104 1.306865 -0.130731
v -0.013275 1.314109 -0.125670
v -0.162449 0.919658 -0.126297
v -0.157245 0.966627 -0.154700
v -0.157456 0.934363 -0.164709
v -0.134236 0.931885 -0.186874
v -0.091849 0.194365 -0.136257
v -0.112334 0.513381 -0.166939
v -0.089001 0.319205 -0.155807
v -0.139730 0.649610 -0.175642
v -0.158207 0.833757 -0.176890
v -0.161330 0.961277 -0.124132
v -0.154157 1.199807 -0.146316
v -0.152484 0.989761 -0.145083
v -0.148623 1.098645 -0.139957
v -0.153561 1.013779 -0.126243
v -0.149775 1.014790 -0.141408
v -0.010246 1.119275 -0.136065
v -0.019457 1.046526 -0.092737
v -0.017075 1.041716 -0.122664
v -0.137257 1.061593 -0.028168
v -0.162846 1.157270 -0.016665
v -0.093908 1.934472 0.070673
v -0.090879 1.821555 0.070986
v -0.027611 1.371660 0.010479
v -0.084082 1.758902 0.069784
v -0.114574 0.934482 -0.036925
v -0.106562 0.956778 -0.019017
v -0.053915 0.932674 -0.032500
v -0.067778 0.958940 -0.013878
v -0.126799 1.618727 0.077047
v -0.072182 1.405569 0.065102
v -0.099953 1.513552 0.083836
v -0.060269 1.538268 0.077057
v -0.046553 1.441992 0.051337
v -0.076651 1.306748 0.059007
v -0.043148 1.291039 0.050844
v -0.017728 1.235185 -0.072973
v -0.013040 1.611402 0.010525
v -0.011028 1.679019 0.020222
v -0.006123 1.536973 0.010127
v -0.065658 1.188264 -0.157317
v -0.002219 1.463482 -0.065404
v -0.011999 1.456336 -0.009849
v -0.025195 1.451696 0.030672
v -0.025520 1.539946 0.059732
v -0.012179 1.134167 -0.097682
v -0.018877 1.144161 -0.075363
v -0.011408 1.060148 -0.061392
v -0.160247 1.258493 0.009890
v -0.115640 1.228143 0.027153
v -0.069379 1.210619 0.031371
v -0.039027 1.204575 0.023545
v -0.154379 1.295118 0.030139
v -0.113777 1.263317 0.044673
v -0.070996 1.244849 0.049160
v -0.040002 1.236542 0.042675
v -0.022049 1.005067 -0.051633
v -0.015671 0.947469 -0.101309
v -0.009917 1.720232 0.057512
v -0.061280 1.795057 0.072826
v -0.055493 1.625780 0.075018
v -0.044259 1.694012 0.067761
v -0.037028 1.761635 0.070961
v -0.153327 1.869659 0.043925
v -0.165137 1.716356 0.042646
v -0.165961 1.992482 0.050871
v -0.197880 1.543579 0.040898
v -0.165246 2.053622 0.057669
v -0.154131 1.793232 0.041084
v -0.006462 1.777881 -0.146219
v -0.050554 1.790895 -0.146806
v -0.120534 1.809146 -0.135650
v -0.099718 0.128808 -0.115865
v -0.089774 0.141672 -0.154476
v -0.063709 0.376138 -0.077418
v -0.101734 0.825779 -0.035189
v -0.086044 0.696531 -0.051464
v -0.073432 0.525899 -0.069764
v -0.022652 0.308745 -0.111418
v -0.032696 0.671948 -0.093282
v -0.010551 0.810097 -0.082281
v -0.037933 0.518525 -0.108236
v -0.092449 0.053035 -0.134961
v -0.101419 1.391016 -0.167499
v -0.102831 1.277664 -0.160539
v -0.087245 1.560072 -0.160814
v -0.125766 1.628476 -0.139217
v -0.143192 1.632637 -0.118000
v -0.083927 1.627548 -0.146593
v -0.137483 1.689913 -0.119628
v -0.024596 1.631430 -0.141440
v -0.007080 1.636994 -0.125040
v -0.007453 1.647944 -0.092427
v 0.000000 2.473752 0.172269
v -0.056247 2.469193 0.170465
v -0.085719 2.471008 0.164934
v 0.000000 2.149863 0.142605
v -0.061531 2.151486 0.134589
v -0.023794 3.202917 0.116696
v -0.023061 3.172938 0.111885
v -0.019945 3.281205 0.124884
v -0.024673 3.277355 0.118069
v -0.006271 3.341668 0.136692
v 0.000000 3.342238 0.137129
v -0.019170 3.305334 0.129550
v -0.012416 3.296996 0.128424
v -0.018520 3.314594 0.124605
v -0.016463 3.320516 0.116639
v -0.008374 3.323174 0.134733
v -0.011505 3.322846 0.122115
v -0.012045 3.309128 0.137102
v -0.010423 3.318758 0.135528
v -0.006105 3.321074 0.141285
v 0.000000 3.320821 0.146989
v -0.005603 3.320635 0.146309
v 0.000000 3.301994 0.143055
v -0.007175 3.309319 0.144380
v 0.000000 3.309430 0.147538
v -0.005183 3.309440 0.147021
v -0.004864 3.302934 0.142476
v -0.011973 3.304191 0.133891
v -0.015827 3.339565 0.111761
v -0.174773 2.735835 0.146164
v -0.156595 2.734749 0.154756
v -0.123526 2.732451 0.165234
v 0.000000 2.841553 0.121575
v -0.030554 2.848850 0.120273
v -0.150958 2.808986 0.128086
v -0.081540 2.792645 0.150991
v -0.022673 2.783175 0.148898
v 0.000000 2.775494 0.144063
v -0.049771 2.788980 0.150815
v -0.182722 2.815191 0.109806
v -0.252477 2.829509 0.040038
v -0.110996 2.800315 0.143750
v -0.233058 2.829154 0.059630
v -0.141666 2.906247 0.070664
v -0.263233 2.708161 -0.142808
v -0.273947 2.726330 -0.070216
v -0.284289 2.731662 -0.034689
v -0.327718 2.906075 -0.020967
v -0.330400 2.948366 -0.072106
v -0.323300 2.949374 -0.127917
v -0.274447 2.747189 -0.184376
v -0.292926 2.755236 0.002768
v -0.311876 2.850867 -0.004672
v -0.306002 2.869344 -0.177122
v -0.278647 2.798581 -0.193236
v -0.275093 2.814618 0.020017
v -0.099053 2.905346 0.081012
v -0.090892 2.969184 0.039668
v -0.225391 2.852716 0.052050
v -0.062052 2.900742 0.090834
v -0.105480 2.858093 0.112915
v -0.237518 2.899602 0.010575
v -0.132115 2.979716 -0.003528
v -0.212009 2.823065 0.082061
v -0.226437 2.742288 0.106063
v -0.207687 2.907311 0.030096
v -0.201556 2.855192 0.071191
v 0.101795 0.045260 0.062296
v 0.101795 0.045260 0.062296
v 0.114081 0.043231 0.049905
v 0.114081 0.043231 0.049905
v 0.040648 3.522167 -0.093845
v 0.040648 3.522167 -0.093845
v 0.000000 3.530511 -0.096954
v 0.397544 1.598391 -0.027482
v 0.397544 1.598391 -0.027482
v 0.398946 1.593667 -0.015164
v 0.398946 1.593667 -0.015164
v 0.094053 3.303714 -0.012631
v 0.101395 3.334980 -0.028016
v 0.101395 3.334980 -0.028016
v 0.068277 3.210311 0.052419
v 0.078104 3.232619 0.029221
v 0.078104 3.232619 0.029221
v 0.316643 1.734601 -0.004064
v 0.316643 1.734601 -0.004064
v 0.342847 1.674863 -0.010959
v 0.324617 1.777790 -0.014269
v 0.324617 1.777790 -0.014269
v 0.324617 1.777790 -0.014269
v 0.315090 1.776883 -0.007634
v 0.315090 1.776883 -0.007634
v 0.115404 0.021436 0.052953
v 0.115404 0.021436 0.052953
v 0.114635 0.038210 0.040637
v 0.305871 1.933885 -0.022774
v 0.085102 3.299063 0.017445
v 0.082984 3.295661 0.025082
v 0.000000 2.065166 -0.118248
v 0.000000 2.065166 -0.118248
v 0.118360 0.019828 0.071821
v 0.118360 0.019828 0.071821
v 0.107715 0.020784 0.081382
v 0.107715 0.020784 0.081382
v 0.044328 0.041807 0.125399
v 0.044328 0.041807 0.125399
v 0.036839 0.047456 0.094952
v 0.084080 3.333291 -0.030722
v 0.084080 3.333291 -0.030722
v 0.082086 3.137673 -0.069374
v 0.082086 3.137673 -0.069374
v 0.082086 3.137673 -0.069374
v 0.046815 3.136471 -0.099224
v 0.046815 3.136471 -0.099224
v 0.348927 1.796049 0.021057
v 0.348927 1.796049 0.021057
v 0.348279 1.797357 -0.003554
v 0.348279 1.797357 -0.003554
v 0.345401 2.059235 0.016866
v 0.355601 2.175009 0.015831
v 0.081951 3.264739 0.024302
v 0.412396 1.542799 0.081780
v 0.412396 1.542799 0.081780
v 0.422006 1.484635 0.085230
v 0.125117 0.019020 0.047762
v 0.125117 0.019020 0.047762
v 0.067795 0.000000 0.119893
v 0.067795 0.000000 0.119893
v 0.041742 0.000000 0.119379
v 0.041742 0.000000 0.119379
v 0.311666 1.679043 0.043839
v 0.311666 1.679043 0.043839
v 0.311666 1.679043 0.043839
v 0.311666 1.679043 0.043839
v 0.308390 1.638207 0.055185
v 0.123160 0.002070 0.045178
v 0.123160 0.002070 0.045178
v 0.088317 3.283564 -0.002062
v 0.088317 3.283564 -0.002062
v 0.088317 3.283564 -0.002062
v 0.014652 3.199700 0.127299
v 0.014652 3.199700 0.127299
v 0.014652 3.199700 0.127299
v 0.000000 3.200130 0.128845
v 0.368302 1.602102 0.075921
v 0.339473 1.645001 0.070475
v 0.094610 0.023447 0.106146
v 0.094610 0.023447 0.106146
v 0.073832 0.023307 0.113631
v 0.073832 0.023307 0.113631
v 0.045560 2.493669 -0.158025
v 0.063838 0.000000 0.064687
v 0.063838 0.000000 0.064687
v 0.063838 0.000000 0.064687
v 0.063838 0.000000 0.064687
v 0.071099 0.021401 0.085499
v 0.071099 0.021401 0.085499
v 0.066389 0.020880 0.081001
v 0.066389 0.020880 0.081001
v 0.112749 0.001858 0.049575
v 0.112749 0.001858 0.049575
v 0.084398 3.287477 0.008203
v 0.080465 3.288412 0.011854
v 0.080465 3.288412 0.011854
v 0.281566 2.218738 -0.043995
v 0.182009 1.207346 -0.055463
v 0.208520 1.392882 -0.015853
v 0.100230 0.010541 0.055444
v 0.100230 0.010541 0.055444
v 0.112387 0.010158 0.042711
v 0.112387 0.010158 0.042711
v 0.408722 1.596391 -0.025895
v 0.408722 1.596391 -0.025895
v 0.407087 1.570432 -0.029721
v 0.407087 1.570432 -0.029721
v 0.422652 1.545483 0.088053
v 0.422652 1.545483 0.088053
v 0.431967 1.478666 0.090242
v 0.080683 3.281292 0.020068
v 0.073026 3.266525 0.007772
v 0.073026 3.266525 0.007772
v 0.067415 0.078202 -0.187242
v 0.067415 0.078202 -0.187242
v 0.067415 0.078202 -0.187242
v 0.029328 0.080036 -0.181251
v 0.029328 0.080036 -0.181251
v 0.048396 3.310055 -0.116215
v 0.048396 3.310055 -0.116215
v 0.044085 3.267627 -0.091393
v 0.044085 3.267627 -0.091393
v 0.330337 2.317790 -0.023484
v 0.307167 2.319643 -0.022638
v 0.307167 2.319643 -0.022638
v 0.399524 1.627940 -0.001786
v 0.399524 1.627940 -0.001786
v 0.386031 1.617916 -0.006555
v 0.386031 1.617916 -0.006555
v 0.386031 1.617916 -0.006555
v 0.386031 1.617916 -0.006555
v 0.068570 0.000000 -0.181947
v 0.068570 0.000000 -0.181947
v 0.094111 0.000000 -0.142697
v 0.406087 1.540891 0.091519
v 0.406087 1.540891 0.091519
v 0.127003 0.043970 -0.004771
v 0.126086 0.042676 -0.030824
v 0.126086 0.042676 -0.030824
v 0.069511 3.042823 -0.149193
v 0.095144 0.018274 0.096784
v 0.095144 0.018274 0.096784
v 0.093538 0.001542 0.094239
v 0.093538 0.001542 0.094239
v 0.046955 3.449646 -0.116512
v 0.046955 3.449646 -0.116512
v 0.051516 3.366285 -0.125277
v 0.109014 0.020183 0.089957
v 0.109014 0.020183 0.089957
v 0.100938 0.050350 0.063703
v 0.100938 0.050350 0.063703
v 0.122281 0.836729 -0.231171
v 0.122281 0.836729 -0.231171
v 0.122281 0.836729 -0.231171
v 0.115790 0.692006 -0.228593
v 0.429900 1.539783 0.064210
v 0.429900 1.539783 0.064210
v 0.431331 1.482827 0.059023
v 0.090073 0.172745 -0.112266
v 0.090073 0.172745 -0.112266
v 0.090073 0.172745 -0.112266
v 0.095499 0.321424 -0.134453
v 0.381486 1.651509 0.058714
v 0.399803 1.604231 0.064217
v 0.399803 1.604231 0.064217
v 0.399803 1.604231 0.064217
v 0.316641 2.042476 0.004229
v 0.309602 1.944678 0.004528
v 0.088911 0.051693 0.079987
v 0.088911 0.051693 0.079987
v 0.127670 0.002531 0.006134
v 0.124524 0.000000 -0.037378
v 0.079197 3.387502 0.012797
v 0.084831 3.371707 0.004957
v 0.420151 1.521320 0.010645
v 0.420151 1.521320 0.010645
v 0.423625 1.528762 -0.000400
v 0.423625 1.528762 -0.000400
v 0.190336 1.577364 -0.096173
v 0.166604 1.713461 -0.089731
v 0.166604 1.713461 -0.089731
v 0.000000 3.456611 -0.126802
v 0.083765 0.000000 0.055704
v 0.083765 0.000000 0.055704
v 0.083765 0.000000 0.055704
v 0.087765 0.021743 0.075577
v 0.087765 0.021743 0.075577
v 0.087765 0.021743 0.075577
v 0.087765 0.021743 0.075577
v 0.087765 0.021743 0.075577
v 0.416712 1.450369 0.049265
v 0.416712 1.450369 0.049265
v 0.069406 0.054147 0.086579
v 0.069406 0.054147 0.086579
v 0.087572 0.052065 0.081408
v 0.087572 0.052065 0.081408
v 0.411163 1.587386 -0.014460
v 0.411163 1.587386 -0.014460
v 0.000000 1.770724 0.056844
v 0.000000 1.770724 0.056844
v 0.000000 1.721701 -0.041607
v 0.060914 2.377678 -0.116303
v 0.059636 0.062420 0.060756
v 0.059636 0.062420 0.060756
v 0.059636 0.062420 0.060756
v 0.101569 0.039939 -0.098429
v 0.101569 0.039939 -0.098429
v 0.101569 0.039939 -0.098429
v 0.079967 0.150905 -0.041745
v 0.079967 0.150905 -0.041745
v 0.079967 0.150905 -0.041745
v 0.412623 1.568611 0.018357
v 0.412623 1.568611 0.018357
v 0.115211 0.012482 0.035997
v 0.115211 0.012482 0.035997
v 0.432721 1.547416 0.048491
v 0.432721 1.547416 0.048491
v 0.094881 3.309222 -0.006130
v 0.092673 3.293223 0.000617
v 0.092673 3.293223 0.000617
v 0.032923 0.959133 -0.055402
v 0.032923 0.959133 -0.055402
v 0.027416 0.828361 -0.069443
v 0.391729 2.340866 -0.040304
v 0.392139 2.292668 -0.026830
v 0.340438 1.688317 0.066277
v 0.358457 1.647256 0.074648
v 0.180211 2.318058 0.007421
v 0.180211 2.318058 0.007421
v 0.036099 3.509959 0.072030
v 0.036099 3.509959 0.072030
v 0.046149 3.412513 0.099137
v 0.046149 3.412513 0.099137
v 0.281018 2.322146 -0.107124
v 0.291466 2.227504 -0.113350
v 0.291466 2.227504 -0.113350
v 0.066791 0.040929 0.122748
v 0.066791 0.040929 0.122748
v 0.028607 0.000000 -0.176039
v 0.028607 0.000000 -0.176039
v 0.092368 3.386881 -0.017446
v 0.092368 3.386881 -0.017446
v 0.099342 3.361927 -0.028958
v 0.099342 3.361927 -0.028958
v 0.314636 1.696865 0.071274
v 0.314636 1.696865 0.071274
v 0.313825 1.756105 0.049403
v 0.313825 1.756105 0.049403
v 0.313825 1.756105 0.049403
v 0.037969 3.181922 -0.090911
v 0.037969 3.181922 -0.090911
v 0.112011 0.001787 0.020487
v 0.112011 0.001787 0.020487
v 0.088672 3.387678 -0.005044
v 0.088672 3.387678 -0.005044
v 0.276806 2.670620 -0.138596
v 0.263233 2.708161 -0.142808
v 0.263233 2.708161 -0.142808
v 0.263233 2.708161 -0.142808
v 0.263233 2.708161 -0.142808
v 0.112985 0.052234 0.015116
v 0.112985 0.052234 0.015116
v 0.290356 1.715647 0.048669
v 0.290356 1.715647 0.048669
v 0.304881 1.768059 0.019656
v 0.304881 1.768059 0.019656
v 0.311491 1.597309 0.070644
v 0.311491 1.597309 0.070644
v 0.316354 1.633910 0.069152
v 0.417037 1.570919 0.002314
v 0.417037 1.570919 0.002314
v 0.216261 2.489901 -0.106474
v 0.178835 2.376164 -0.079548
v 0.034312 0.014682 0.078192
v 0.034312 0.014682 0.078192
v 0.393023 1.575970 -0.020337
v 0.079719 3.300864 -0.013629
v 0.080638 3.278348 -0.002621
v 0.080638 3.278348 -0.002621
v 0.080638 3.278348 -0.002621
v 0.415245 1.466420 0.033078
v 0.415245 1.466420 0.033078
v 0.410038 1.462703 0.043511
v 0.410038 1.462703 0.043511
v 0.107039 0.077005 -0.014998
v 0.107943 0.001825 0.085632
v 0.107943 0.001825 0.085632
v 0.000000 3.309763 -0.124313
v 0.430047 1.560748 0.005504
v 0.430047 1.560748 0.005504
v 0.430188 1.514492 0.000379
v 0.430188 1.514492 0.000379
v 0.019467 0.186929 -0.088982
v 0.019467 0.186929 -0.088982
v 0.043645 0.187186 -0.080300
v 0.043645 0.187186 -0.080300
v 0.065323 3.181998 -0.061045
v 0.065323 3.181998 -0.061045
v 0.065323 3.181998 -0.061045
v 0.325889 1.956496 0.018148
v 0.098089 3.358418 -0.019348
v 0.355184 2.061369 -0.076457
v 0.362789 2.193536 -0.111795
v 0.405700 1.616524 0.032818
v 0.405700 1.616524 0.032818
v 0.405700 1.616524 0.032818
v 0.069695 3.471882 -0.070268
v 0.067829 3.501960 -0.051085
v 0.052368 3.192608 0.076041
v 0.394398 1.548093 -0.031023
v 0.394398 1.548093 -0.031023
v 0.393243 1.549079 -0.022870
v 0.393243 1.549079 -0.022870
v 0.377511 1.638138 -0.024943
v 0.377511 1.638138 -0.024943
v 0.352796 1.686177 -0.027604
v 0.088645 3.354434 -0.008814
v 0.000000 1.934109 -0.131340
v 0.000000 1.934109 -0.131340
v 0.000000 1.934109 -0.131340
v 0.313928 2.052420 -0.065902
v 0.300283 2.162725 -0.097736
v 0.123004 0.508778 -0.143613
v 0.144105 0.643800 -0.146880
v 0.007345 1.721175 -0.147148
v 0.007345 1.721175 -0.147148
v 0.007345 1.721175 -0.147148
v 0.014620 1.680870 -0.132210
v 0.014620 1.680870 -0.132210
v 0.014620 1.680870 -0.132210
v 0.343387 1.669631 0.018572
v 0.319923 1.702470 0.015662
v 0.319923 1.702470 0.015662
v 0.080292 0.173744 -0.097768
v 0.080292 0.173744 -0.097768
v 0.104435 3.121639 -0.082627
v 0.051506 3.100846 -0.117356
v 0.407775 1.565030 -0.020252
v 0.407775 1.565030 -0.020252
v 0.422404 1.453797 0.085442
v 0.422404 1.453797 0.085442
v 0.429392 1.450642 0.089976
v 0.429392 1.450642 0.089976
v 0.012135 1.213972 -0.111622
v 0.012135 1.213972 -0.111622
v 0.012135 1.213972 -0.111622
v 0.089122 3.301593 0.012676
v 0.089122 3.301593 0.012676
v 0.090986 3.296777 0.007152
v 0.071797 3.151043 -0.030004
v 0.071797 3.151043 -0.030004
v 0.340501 2.255310 -0.128146
v 0.340501 2.255310 -0.128146
v 0.431067 1.554603 0.019387
v 0.431067 1.554603 0.019387
v 0.073176 0.000000 0.112115
v 0.073176 0.000000 0.112115
v 0.092391 0.002537 0.105009
v 0.092391 0.002537 0.105009
v 0.105079 1.096884 -0.165378
v 0.061086 3.523138 -0.014431
v 0.072107 0.190100 -0.082469
v 0.072107 0.190100 -0.082469
v 0.072107 0.190100 -0.082469
v 0.127729 0.008827 0.021847
v 0.127729 0.008827 0.021847
v 0.158901 2.140743 -0.110672
v 0.158901 2.140743 -0.110672
v 0.148656 1.962886 -0.089736
v 0.165046 0.828644 -0.142375
v 0.000000 3.264373 -0.099744
v 0.153468 2.281142 -0.081630
v 0.153468 2.281142 -0.081630
v 0.153468 2.281142 -0.081630
v 0.334082 1.811813 -0.021488
v 0.334082 1.811813 -0.021488
v 0.318357 1.803834 -0.019872
v 0.370621 2.068550 0.013091
v 0.345357 1.967091 0.021116
v 0.127114 0.036743 0.024945
v 0.273947 2.726330 -0.070216
v 0.070244 3.220838 0.012780
v 0.070244 3.220838 0.012780
v 0.070244 3.220838 0.012780
v 0.430920 1.510026 0.011879
v 0.430920 1.510026 0.011879
v 0.027178 0.538446 -0.136796
v 0.017116 0.663821 -0.116097
v 0.036543 3.592527 -0.009540
v 0.036543 3.592527 -0.009540
v 0.036543 3.592527 -0.009540
v 0.036030 3.573457 -0.056600
v 0.036030 3.573457 -0.056600
v 0.399255 2.844059 -0.073982
v 0.399255 2.844059 -0.073982
v 0.394832 2.844663 -0.123654
v 0.394832 2.844663 -0.123654
v 0.384574 2.176649 0.001772
v 0.195472 2.214422 0.010191
v 0.195472 2.214422 0.010191
v 0.182831 2.102351 0.006959
v 0.081948 0.056257 0.059768
v 0.081948 0.056257 0.059768
v 0.000000 2.914252 -0.182184
v 0.000000 2.914252 -0.182184
v 0.000000 2.914252 -0.182184
v 0.000000 2.824793 -0.195140
v 0.130702 1.862136 0.063237
v 0.137048 1.718180 0.069406
v 0.061281 3.377599 0.076921
v 0.061281 3.377599 0.076921
v 0.060317 3.389258 0.081215
v 0.026278 0.553254 -0.178513
v 0.015637 0.666615 -0.196809
v 0.194629 1.373466 -0.103575
v 0.012959 3.169594 0.121735
v 0.012959 3.169594 0.121735
v 0.137246 2.319422 0.082047
v 0.184413 2.470277 0.089792
v 0.414837 1.454532 0.094426
v 0.414837 1.454532 0.094426
v 0.080751 3.107051 -0.030491
v 0.080751 3.107051 -0.030491
v 0.080751 3.107051 -0.030491
v 0.096257 3.093196 -0.028090
v 0.096257 3.093196 -0.028090
v 0.031718 0.152184 -0.170387
v 0.035088 0.313279 -0.168841
v 0.394752 1.577513 -0.028745
v 0.329360 1.665906 0.068146
v 0.329360 1.665906 0.068146
v 0.329360 1.665906 0.068146
v 0.329360 1.665906 0.068146
v 0.000000 2.615580 -0.164431
v 0.000000 2.744210 -0.190121
v 0.382000 1.606256 0.083430
v 0.414217 1.539726 0.102110
v 0.414217 1.539726 0.102110
v 0.076201 3.282299 0.003571
v 0.076201 3.282299 0.003571
v 0.098092 1.683262 -0.132492
v 0.030689 0.000000 0.052222
v 0.030689 0.000000 0.052222
v 0.386784 1.667563 0.030381
v 0.073237 3.431830 -0.080379
v 0.099596 0.052696 0.037793
v 0.099596 0.052696 0.037793
v 0.303726 2.034154 -0.033488
v 0.099059 0.001544 0.034351
v 0.099059 0.001544 0.034351
v 0.303868 1.599559 0.073715
v 0.303868 1.599559 0.073715
v 0.294147 1.602829 0.062756
v 0.294147 1.602829 0.062756
v 0.357741 1.740711 0.000947
v 0.067000 0.050177 0.092918
v 0.330400 2.948366 -0.072106
v 0.330400 2.948366 -0.072106
v 0.330400 2.948366 -0.072106
v 0.000000 2.969790 0.050165
v 0.000000 2.969790 0.050165
v 0.000000 2.978567 0.032223
v 0.000000 2.978567 0.032223
v 0.013983 1.673774 0.059141
v 0.019560 1.616711 0.059218
v 0.098370 3.335291 -0.015912
v 0.304847 1.599160 0.059973
v 0.304847 1.599160 0.059973
v 0.000000 2.383900 -0.104125
v 0.000000 2.383900 -0.104125
v 0.413892 1.485163 0.005303
v 0.413892 1.485163 0.005303
v 0.406458 1.497551 0.005951
v 0.406458 1.497551 0.005951
v 0.074963 3.367788 -0.089799
v 0.291473 2.133662 -0.035074
v 0.387662 1.590097 0.057652
v 0.387662 1.590097 0.057652
v 0.000000 3.608001 -0.007517
v 0.151343 3.060593 -0.034767
v 0.189810 3.042355 -0.047940
v 0.340530 1.840069 0.016140
v 0.029987 0.003666 -0.000093
v 0.033477 0.045221 -0.065364
v 0.033477 0.045221 -0.065364
v 0.000000 3.154070 0.031727
v 0.000000 3.154070 0.031727
v 0.000000 3.081635 0.034655
v 0.049031 0.992241 -0.165114
v 0.049031 0.992241 -0.165114
v 0.014918 0.818695 -0.197026
v 0.014918 0.818695 -0.197026
v 0.300524 2.247596 -0.008081
v 0.413936 1.490120 -0.005764
v 0.413936 1.490120 -0.005764
v 0.406828 1.501958 -0.007519
v 0.406828 1.501958 -0.007519
v 0.337683 1.939567 -0.041441
v 0.423224 1.449505 0.100453
v 0.423224 1.449505 0.100453
v 0.111121 0.000643 -0.084516
v 0.111121 0.000643 -0.084516
v 0.137654 3.087876 -0.104754
v 0.425391 1.494754 0.040198
v 0.000000 3.020637 -0.140202
v 0.106544 0.000443 0.078731
v 0.106544 0.000443 0.078731
v 0.173976 2.004319 0.005479
v 0.237865 2.608183 -0.140330
v 0.157928 2.220432 -0.094026
v 0.377369 2.071701 -0.048318
v 0.351401 1.953617 -0.026258
v 0.138273 1.973140 0.068697
v 0.077800 3.397190 -0.002760
v 0.077800 3.397190 -0.002760
v 0.393816 1.605010 0.026109
v 0.393816 1.605010 0.026109
v 0.393816 1.605010 0.026109
v 0.420453 1.551697 0.041087
v 0.420453 1.551697 0.041087
v 0.401559 2.203727 -0.083847
v 0.397216 2.274432 -0.099617
v 0.075541 3.393543 -0.019221
v 0.075541 3.393543 -0.019221
v 0.035284 3.568711 0.035211
v 0.035284 3.568711 0.035211
v 0.174073 1.406167 0.045941
v 0.168381 1.575732 0.068277
v 0.062286 3.344875 0.090980
v 0.386566 2.074250 -0.013397
v 0.359307 1.969730 0.001076
v 0.394527 2.812896 -0.034569
v 0.394527 2.812896 -0.034569
v 0.318793 1.937766 -0.037919
v 0.318793 1.937766 -0.037919
v 0.386647 1.563625 -0.031106
v 0.386647 1.563625 -0.031106
v 0.032672 0.153469 -0.034104
v 0.386671 1.561391 -0.022382
v 0.386671 1.561391 -0.022382
v 0.292926 2.755236 0.002768
v 0.292926 2.755236 0.002768
v 0.292926 2.755236 0.002768
v 0.314801 2.729435 -0.004024
v 0.314801 2.729435 -0.004024
v 0.069422 0.321052 -0.175142
v 0.091155 0.552603 -0.195346
v 0.098220 0.027970 0.055700
v 0.098220 0.027970 0.055700
v 0.080911 3.364658 -0.032506
v 0.080911 3.364658 -0.032506
v 0.422303 1.453655 0.038553
v 0.422303 1.453655 0.038553
v 0.436697 1.489404 0.044958
v 0.000000 3.034177 0.028317
v 0.000000 3.034177 0.028317
v 0.358930 1.741290 0.028705
v 0.034604 0.074778 0.024791
v 0.000000 2.485765 -0.136549
v 0.000000 3.588986 -0.058246
v 0.310791 2.145948 0.002978
v 0.284289 2.731662 -0.034689
v 0.076399 3.317815 -0.079472
v 0.292497 1.644369 0.057711
v 0.020358 0.305216 -0.137624
v 0.327718 2.906075 -0.020967
v 0.327718 2.906075 -0.020967
v 0.157887 1.817854 -0.079465
v 0.415628 1.541465 0.058509
v 0.415628 1.541465 0.058509
v 0.003023 0.812020 -0.102916
v 0.003023 0.812020 -0.102916
v 0.080129 2.331526 0.152558
v 0.080129 2.331526 0.152558
v 0.072319 2.222887 0.135538
v 0.323300 2.949374 -0.127917
v 0.323300 2.949374 -0.127917
v 0.323300 2.949374 -0.127917
v 0.035959 1.841922 0.072614
v 0.035959 1.841922 0.072614
v 0.004805 1.771157 0.057158
v 0.004805 1.771157 0.057158
v 0.004805 1.771157 0.057158
v 0.000000 3.169455 0.122790
v 0.040089 3.223932 -0.088632
v 0.274448 2.747189 -0.184376
v 0.274448 2.747189 -0.184376
v 0.025802 -0.000636 -0.134064
v 0.010415 0.198008 -0.137083
v 0.104224 1.158497 0.027047
v 0.144660 1.166088 0.016499
v 0.144660 1.166088 0.016499
v 0.144660 1.166088 0.016499
v 0.332448 1.776652 0.044283
v 0.332448 1.776652 0.044283
v 0.033151 0.065388 0.055967
v 0.417338 1.488792 0.052281
v 0.069192 0.153400 -0.173207
v 0.011082 1.936692 -0.150264
v 0.008136 1.838170 -0.145926
v 0.411063 2.190093 -0.031077
v 0.404047 2.278552 -0.048005
v 0.117402 0.000650 0.067124
v 0.117402 0.000650 0.067124
v 0.304923 1.637344 0.074969
v 0.090541 3.333533 -0.004034
v 0.300444 2.724023 -0.186391
v 0.421809 1.477328 0.103976
v 0.020071 3.157930 0.031043
v 0.020071 3.157930 0.031043
v 0.071978 3.276106 -0.058937
v 0.237629 2.762305 -0.198643
v 0.237629 2.762305 -0.198643
v 0.237629 2.762305 -0.198643
v 0.026752 1.185963 -0.144812
v 0.026752 1.185963 -0.144812
v 0.390449 1.639485 -0.020368
v 0.353108 1.713734 0.050238
v 0.062695 3.227751 -0.054395
v 0.106438 0.994440 -0.176040
v 0.039563 3.380992 0.088851
v 0.051994 1.094055 -0.159320
v 0.051994 1.094055 -0.159320
v 0.327495 1.834399 0.038467
v 0.341412 1.829667 -0.009029
v 0.074548 3.246176 0.008829
v 0.247866 2.696467 -0.158498
v 0.247866 2.696467 -0.158498
v 0.367133 1.688455 -0.023303
v 0.061633 3.313716 0.092370
v 0.302352 1.816800 0.023274
v 0.413417 1.485338 0.094730
v 0.335657 1.783328 -0.012185
v 0.335657 1.783328 -0.012185
v 0.298294 2.715725 -0.034894
v 0.313179 1.826761 0.038660
v 0.397285 2.344516 -0.062827
v 0.325552 1.752609 -0.021696
v 0.091588 0.909977 -0.022577
v 0.085091 0.828948 -0.039028
v 0.085091 0.828948 -0.039028
v 0.347111 1.734765 -0.018044
v 0.182772 3.057791 -0.115321
v 0.011212 3.378987 0.096571
v 0.011212 3.378987 0.096571
v 0.011212 3.378987 0.096571
v 0.005821 3.381968 0.111617
v 0.005821 3.381968 0.111617
v 0.005821 3.381968 0.111617
v 0.000000 3.380994 0.112404
v 0.005701 3.359563 0.126125
v 0.005701 3.359563 0.126125
v 0.013620 3.235854 0.127598
v 0.013620 3.235854 0.127598
v 0.000000 3.235177 0.129138
v 0.000000 3.245605 0.126552
v 0.012404 3.247297 0.124298
v 0.014840 3.219402 0.119107
v 0.014840 3.219402 0.119107
v 0.014840 3.219402 0.119107
v 0.000000 3.218577 0.119858
v 0.032415 3.248781 0.108661
v 0.032415 3.248781 0.108661
v 0.032415 3.248781 0.108661
v 0.028454 3.248089 0.104079
v 0.018279 3.258820 0.122832
v 0.026257 3.252567 0.115120
v 0.021227 3.239753 0.122732
v 0.019210 3.247736 0.120122
v 0.026816 3.243658 0.113173
v 0.024532 3.247447 0.114540
v 0.024532 3.247447 0.114540
v 0.000000 3.262440 0.133934
v 0.008685 3.265095 0.134768
v 0.008685 3.265095 0.134768
v 0.000000 3.284813 0.131298
v 0.009238 3.283893 0.131404
v 0.009238 3.283893 0.131404
v 0.007806 3.295582 0.132446
v 0.007806 3.295582 0.132446
v 0.007806 3.295582 0.132446
v 0.033690 3.179577 0.099206
v 0.023236 3.250098 0.114500
v 0.014925 3.358614 0.106664
v 0.009867 3.407552 0.108823
v 0.009867 3.407552 0.108823
v 0.009867 3.407552 0.108823
v 0.000000 3.406598 0.109936
v 0.016530 3.574960 0.037187
v 0.000000 3.581208 0.038839
v 0.017254 3.513441 0.075465
v 0.000000 3.513266 0.077202
v 0.072320 2.621206 0.178445
v 0.099878 2.631193 0.182237
v 0.280500 2.761426 0.023357
v 0.267020 2.747036 0.054729
v 0.252443 2.745486 0.081627
v 0.248588 2.718485 0.086832
v 0.206479 2.619180 0.107826
v 0.171627 2.603844 0.137534
v 0.211041 2.638910 0.134961
v 0.182286 2.624632 0.155380
v 0.233804 2.669694 0.110403
v 0.140015 2.601475 0.156391
v 0.140015 2.601475 0.156391
v 0.152245 2.624795 0.172829
v 0.152245 2.624795 0.172829
v 0.000000 2.712573 0.164017
v 0.026506 0.000000 0.019988
v 0.334487 2.506730 -0.180712
v 0.334487 2.506730 -0.180712
v 0.339266 2.425242 -0.157961
v 0.386872 2.579754 -0.010843
v 0.365849 2.450336 -0.019486
v 0.279026 2.391174 -0.115413
v 0.308370 2.435708 -0.013997
v 0.309431 2.559050 -0.012331
v 0.133607 2.400480 0.100418
v 0.060651 2.996610 0.031349
v 0.068987 3.152023 -0.007057
v 0.074906 3.204175 -0.014383
v 0.015551 2.969784 0.050379
v 0.015551 2.969784 0.050379
v 0.025500 3.006501 0.038715
v 0.029377 3.041828 0.030514
v 0.044944 3.114699 0.019352
v 0.058018 3.161248 0.012320
v 0.041291 3.182727 0.019818
v 0.077138 3.242311 0.002821
v 0.073990 3.216224 0.006817
v 0.073990 3.216224 0.006817
v 0.084816 2.988273 0.007668
v 0.084816 2.988273 0.007668
v 0.017773 3.038467 0.023873
v 0.017773 3.038467 0.023873
v 0.011984 2.985885 0.035085
v 0.011984 2.985885 0.035085
v 0.021906 3.081695 0.022590
v 0.036267 3.078886 0.024206
v 0.036267 3.078886 0.024206
v 0.130006 1.745880 -0.133113
v 0.130006 1.745880 -0.133113
v 0.112603 1.975854 -0.138060
v 0.114498 1.877913 -0.136973
v 0.126090 2.063540 -0.125540
v 0.306360 2.664097 -0.024478
v 0.306360 2.664097 -0.024478
v 0.277490 2.600134 -0.140249
v 0.277490 2.600134 -0.140249
v 0.273376 2.495931 -0.129833
v 0.325342 2.692852 -0.012423
v 0.325342 2.692852 -0.012423
v 0.409305 2.702929 -0.134480
v 0.409305 2.702929 -0.134480
v 0.415567 2.706385 -0.065539
v 0.415567 2.706385 -0.065539
v 0.327920 2.618050 -0.185696
v 0.369029 2.724062 -0.021481
v 0.055507 2.063079 0.119702
v 0.036903 1.948511 0.091267
v 0.076833 2.006291 0.078215
v 0.076833 2.006291 0.078215
v 0.082203 1.982279 0.067648
v 0.082203 1.982279 0.067648
v 0.029526 1.873019 0.090598
v 0.029526 1.873019 0.090598
v 0.000000 1.872391 0.091741
v 0.155177 2.115357 0.077246
v 0.155177 2.115357 0.077246
v 0.147545 2.056348 0.062044
v 0.147545 2.056348 0.062044
v 0.000000 1.724742 -0.124555
v 0.000000 1.724742 -0.124555
v 0.000000 1.724742 -0.124555
v 0.113597 2.404791 0.141847
v 0.340468 2.309190 -0.139409
v 0.309224 2.295903 -0.132071
v 0.341919 2.345486 -0.153238
v 0.341919 2.345486 -0.153238
v 0.296409 2.323082 -0.145262
v 0.296409 2.323082 -0.145262
v 0.297503 2.342916 -0.132483
v 0.297503 2.342916 -0.132483
v 0.348493 2.366401 -0.148600
v 0.348493 2.366401 -0.148600
v 0.348493 2.366401 -0.148600
v 0.348001 2.310320 -0.126088
v 0.306002 2.869344 -0.177122
v 0.361414 2.813518 -0.171831
v 0.063411 2.904875 -0.209873
v 0.063411 2.904875 -0.209873
v 0.277472 2.990488 -0.064377
v 0.232533 3.016119 -0.058559
v 0.223084 3.022954 -0.118674
v 0.272822 2.991277 -0.120071
v 0.000000 2.969356 -0.163229
v 0.398871 2.567212 -0.174576
v 0.398871 2.567212 -0.174576
v 0.384290 2.643264 -0.173953
v 0.322252 2.762240 -0.190907
v 0.322252 2.762240 -0.190907
v 0.342136 2.725926 -0.180904
v 0.342136 2.725926 -0.180904
v 0.278647 2.798581 -0.193236
v 0.236989 2.830590 -0.196787
v 0.380917 2.435823 -0.120908
v 0.380917 2.435823 -0.120908
v 0.380917 2.435823 -0.120908
v 0.395731 2.500988 -0.133197
v 0.322645 1.791627 -0.014342
v 0.335703 1.797154 -0.013913
v 0.335703 1.797154 -0.013913
v 0.335703 1.797154 -0.013913
v 0.339157 1.805118 -0.010070
v 0.313061 1.804569 -0.017833
v 0.313351 1.788588 -0.013951
v 0.329629 1.836936 -0.024955
v 0.318657 1.831932 -0.026176
v 0.357778 2.340810 -0.030819
v 0.357778 2.340810 -0.030819
v 0.389677 2.427934 -0.074906
v 0.389677 2.427934 -0.074906
v 0.372795 2.436364 -0.060676
v 0.387966 2.473341 -0.085465
v 0.301698 2.799931 0.000896
v 0.132115 2.979716 -0.003528
v 0.178328 2.651623 -0.197518
v 0.311612 1.794315 0.034792
v 0.311612 1.794315 0.034792
v 0.311612 1.794315 0.034792
v 0.328712 1.802585 0.041322
v 0.328712 1.802585 0.041322
v 0.303702 1.787456 0.018102
v 0.303702 1.787456 0.018102
v 0.384097 2.337136 -0.097587
v 0.355983 2.348318 -0.120032
v 0.359246 2.374585 -0.137397
v 0.359246 2.374585 -0.137397
v 0.359994 2.427401 -0.148957
v 0.369924 2.474819 -0.155817
v 0.285022 2.439306 -0.120173
v 0.297212 2.408467 -0.151009
v 0.297146 2.491769 -0.170760
v 0.297146 2.491769 -0.170760
v 0.417118 2.574369 -0.140729
v 0.417118 2.574369 -0.140729
v 0.122127 1.068784 0.003663
v 0.126992 1.106487 0.003381
v 0.126992 1.106487 0.003381
v 0.091223 1.108549 0.009592
v 0.052617 1.103432 0.008143
v 0.052617 1.103432 0.008143
v 0.056732 1.068307 0.006745
v 0.134294 1.122747 -0.004886
v 0.134294 1.122747 -0.004886
v 0.134294 1.122747 -0.004886
v 0.047145 1.118817 0.003051
v 0.047145 1.118817 0.003051
v 0.047145 1.118817 0.003051
v 0.090806 1.123935 0.005268
v 0.144883 1.107956 -0.024723
v 0.144883 1.107956 -0.024723
v 0.109542 1.039884 -0.001246
v 0.065656 1.037874 0.003191
v 0.116929 0.990816 -0.009400
v 0.119609 1.018671 -0.007253
v 0.055644 0.984619 -0.010468
v 0.030829 1.106486 -0.013433
v 0.030829 1.106486 -0.013433
v 0.024661 1.152845 0.013402
v 0.024661 1.152845 0.013402
v 0.024661 1.152845 0.013402
v 0.020733 1.218929 -0.029278
v 0.045067 1.134035 0.021273
v 0.045067 1.134035 0.021273
v 0.078096 0.908958 -0.021870
v 0.080756 0.933610 -0.017299
v 0.169807 1.370688 -0.159234
v 0.157580 1.273808 -0.151387
v 0.045939 1.283987 -0.155885
v 0.031128 1.380292 -0.156145
v 0.006908 1.382416 -0.121906
v 0.013275 1.314109 -0.125670
v 0.003507 1.582891 -0.123666
v 0.024737 1.571082 -0.149044
v 0.140637 1.559294 -0.148788
v 0.162449 0.919658 -0.126297
v 0.157245 0.966627 -0.154700
v 0.157456 0.934363 -0.164709
v 0.157456 0.934363 -0.164709
v 0.134236 0.931885 -0.186874
v 0.091849 0.194365 -0.136257
v 0.091849 0.194365 -0.136257
v 0.099589 0.137617 -0.136247
v 0.099589 0.137617 -0.136247
v 0.099589 0.137617 -0.136247
v 0.112334 0.513381 -0.166939
v 0.089001 0.319205 -0.155807
v 0.161330 0.961277 -0.124132
v 0.154157 1.199807 -0.146316
v 0.148623 1.098645 -0.139957
v 0.152484 0.989761 -0.145083
v 0.149775 1.014790 -0.141408
v 0.010246 1.119275 -0.136065
v 0.010246 1.119275 -0.136065
v 0.010246 1.119275 -0.136065
v 0.017075 1.041716 -0.122664
v 0.162846 1.157270 -0.016665
v 0.162846 1.157270 -0.016665
v 0.099953 1.513552 0.083836
v 0.030508 1.308492 0.018596
v 0.072182 1.405569 0.065102
v 0.072182 1.405569 0.065102
v 0.072182 1.405569 0.065102
v 0.027611 1.371660 0.010479
v 0.043148 1.291039 0.050844
v 0.025195 1.451696 0.030672
v 0.025520 1.539946 0.059732
v 0.012179 1.134167 -0.097682
v 0.011408 1.060148 -0.061392
v 0.160247 1.258493 0.009890
v 0.160247 1.258493 0.009890
v 0.039027 1.204575 0.023545
v 0.039027 1.204575 0.023545
v 0.039027 1.204575 0.023545
v 0.115640 1.228143 0.027153
v 0.069379 1.210619 0.031371
v 0.154379 1.295118 0.030139
v 0.040002 1.236542 0.042675
v 0.040002 1.236542 0.042675
v 0.070996 1.244849 0.049160
v 0.022049 1.005067 -0.051633
v 0.015671 0.947469 -0.101309
v 0.015671 0.947469 -0.101309
v 0.009917 1.720232 0.057512
v 0.153327 1.869659 0.043925
v 0.165961 1.992482 0.050871
v 0.197880 1.543579 0.040898
v 0.165137 1.716356 0.042646
v 0.165246 2.053622 0.057669
v 0.165246 2.053622 0.057669
v 0.154131 1.793232 0.041084
v 0.114574 0.934482 -0.036925
v 0.006462 1.777881 -0.146219
v 0.120534 1.809146 -0.135650
v 0.099718 0.128808 -0.115865
v 0.099718 0.128808 -0.115865
v 0.089774 0.141672 -0.154476
v 0.063709 0.376138 -0.077418
v 0.073432 0.525899 -0.069764
v 0.086044 0.696531 -0.051464
v 0.101734 0.825779 -0.035188
v 0.010551 0.810097 -0.082281
v 0.010551 0.810097 -0.082281
v 0.037933 0.518525 -0.108236
v 0.032696 0.671948 -0.093282
v 0.137483 1.689913 -0.119628
v 0.024596 1.631430 -0.141440
v 0.007080 1.636994 -0.125040
v 0.061531 2.151486 0.134589
v 0.023061 3.172938 0.111885
v 0.005643 3.328299 0.142410
v 0.006271 3.341668 0.136692
v 0.018317 3.298272 0.124403
v 0.018317 3.298272 0.124403
v 0.019170 3.305334 0.129550
v 0.019170 3.305334 0.129550
v 0.012416 3.296996 0.128424
v 0.019810 3.310497 0.118502
v 0.019810 3.310497 0.118502
v 0.018520 3.314594 0.124605
v 0.018520 3.314594 0.124605
v 0.016463 3.320516 0.116639
v 0.016463 3.320516 0.116639
v 0.008374 3.323174 0.134733
v 0.011505 3.322846 0.122115
v 0.011505 3.322846 0.122115
v 0.012045 3.309128 0.137102
v 0.010423 3.318758 0.135528
v 0.006105 3.321074 0.141285
v 0.005603 3.320635 0.146309
v 0.005603 3.320635 0.146309
v 0.000000 3.320821 0.146989
v 0.005183 3.309440 0.147021
v 0.005183 3.309440 0.147021
v 0.000000 3.309430 0.147538
v 0.007175 3.309319 0.144380
v 0.007175 3.309319 0.144380
v 0.000000 3.296048 0.133484
v 0.004864 3.302934 0.142476
v 0.015827 3.339565 0.111761
v -0.101795 0.045260 0.062296
v -0.101795 0.045260 0.062296
v -0.114081 0.043231 0.049905
v -0.114081 0.043231 0.049905
v -0.040648 3.522167 -0.093845
v -0.040648 3.522167 -0.093845
v -0.397544 1.598391 -0.027482
v -0.397544 1.598391 -0.027482
v -0.398946 1.593668 -0.015164
v -0.398946 1.593668 -0.015164
v -0.094053 3.303714 -0.012631
v -0.101395 3.334980 -0.028016
v -0.101395 3.334980 -0.028016
v -0.068277 3.210311 0.052419
v -0.078104 3.232619 0.029221
v -0.078104 3.232619 0.029221
v -0.316643 1.734601 -0.004064
v -0.316643 1.734601 -0.004064
v -0.342847 1.674864 -0.010959
v -0.324617 1.777791 -0.014269
v -0.324617 1.777791 -0.014269
v -0.324617 1.777791 -0.014269
v -0.315090 1.776883 -0.007634
v -0.315090 1.776883 -0.007634
v -0.115404 0.021436 0.052953
v -0.115404 0.021436 0.052953
v -0.114635 0.038210 0.040637
v -0.305871 1.933885 -0.022774
v -0.085102 3.299063 0.017445
v -0.082984 3.295661 0.025082
v -0.118360 0.019828 0.071821
v -0.118360 0.019828 0.071821
v -0.107715 0.020784 0.081382
v -0.107715 0.020784 0.081382
v -0.044328 0.041807 0.125399
v -0.044328 0.041807 0.125399
v -0.036839 0.047456 0.094952
v -0.084080 3.333291 -0.030722
v -0.084080 3.333291 -0.030722
v -0.082086 3.137673 -0.069374
v -0.082086 3.137673 -0.069374
v -0.082086 3.137673 -0.069374
v -0.046815 3.136471 -0.099224
v -0.046815 3.136471 -0.099224
v -0.348927 1.796049 0.021057
v -0.348927 1.796049 0.021057
v -0.348279 1.797357 -0.003554
v -0.348279 1.797357 -0.003554
v -0.345401 2.059235 0.016866
v -0.355601 2.175009 0.015831
v -0.081951 3.264739 0.024302
v -0.412396 1.542799 0.081780
v -0.412396 1.542799 0.081780
v -0.422006 1.484635 0.085230
v -0.125117 0.019020 0.047762
v -0.125117 0.019020 0.047762
v -0.067795 0.000000 0.119893
v -0.067795 0.000000 0.119893
v -0.041742 0.000000 0.119379
v -0.041742 0.000000 0.119379
v -0.311666 1.679043 0.043839
v -0.311666 1.679043 0.043839
v -0.311666 1.679043 0.043839
v -0.311666 1.679043 0.043839
v -0.308390 1.638207 0.055185
v -0.123160 0.002070 0.045178
v -0.123160 0.002070 0.045178
v -0.088317 3.283564 -0.002062
v -0.088317 3.283564 -0.002062
v -0.088317 3.283564 -0.002062
v -0.014652 3.199700 0.127299
v -0.014652 3.199700 0.127299
v -0.014652 3.199700 0.127299
v -0.368301 1.602103 0.075921
v -0.339474 1.645001 0.070475
v -0.094610 0.023447 0.106146
v -0.094610 0.023447 0.106146
v -0.073832 0.023307 0.113631
v -0.073832 0.023307 0.113631
v -0.045560 2.493669 -0.158025
v -0.063838 0.000000 0.064687
v -0.063838 0.000000 0.064687
v -0.063838 0.000000 0.064687
v -0.063838 0.000000 0.064687
v -0.071099 0.021401 0.085499
v -0.071099 0.021401 0.085499
v -0.066389 0.020880 0.081001
v -0.066389 0.020880 0.081001
v -0.112749 0.001858 0.049575
v -0.112749 0.001858 0.049575
v -0.084398 3.287477 0.008203
v -0.080465 3.288412 0.011854
v -0.080465 3.288412 0.011854
v -0.281566 2.218738 -0.043995
v -0.182009 1.207346 -0.055463
v -0.208520 1.392882 -0.015853
v -0.100230 0.010541 0.055444
v -0.100230 0.010541 0.055444
v -0.112387 0.010158 0.042711
v -0.112387 0.010158 0.042711
v -0.408722 1.596391 -0.025895
v -0.408722 1.596391 -0.025895
v -0.407087 1.570432 -0.029721
v -0.407087 1.570432 -0.029721
v -0.422652 1.545483 0.088053
v -0.422652 1.545483 0.088053
v -0.431967 1.478666 0.090242
v -0.080683 3.281292 0.020068
v -0.073026 3.266525 0.007772
v -0.073026 3.266525 0.007772
v -0.067415 0.078202 -0.187242
v -0.067415 0.078202 -0.187242
v -0.067415 0.078202 -0.187242
v -0.029328 0.080036 -0.181251
v -0.029328 0.080036 -0.181251
v -0.048396 3.310055 -0.116215
v -0.048396 3.310055 -0.116215
v -0.044085 3.267627 -0.091393
v -0.044085 3.267627 -0.091393
v -0.330337 2.317790 -0.023484
v -0.307167 2.319643 -0.022638
v -0.307167 2.319643 -0.022638
v -0.399524 1.627940 -0.001786
v -0.399524 1.627940 -0.001786
v -0.386031 1.617916 -0.006555
v -0.386031 1.617916 -0.006555
v -0.386031 1.617916 -0.006555
v -0.386031 1.617916 -0.006555
v -0.068570 0.000000 -0.181947
v -0.068570 0.000000 -0.181947
v -0.094111 0.000000 -0.142697
v -0.406087 1.540892 0.091519
v -0.406087 1.540892 0.091519
v -0.127003 0.043970 -0.004771
v -0.126086 0.042676 -0.030824
v -0.126086 0.042676 -0.030824
v -0.069511 3.042823 -0.149193
v -0.095144 0.018274 0.096784
v -0.095144 0.018274 0.096784
v -0.093538 0.001542 0.094239
v -0.093538 0.001542 0.094239
v -0.046955 3.449646 -0.116512
v -0.046955 3.449646 -0.116512
v -0.051516 3.366285 -0.125277
v -0.109014 0.020183 0.089957
v -0.109014 0.020183 0.089957
v -0.100938 0.050350 0.063703
v -0.100938 0.050350 0.063703
v -0.122281 0.836729 -0.231171
v -0.122281 0.836729 -0.231171
v -0.122281 0.836729 -0.231171
v -0.115790 0.692006 -0.228593
v -0.429900 1.539783 0.064210
v -0.429900 1.539783 0.064210
v -0.431331 1.482827 0.059023
v -0.090073 0.172745 -0.112266
v -0.090073 0.172745 -0.112266
v -0.090073 0.172745 -0.112266
v -0.095499 0.321424 -0.134453
v -0.381486 1.651510 0.058714
v -0.399803 1.604231 0.064217
v -0.399803 1.604231 0.064217
v -0.399803 1.604231 0.064217
v -0.316641 2.042476 0.004229
v -0.309602 1.944678 0.004528
v -0.088911 0.051693 0.079987
v -0.088911 0.051693 0.079987
v -0.127670 0.002531 0.006134
v -0.124524 0.000000 -0.037378
v -0.079197 3.387502 0.012797
v -0.084831 3.371707 0.004957
v -0.420152 1.521320 0.010645
v -0.420152 1.521320 0.010645
v -0.423624 1.528763 -0.000400
v -0.423624 1.528763 -0.000400
v -0.190336 1.577364 -0.096173
v -0.166604 1.713461 -0.089731
v -0.166604 1.713461 -0.089731
v -0.083765 0.000000 0.055704
v -0.083765 0.000000 0.055704
v -0.083765 0.000000 0.055704
v -0.087765 0.021743 0.075577
v -0.087765 0.021743 0.075577
v -0.087765 0.021743 0.075577
v -0.087765 0.021743 0.075577
v -0.087765 0.021743 0.075577
v -0.416713 1.450369 0.049265
v -0.416713 1.450369 0.049265
v -0.069406 0.054147 0.086579
v -0.069406 0.054147 0.086579
v -0.087572 0.052065 0.081408
v -0.087572 0.052065 0.081408
v -0.411163 1.587386 -0.014460
v -0.411163 1.587386 -0.014460
v -0.060914 2.377678 -0.116303
v -0.059636 0.062420 0.060756
v -0.059636 0.062420 0.060756
v -0.059636 0.062420 0.060756
v -0.101570 0.039940 -0.098429
v -0.101570 0.039940 -0.098429
v -0.101570 0.039940 -0.098429
v -0.079967 0.150905 -0.041745
v -0.079967 0.150905 -0.041745
v -0.079967 0.150905 -0.041745
v -0.412623 1.568611 0.018357
v -0.412623 1.568611 0.018357
v -0.115211 0.012482 0.035997
v -0.115211 0.012482 0.035997
v -0.432721 1.547416 0.048491
v -0.432721 1.547416 0.048491
v -0.094881 3.309222 -0.006130
v -0.092673 3.293223 0.000617
v -0.092673 3.293223 0.000617
v -0.032923 0.959133 -0.055402
v -0.032923 0.959133 -0.055402
v -0.027416 0.828361 -0.069443
v -0.391729 2.340866 -0.040304
v -0.392139 2.292668 -0.026830
v -0.340438 1.688318 0.066277
v -0.358457 1.647256 0.074648
v -0.180211 2.318058 0.007421
v -0.180211 2.318058 0.007421
v -0.036099 3.509959 0.072030
v -0.036099 3.509959 0.072030
v -0.046149 3.412513 0.099137
v -0.046149 3.412513 0.099137
v -0.281018 2.322146 -0.107124
v -0.291466 2.227504 -0.113350
v -0.291466 2.227504 -0.113350
v -0.066791 0.040929 0.122748
v -0.066791 0.040929 0.122748
v -0.028607 0.000000 -0.176039
v -0.028607 0.000000 -0.176039
v -0.092368 3.386881 -0.017446
v -0.092368 3.386881 -0.017446
v -0.099342 3.361927 -0.028958
v -0.099342 3.361927 -0.028958
v -0.314637 1.696865 0.071274
v -0.314637 1.696865 0.071274
v -0.313825 1.756105 0.049403
v -0.313825 1.756105 0.049403
v -0.313825 1.756105 0.049403
v -0.037969 3.181922 -0.090911
v -0.037969 3.181922 -0.090911
v -0.112011 0.001787 0.020487
v -0.112011 0.001787 0.020487
v -0.088672 3.387678 -0.005044
v -0.088672 3.387678 -0.005044
v -0.276805 2.670620 -0.138596
v -0.263233 2.708161 -0.142808
v -0.263233 2.708161 -0.142808
v -0.263233 2.708161 -0.142808
v -0.263233 2.708161 -0.142808
v -0.112985 0.052234 0.015116
v -0.112985 0.052234 0.015116
v -0.290356 1.715647 0.048669
v -0.290356 1.715647 0.048669
v -0.304880 1.768060 0.019656
v -0.304880 1.768060 0.019656
v -0.311490 1.597310 0.070643
v -0.311490 1.597310 0.070643
v -0.316354 1.633910 0.069152
v -0.417037 1.570919 0.002314
v -0.417037 1.570919 0.002314
v -0.216261 2.489901 -0.106474
v -0.178835 2.376164 -0.079548
v -0.034312 0.014682 0.078192
v -0.034312 0.014682 0.078192
v -0.393022 1.575971 -0.020337
v -0.079719 3.300864 -0.013629
v -0.080638 3.278348 -0.002621
v -0.080638 3.278348 -0.002621
v -0.080638 3.278348 -0.002621
v -0.415245 1.466420 0.033078
v -0.415245 1.466420 0.033078
v -0.410038 1.462704 0.043511
v -0.410038 1.462704 0.043511
v -0.107039 0.077005 -0.014998
v -0.107943 0.001825 0.085632
v -0.107943 0.001825 0.085632
v -0.430047 1.560748 0.005504
v -0.430047 1.560748 0.005504
v -0.430188 1.514492 0.000379
v -0.430188 1.514492 0.000379
v -0.019467 0.186929 -0.088982
v -0.019467 0.186929 -0.088982
v -0.043645 0.187186 -0.080300
v -0.043645 0.187186 -0.080300
v -0.065323 3.181998 -0.061045
v -0.065323 3.181998 -0.061045
v -0.065323 3.181998 -0.061045
v -0.325889 1.956496 0.018148
v -0.098089 3.358418 -0.019348
v -0.355184 2.061369 -0.076457
v -0.362789 2.193536 -0.111795
v -0.405700 1.616524 0.032818
v -0.405700 1.616524 0.032818
v -0.405700 1.616524 0.032818
v -0.069695 3.471882 -0.070268
v -0.067829 3.501960 -0.051085
v -0.052368 3.192608 0.076041
v -0.394398 1.548093 -0.031023
v -0.394398 1.548093 -0.031023
v -0.393243 1.549079 -0.022870
v -0.393243 1.549079 -0.022870
v -0.377511 1.638139 -0.024943
v -0.377511 1.638139 -0.024943
v -0.352796 1.686177 -0.027604
v -0.088645 3.354434 -0.008814
v -0.313928 2.052420 -0.065902
v -0.300283 2.162725 -0.097736
v -0.123004 0.508778 -0.143613
v -0.144105 0.643800 -0.146880
v -0.007345 1.721175 -0.147148
v -0.007345 1.721175 -0.147148
v -0.007345 1.721175 -0.147148
v -0.014620 1.680870 -0.132210
v -0.014620 1.680870 -0.132210
v -0.014620 1.680870 -0.132210
v -0.343387 1.669631 0.018572
v -0.319923 1.702471 0.015662
v -0.319923 1.702471 0.015662
v -0.080292 0.173744 -0.097768
v -0.080292 0.173744 -0.097768
v -0.104435 3.121639 -0.082627
v -0.051506 3.100846 -0.117356
v -0.407775 1.565030 -0.020252
v -0.407775 1.565030 -0.020252
v -0.422404 1.453798 0.085442
v -0.422404 1.453798 0.085442
v -0.429392 1.450642 0.089976
v -0.429392 1.450642 0.089976
v -0.012135 1.213972 -0.111622
v -0.012135 1.213972 -0.111622
v -0.012135 1.213972 -0.111622
v -0.089122 3.301593 0.012676
v -0.089122 3.301593 0.012676
v -0.090986 3.296777 0.007152
v -0.071797 3.151043 -0.030004
v -0.071797 3.151043 -0.030004
v -0.340501 2.255310 -0.128146
v -0.340501 2.255310 -0.128146
v -0.431067 1.554603 0.019387
v -0.431067 1.554603 0.019387
v -0.073176 0.000000 0.112115
v -0.073176 0.000000 0.112115
v -0.092391 0.002537 0.105009
v -0.092391 0.002537 0.105009
v -0.105079 1.096884 -0.165378
v -0.061086 3.523138 -0.014431
v -0.072107 0.190100 -0.082469
v -0.072107 0.190100 -0.082469
v -0.072107 0.190100 -0.082469
v -0.127729 0.008827 0.021847
v -0.127729 0.008827 0.021847
v -0.158901 2.140743 -0.110672
v -0.158901 2.140743 -0.110672
v -0.148656 1.962886 -0.089736
v -0.165046 0.828644 -0.142375
v -0.153468 2.281142 -0.081630
v -0.153468 2.281142 -0.081630
v -0.153468 2.281142 -0.081630
v -0.334082 1.811813 -0.021488
v -0.334082 1.811813 -0.021488
v -0.318357 1.803834 -0.019872
v -0.370621 2.068550 0.013091
v -0.345357 1.967091 0.021116
v -0.127114 0.036743 0.024945
v -0.273947 2.726330 -0.070216
v -0.070244 3.220838 0.012780
v -0.070244 3.220838 0.012780
v -0.070244 3.220838 0.012780
v -0.430920 1.510026 0.011879
v -0.430920 1.510026 0.011879
v -0.027178 0.538446 -0.136796
v -0.017116 0.663821 -0.116097
v -0.036543 3.592527 -0.009540
v -0.036543 3.592527 -0.009540
v -0.036543 3.592527 -0.009540
v -0.036030 3.573457 -0.056600
v -0.036030 3.573457 -0.056600
v -0.399255 2.844059 -0.073982
v -0.399255 2.844059 -0.073982
v -0.394832 2.844663 -0.123654
v -0.394832 2.844663 -0.123654
v -0.384574 2.176649 0.001772
v -0.195472 2.214422 0.010191
v -0.195472 2.214422 0.010191
v -0.182831 2.102351 0.006959
v -0.081948 0.056257 0.059768
v -0.081948 0.056257 0.059768
v -0.130702 1.862136 0.063237
v -0.137048 1.718180 0.069406
v -0.061281 3.377599 0.076921
v -0.061281 3.377599 0.076921
v -0.060317 3.389258 0.081215
v -0.026278 0.553254 -0.178513
v -0.015637 0.666615 -0.196809
v -0.194629 1.373466 -0.103575
v -0.012959 3.169594 0.121735
v -0.012959 3.169594 0.121735
v -0.137246 2.319422 0.082047
v -0.184413 2.470277 0.089792
v -0.414837 1.454532 0.094426
v -0.414837 1.454532 0.094426
v -0.080751 3.107051 -0.030491
v -0.080751 3.107051 -0.030491
v -0.080751 3.107051 -0.030491
v -0.096257 3.093196 -0.028090
v -0.096257 3.093196 -0.028090
v -0.031718 0.152184 -0.170387
v -0.035088 0.313279 -0.168841
v -0.394752 1.577513 -0.028745
v -0.329359 1.665907 0.068146
v -0.329359 1.665907 0.068146
v -0.329359 1.665907 0.068146
v -0.329359 1.665907 0.068146
v -0.382000 1.606256 0.083430
v -0.414217 1.539726 0.102110
v -0.414217 1.539726 0.102110
v -0.076201 3.282299 0.003571
v -0.076201 3.282299 0.003571
v -0.098092 1.683262 -0.132492
v -0.030689 0.000000 0.052222
v -0.030689 0.000000 0.052222
v -0.386784 1.667563 0.030381
v -0.073237 3.431830 -0.080379
v -0.099596 0.052696 0.037793
v -0.099596 0.052696 0.037793
v -0.303726 2.034154 -0.033488
v -0.099059 0.001544 0.034351
v -0.099059 0.001544 0.034351
v -0.303868 1.599559 0.073715
v -0.303868 1.599559 0.073715
v -0.294147 1.602829 0.062756
v -0.294147 1.602829 0.062756
v -0.357742 1.740711 0.000947
v -0.067000 0.050177 0.092918
v -0.330400 2.948366 -0.072106
v -0.330400 2.948366 -0.072106
v -0.330400 2.948366 -0.072106
v -0.013983 1.673774 0.059141
v -0.019560 1.616711 0.059218
v -0.098370 3.335291 -0.015912
v -0.304847 1.599160 0.059973
v -0.304847 1.599160 0.059973
v -0.413893 1.485164 0.005303
v -0.413893 1.485164 0.005303
v -0.406458 1.497551 0.005951
v -0.406458 1.497551 0.005951
v -0.074963 3.367788 -0.089799
v -0.291473 2.133662 -0.035074
v -0.387662 1.590097 0.057652
v -0.387662 1.590097 0.057652
v -0.151343 3.060593 -0.034767
v -0.189810 3.042355 -0.047940
v -0.340530 1.840069 0.016140
v -0.029987 0.003666 -0.000093
v -0.033477 0.045221 -0.065364
v -0.033477 0.045221 -0.065364
v -0.049031 0.992241 -0.165114
v -0.049031 0.992241 -0.165114
v -0.014918 0.818695 -0.197026
v -0.014918 0.818695 -0.197026
v -0.300524 2.247596 -0.008081
v -0.413936 1.490120 -0.005764
v -0.413936 1.490120 -0.005764
v -0.406828 1.501958 -0.007519
v -0.406828 1.501958 -0.007519
v -0.337683 1.939566 -0.041441
v -0.423224 1.449505 0.100453
v -0.423224 1.449505 0.100453
v -0.111121 0.000643 -0.084516
v -0.111121 0.000643 -0.084516
v -0.137654 3.087876 -0.104754
v -0.425391 1.494755 0.040198
v -0.106544 0.000443 0.078731
v -0.106544 0.000443 0.078731
v -0.173976 2.004319 0.005479
v -0.237865 2.608183 -0.140330
v -0.157928 2.220432 -0.094026
v -0.377369 2.071701 -0.048318
v -0.351401 1.953617 -0.026258
v -0.138273 1.973140 0.068697
v -0.077800 3.397190 -0.002760
v -0.077800 3.397190 -0.002760
v -0.393816 1.605011 0.026109
v -0.393816 1.605011 0.026109
v -0.393816 1.605011 0.026109
v -0.420453 1.551697 0.041087
v -0.420453 1.551697 0.041087
v -0.401559 2.203727 -0.083847
v -0.397216 2.274432 -0.099617
v -0.075541 3.393543 -0.019221
v -0.075541 3.393543 -0.019221
v -0.035284 3.568711 0.035211
v -0.035284 3.568711 0.035211
v -0.174073 1.406167 0.045941
v -0.168381 1.575732 0.068277
v -0.062286 3.344875 0.090980
v -0.386566 2.074249 -0.013397
v -0.359306 1.969729 0.001076
v -0.394527 2.812896 -0.034569
v -0.394527 2.812896 -0.034569
v -0.318793 1.937766 -0.037919
v -0.318793 1.937766 -0.037919
v -0.386647 1.563625 -0.031106
v -0.386647 1.563625 -0.031106
v -0.032672 0.153469 -0.034104
v -0.386671 1.561391 -0.022382
v -0.386671 1.561391 -0.022382
v -0.292926 2.755236 0.002768
v -0.292926 2.755236 0.002768
v -0.292926 2.755236 0.002768
v -0.314801 2.729435 -0.004024
v -0.314801 2.729435 -0.004024
v -0.069422 0.321052 -0.175142
v -0.091155 0.552603 -0.195346
v -0.098220 0.027970 0.055700
v -0.098220 0.027970 0.055700
v -0.080911 3.364658 -0.032506
v -0.080911 3.364658 -0.032506
v -0.422304 1.453656 0.038553
v -0.422304 1.453656 0.038553
v -0.436697 1.489404 0.044958
v -0.358930 1.741291 0.028705
v -0.034604 0.074778 0.024791
v -0.310791 2.145948 0.002978
v -0.284289 2.731662 -0.034689
v -0.076399 3.317815 -0.079472
v -0.292497 1.644369 0.057711
v -0.020358 0.305216 -0.137624
v -0.327718 2.906075 -0.020967
v -0.327718 2.906075 -0.020967
v -0.157887 1.817854 -0.079465
v -0.415628 1.541465 0.058509
v -0.415628 1.541465 0.058509
v -0.003023 0.812020 -0.102916
v -0.003023 0.812020 -0.102916
v -0.080129 2.331526 0.152558
v -0.080129 2.331526 0.152558
v -0.072319 2.222887 0.135538
v -0.323300 2.949374 -0.127917
v -0.323300 2.949374 -0.127917
v -0.323300 2.949374 -0.127917
v -0.035959 1.841922 0.072614
v -0.035959 1.841922 0.072614
v -0.004805 1.771157 0.057158
v -0.004805 1.771157 0.057158
v -0.004805 1.771157 0.057158
v -0.040089 3.223932 -0.088632
v -0.274447 2.747189 -0.184376
v -0.274447 2.747189 -0.184376
v -0.025802 -0.000636 -0.134064
v -0.010415 0.198008 -0.137083
v -0.104224 1.158497 0.027047
v -0.144660 1.166088 0.016499
v -0.144660 1.166088 0.016499
v -0.144660 1.166088 0.016499
v -0.332448 1.776652 0.044283
v -0.332448 1.776652 0.044283
v -0.033151 0.065388 0.055967
v -0.417338 1.488792 0.052281
v -0.069192 0.153400 -0.173207
v -0.011082 1.936692 -0.150264
v -0.008136 1.838170 -0.145926
v -0.411063 2.190093 -0.031077
v -0.404047 2.278552 -0.048005
v -0.117402 0.000650 0.067124
v -0.117402 0.000650 0.067124
v -0.304923 1.637344 0.074969
v -0.090541 3.333533 -0.004034
v -0.300444 2.724023 -0.186391
v -0.421810 1.477328 0.103976
v -0.020071 3.157930 0.031043
v -0.020071 3.157930 0.031043
v -0.071978 3.276106 -0.058937
v -0.237629 2.762305 -0.198643
v -0.237629 2.762305 -0.198643
v -0.237629 2.762305 -0.198643
v -0.026752 1.185963 -0.144812
v -0.026752 1.185963 -0.144812
v -0.390449 1.639485 -0.020368
v -0.353108 1.713734 0.050238
v -0.062695 3.227751 -0.054395
v -0.106438 0.994440 -0.176040
v -0.039563 3.380992 0.088851
v -0.051994 1.094055 -0.159320
v -0.051994 1.094055 -0.159320
v -0.327495 1.834399 0.038467
v -0.341411 1.829666 -0.009029
v -0.074548 3.246176 0.008829
v -0.247866 2.696467 -0.158498
v -0.247866 2.696467 -0.158498
v -0.367133 1.688455 -0.023303
v -0.061633 3.313716 0.092370
v -0.302352 1.816800 0.023274
v -0.413417 1.485339 0.094730
v -0.335657 1.783328 -0.012185
v -0.335657 1.783328 -0.012185
v -0.298294 2.715725 -0.034894
v -0.313179 1.826760 0.038661
v -0.397285 2.344516 -0.062827
v -0.325552 1.752609 -0.021696
v -0.091588 0.909977 -0.022577
v -0.085091 0.828948 -0.039028
v -0.085091 0.828948 -0.039028
v -0.347111 1.734765 -0.018044
v -0.182772 3.057791 -0.115321
v -0.011212 3.378987 0.096571
v -0.011212 3.378987 0.096571
v -0.011212 3.378987 0.096571
v -0.005821 3.381968 0.111617
v -0.005821 3.381968 0.111617
v -0.005821 3.381968 0.111617
v -0.005701 3.359563 0.126125
v -0.005701 3.359563 0.126125
v -0.013620 3.235854 0.127598
v -0.013620 3.235854 0.127598
v -0.012404 3.247297 0.124298
v -0.014840 3.219402 0.119107
v -0.014840 3.219402 0.119107
v -0.014840 3.219402 0.119107
v -0.032415 3.248781 0.108661
v -0.032415 3.248781 0.108661
v -0.032415 3.248781 0.108661
v -0.028454 3.248089 0.104079
v -0.018279 3.258820 0.122832
v -0.026257 3.252567 0.115120
v -0.021227 3.239753 0.122732
v -0.019210 3.247736 0.120122
v -0.026816 3.243658 0.113173
v -0.024532 3.247447 0.114540
v -0.024532 3.247447 0.114540
v -0.008685 3.265095 0.134768
v -0.008685 3.265095 0.134768
v -0.009238 3.283893 0.131404
v -0.009238 3.283893 0.131404
v -0.007806 3.295582 0.132446
v -0.007806 3.295582 0.132446
v -0.007806 3.295582 0.132446
v -0.033690 3.179577 0.099206
v -0.023236 3.250098 0.114500
v -0.014925 3.358614 0.106664
v -0.009867 3.407552 0.108823
v -0.009867 3.407552 0.108823
v -0.009867 3.407552 0.108823
v -0.016530 3.574960 0.037187
v -0.017254 3.513441 0.075465
v -0.072320 2.621206 0.178445
v -0.099878 2.631193 0.182237
v -0.280500 2.761426 0.023357
v -0.267020 2.747036 0.054729
v -0.252443 2.745486 0.081627
v -0.248588 2.718485 0.086832
v -0.206478 2.619180 0.107826
v -0.171627 2.603844 0.137534
v -0.211041 2.638910 0.134961
v -0.182286 2.624632 0.155380
v -0.233804 2.669694 0.110403
v -0.140015 2.601475 0.156391
v -0.140015 2.601475 0.156391
v -0.152245 2.624795 0.172829
v -0.152245 2.624795 0.172829
v -0.026506 0.000000 0.019988
v -0.334487 2.506730 -0.180712
v -0.334487 2.506730 -0.180712
v -0.339266 2.425242 -0.157961
v -0.386872 2.579755 -0.010843
v -0.365850 2.450337 -0.019486
v -0.279026 2.391174 -0.115413
v -0.308370 2.435708 -0.013997
v -0.309431 2.559050 -0.012331
v -0.133607 2.400480 0.100418
v -0.060651 2.996610 0.031349
v -0.068987 3.152023 -0.007057
v -0.074906 3.204175 -0.014383
v -0.015551 2.969784 0.050379
v -0.015551 2.969784 0.050379
v -0.025500 3.006501 0.038715
v -0.029377 3.041828 0.030514
v -0.044944 3.114699 0.019352
v -0.058018 3.161248 0.012320
v -0.041291 3.182727 0.019818
v -0.077138 3.242311 0.002821
v -0.073990 3.216224 0.006817
v -0.073990 3.216224 0.006817
v -0.084816 2.988273 0.007668
v -0.084816 2.988273 0.007668
v -0.017773 3.038467 0.023873
v -0.017773 3.038467 0.023873
v -0.011984 2.985885 0.035085
v -0.011984 2.985885 0.035085
v -0.021906 3.081695 0.022590
v -0.036267 3.078886 0.024206
v -0.036267 3.078886 0.024206
v -0.130006 1.745880 -0.133113
v -0.130006 1.745880 -0.133113
v -0.112603 1.975854 -0.138060
v -0.114498 1.877913 -0.136973
v -0.126090 2.063540 -0.125540
v -0.306360 2.664097 -0.024478
v -0.306360 2.664097 -0.024478
v -0.277490 2.600134 -0.140249
v -0.277490 2.600134 -0.140249
v -0.273376 2.495931 -0.129833
v -0.325342 2.692852 -0.012423
v -0.325342 2.692852 -0.012423
v -0.409305 2.702929 -0.134480
v -0.409305 2.702929 -0.134480
v -0.415567 2.706385 -0.065539
v -0.415567 2.706385 -0.065539
v -0.327920 2.618050 -0.185696
v -0.369029 2.724062 -0.021481
v -0.055507 2.063079 0.119702
v -0.036903 1.948511 0.091267
v -0.076833 2.006291 0.078215
v -0.076833 2.006291 0.078215
v -0.082203 1.982279 0.067648
v -0.082203 1.982279 0.067648
v -0.029526 1.873019 0.090598
v -0.029526 1.873019 0.090598
v -0.155177 2.115357 0.077246
v -0.155177 2.115357 0.077246
v -0.147545 2.056348 0.062044
v -0.147545 2.056348 0.062044
v -0.113597 2.404791 0.141847
v -0.340468 2.309190 -0.139409
v -0.309224 2.295903 -0.132071
v -0.341919 2.345486 -0.153238
v -0.341919 2.345486 -0.153238
v -0.296410 2.323082 -0.145261
v -0.296410 2.323082 -0.145261
v -0.297503 2.342916 -0.132483
v -0.297503 2.342916 -0.132483
v -0.348493 2.366401 -0.148600
v -0.348493 2.366401 -0.148600
v -0.348493 2.366401 -0.148600
v -0.348001 2.310320 -0.126088
v -0.306002 2.869344 -0.177122
v -0.361414 2.813518 -0.171831
v -0.063411 2.904875 -0.209873
v -0.063411 2.904875 -0.209873
v -0.277472 2.990488 -0.064377
v -0.232533 3.016119 -0.058559
v -0.223084 3.022954 -0.118674
v -0.272822 2.991277 -0.120071
v -0.398871 2.567213 -0.174576
v -0.398871 2.567213 -0.174576
v -0.384290 2.643265 -0.173953
v -0.322252 2.762240 -0.190907
v -0.322252 2.762240 -0.190907
v -0.342136 2.725926 -0.180904
v -0.342136 2.725926 -0.180904
v -0.278647 2.798581 -0.193236
v -0.236989 2.830590 -0.196787
v -0.380917 2.435823 -0.120908
v -0.380917 2.435823 -0.120908
v -0.380917 2.435823 -0.120908
v -0.395731 2.500989 -0.133197
v -0.322645 1.791627 -0.014342
v -0.335703 1.797154 -0.013913
v -0.335703 1.797154 -0.013913
v -0.335703 1.797154 -0.013913
v -0.339157 1.805118 -0.010070
v -0.313061 1.804568 -0.017833
v -0.313351 1.788588 -0.013951
v -0.329629 1.836936 -0.024955
v -0.318657 1.831932 -0.026176
v -0.357778 2.340810 -0.030819
v -0.357778 2.340810 -0.030819
v -0.389677 2.427935 -0.074906
v -0.389677 2.427935 -0.074906
v -0.372795 2.436364 -0.060676
v -0.387966 2.473341 -0.085465
v -0.301698 2.799931 0.000896
v -0.132115 2.979716 -0.003528
v -0.117637 2.628899 -0.194520
v -0.178328 2.651623 -0.197518
v -0.311612 1.794315 0.034792
v -0.311612 1.794315 0.034792
v -0.311612 1.794315 0.034792
v -0.328712 1.802585 0.041322
v -0.328712 1.802585 0.041322
v -0.303702 1.787456 0.018102
v -0.303702 1.787456 0.018102
v -0.384098 2.337136 -0.097587
v -0.355983 2.348319 -0.120032
v -0.359246 2.374585 -0.137397
v -0.359246 2.374585 -0.137397
v -0.359994 2.427401 -0.148957
v -0.369925 2.474820 -0.155817
v -0.285022 2.439306 -0.120173
v -0.297212 2.408467 -0.151009
v -0.297146 2.491769 -0.170760
v -0.297146 2.491769 -0.170760
v -0.417118 2.574369 -0.140729
v -0.417118 2.574369 -0.140729
v -0.122127 1.068784 0.003663
v -0.126992 1.106487 0.003381
v -0.126992 1.106487 0.003381
v -0.091223 1.108549 0.009592
v -0.052617 1.103432 0.008143
v -0.052617 1.103432 0.008143
v -0.056732 1.068307 0.006745
v -0.134294 1.122747 -0.004886
v -0.134294 1.122747 -0.004886
v -0.134294 1.122747 -0.004886
v -0.047145 1.118817 0.003051
v -0.047145 1.118817 0.003051
v -0.047145 1.118817 0.003051
v -0.090806 1.123935 0.005268
v -0.144883 1.107956 -0.024723
v -0.144883 1.107956 -0.024723
v -0.109542 1.039884 -0.001246
v -0.065656 1.037874 0.003191
v -0.116929 0.990816 -0.009400
v -0.119609 1.018671 -0.007253
v -0.055644 0.984619 -0.010468
v -0.030829 1.106486 -0.013433
v -0.030829 1.106486 -0.013433
v -0.024661 1.152845 0.013402
v -0.024661 1.152845 0.013402
v -0.024661 1.152845 0.013402
v -0.020733 1.218929 -0.029278
v -0.045067 1.134035 0.021273
v -0.045067 1.134035 0.021273
v -0.078096 0.908958 -0.021870
v -0.080756 0.933610 -0.017299
v -0.169807 1.370688 -0.159234
v -0.157580 1.273808 -0.151387
v -0.045939 1.283987 -0.155885
v -0.031128 1.380292 -0.156145
v -0.006908 1.382416 -0.121906
v -0.013275 1.314109 -0.125670
v -0.003507 1.582891 -0.123666
v -0.024737 1.571082 -0.149044
v -0.140637 1.559294 -0.148788
v -0.162449 0.919658 -0.126297
v -0.157245 0.966627 -0.154700
v -0.157456 0.934363 -0.164709
v -0.157456 0.934363 -0.164709
v -0.134236 0.931885 -0.186874
v -0.091849 0.194365 -0.136257
v -0.091849 0.194365 -0.136257
v -0.099589 0.137617 -0.136247
v -0.099589 0.137617 -0.136247
v -0.099589 0.137617 -0.136247
v -0.112334 0.513381 -0.166939
v -0.089001 0.319205 -0.155807
v -0.161330 0.961277 -0.124132
v -0.154157 1.199807 -0.146316
v -0.148623 1.098645 -0.139957
v -0.152484 0.989761 -0.145083
v -0.149775 1.014790 -0.141408
v -0.010246 1.119275 -0.136065
v -0.010246 1.119275 -0.136065
v -0.010246 1.119275 -0.136065
v -0.017075 1.041716 -0.122664
v -0.162846 1.157270 -0.016665
v -0.162846 1.157270 -0.016665
v -0.099953 1.513552 0.083836
v -0.030508 1.308492 0.018596
v -0.072182 1.405569 0.065102
v -0.072182 1.405569 0.065102
v -0.072182 1.405569 0.065102
v -0.027611 1.371660 0.010479
v -0.043148 1.291039 0.050844
v -0.025195 1.451696 0.030672
v -0.025520 1.539946 0.059732
v -0.012179 1.134167 -0.097682
v -0.011408 1.060148 -0.061392
v -0.160247 1.258493 0.009890
v -0.160247 1.258493 0.009890
v -0.039027 1.204575 0.023545
v -0.039027 1.204575 0.023545
v -0.039027 1.204575 0.023545
v -0.115640 1.228143 0.027153
v -0.069379 1.210619 0.031371
v -0.154379 1.295118 0.030139
v -0.040002 1.236542 0.042675
v -0.040002 1.236542 0.042675
v -0.070996 1.244849 0.049160
v -0.022049 1.005067 -0.051633
v -0.015671 0.947469 -0.101309
v -0.015671 0.947469 -0.101309
v -0.009917 1.720232 0.057512
v -0.153327 1.869659 0.043925
v -0.165961 1.992482 0.050871
v -0.197880 1.543579 0.040898
v -0.165137 1.716356 0.042646
v -0.165246 2.053622 0.057669
v -0.165246 2.053622 0.057669
v -0.154131 1.793232 0.041084
v -0.114574 0.934482 -0.036925
v -0.006462 1.777881 -0.146219
v -0.120534 1.809146 -0.135650
v -0.099718 0.128808 -0.115865
v -0.099718 0.128808 -0.115865
v -0.089774 0.141672 -0.154476
v -0.063709 0.376138 -0.077418
v -0.073432 0.525899 -0.069764
v -0.086044 0.696531 -0.051464
v -0.101734 0.825779 -0.035189
v -0.010551 0.810097 -0.082281
v -0.010551 0.810097 -0.082281
v -0.037933 0.518525 -0.108236
v -0.032696 0.671948 -0.093282
v -0.137483 1.689913 -0.119628
v -0.024596 1.631430 -0.141440
v -0.007080 1.636994 -0.125040
v -0.061531 2.151486 0.134589
v -0.023061 3.172938 0.111885
v -0.005643 3.328299 0.142410
v -0.006271 3.341668 0.136692
v -0.018317 3.298272 0.124403
v -0.018317 3.298272 0.124403
v -0.019170 3.305334 0.129550
v -0.019170 3.305334 0.129550
v -0.012416 3.296996 0.128424
v -0.019810 3.310497 0.118502
v -0.019810 3.310497 0.118502
v -0.018520 3.314594 0.124605
v -0.018520 3.314594 0.124605
v -0.016463 3.320516 0.116639
v -0.016463 3.320516 0.116639
v -0.008374 3.323174 0.134733
v -0.011505 3.322846 0.122115
v -0.011505 3.322846 0.122115
v -0.012045 3.309128 0.137102
v -0.010423 3.318758 0.135528
v -0.006105 3.321074 0.141285
v -0.005603 3.320635 0.146309
v -0.005603 3.320635 0.146309
v -0.005183 3.309440 0.147021
v -0.005183 3.309440 0.147021
v -0.007175 3.309319 0.144380
v -0.007175 3.309319 0.144380
v -0.004864 3.302934 0.142476
v -0.015827 3.339565 0.111761
vn -0.3346 -0.2776 -0.9005
vn -0.1850 -0.2760 -0.9432
vn 0.2733 -0.3713 -0.8874
vn 0.2608 -0.3577 -0.8967
vn 0.0864 -0.6516 0.7536
vn -0.2158 0.4701 -0.8558
vn -0.0549 0.4834 -0.8737
vn 0.4851 0.8690 0.0982
vn 0.3067 -0.1872 -0.9332
vn -0.1825 -0.0314 -0.9827
vn -0.1857 -0.2015 -0.9617
vn 0.4352 -0.2747 -0.8574
vn 0.1579 -0.2405 -0.9577
vn 0.0962 0.0195 -0.9952
vn -0.0161 0.5554 0.8314
vn 0.1619 0.6180 0.7693
vn 0.7026 0.0705 0.7081
vn 0.4828 -0.1369 0.8650
vn 0.4894 -0.0062 0.8720
vn 0.6746 -0.0568 0.7360
vn 0.0937 0.2554 -0.9623
vn 0.9766 -0.1486 -0.1557
vn 0.9227 0.0741 0.3783
vn 0.9831 -0.1808 -0.0297
vn 0.9633 -0.2200 -0.1540
vn 0.9716 -0.0888 -0.2193
vn 0.9940 -0.0607 -0.0906
vn 0.1776 0.9476 0.2654
vn 0.9067 0.2996 0.2970
vn 0.9472 0.2578 0.1905
vn 0.9688 -0.2132 0.1263
vn 0.9660 0.0013 0.2586
vn 0.3453 0.5044 0.7914
vn 0.8098 0.0192 0.5864
vn 0.2887 -0.1290 0.9487
vn 0.9988 -0.0186 0.0443
vn 0.3978 0.6235 0.6731
vn 0.6918 0.1816 -0.6988
vn 0.2563 0.4599 -0.8502
vn 0.0619 -0.1237 -0.9904
vn -0.0254 -0.8026 -0.5959
vn -0.9582 -0.2339 0.1645
vn 0.8005 -0.2973 -0.5204
vn -0.9400 -0.2247 0.2569
vn 0.9792 -0.1685 -0.1129
vn -0.7352 -0.1658 0.6572
vn 0.9345 -0.3124 0.1706
vn 0.1488 -0.0799 0.9856
vn 0.3017 0.4270 0.8524
vn 0.1568 0.0472 0.9865
vn -0.0254 0.0144 0.9996
vn 0.8989 0.3732 -0.2297
vn 0.9759 0.1063 0.1904
vn 0.8885 -0.0996 -0.4480
vn -0.5728 -0.0410 -0.8187
vn -0.7772 -0.2355 -0.5835
vn -0.8645 -0.2911 -0.4097
vn -0.9709 -0.0961 0.2192
vn -0.9426 -0.2236 0.2481
vn -0.0145 -0.1119 0.9936
vn -0.2253 -0.0216 0.9741
vn -0.4309 -0.0630 0.9002
vn 0.8182 0.2160 0.5329
vn 0.2883 0.2849 0.9142
vn -0.2554 0.1152 0.9600
vn 0.9782 0.0449 -0.2026
vn 0.9799 0.0363 -0.1961
vn 0.9780 0.0265 -0.2071
vn 0.9807 0.0851 -0.1762
vn -0.1411 -0.4074 -0.9023
vn -0.1110 -0.3730 -0.9212
vn -0.1377 -0.4034 -0.9046
vn -0.9001 -0.3913 -0.1916
vn -0.8719 -0.3837 0.3042
vn -0.8541 -0.2868 0.4338
vn -0.4420 -0.0645 0.8947
vn -0.8534 -0.2946 0.4301
vn -0.6689 -0.0164 0.7431
vn 0.8188 0.2573 0.5131
vn 0.9815 0.1400 -0.1309
vn 0.8308 0.0157 -0.5563
vn -0.0973 -0.3376 -0.9362
vn -0.4689 -0.3302 -0.8192
vn -0.7914 -0.4335 -0.4310
vn -0.6763 -0.0125 0.7365
vn 0.4859 0.8530 0.1905
vn 0.3168 0.3540 0.8800
vn 0.3630 0.4247 0.8294
vn 0.2961 0.7963 0.5275
vn 0.6598 0.2158 0.7198
vn 0.8171 0.1051 -0.5669
vn 0.8172 0.1035 -0.5670
vn 0.1459 0.7924 -0.5923
vn 0.7979 0.3685 -0.4770
vn 0.2726 -0.2860 -0.9186
vn 0.4801 0.5833 0.6552
vn 0.9367 -0.1750 0.3034
vn 0.3401 -0.0492 0.9391
vn 0.7765 0.1474 0.6126
vn 0.7374 0.2742 0.6173
vn -0.2156 0.4155 0.8837
vn 0.8183 0.1055 0.5650
vn 0.8040 0.1177 -0.5829
vn 0.6848 0.0067 -0.7287
vn 0.8221 0.1260 -0.5552
vn 0.1281 -0.1123 -0.9854
vn 0.2614 0.2930 -0.9197
vn -0.2691 -0.4281 -0.8627
vn -0.9480 0.1171 -0.2958
vn -0.3608 0.0688 -0.9301
vn 0.2679 -0.3762 0.8870
vn -0.9176 0.2360 0.3199
vn 0.5600 0.1129 0.8207
vn 0.5155 -0.3860 -0.7650
vn 0.4823 -0.2367 -0.8434
vn 0.8919 -0.0150 0.4520
vn 0.9783 0.0183 -0.2062
vn -0.1410 -0.4770 0.8675
vn 0.2774 0.0624 -0.9587
vn 0.2939 0.1006 -0.9505
vn -0.9940 -0.0750 -0.0800
vn -0.7852 -0.1771 -0.5934
vn -0.8963 -0.4055 -0.1794
vn -0.2603 -0.3848 0.8855
vn -0.8943 -0.4129 -0.1726
vn -0.6775 0.6823 -0.2748
vn 0.4782 -0.1144 -0.8708
vn -0.5497 0.0416 0.8343
vn -0.1538 0.0754 0.9852
vn -0.2327 0.1208 -0.9650
vn 0.3761 -0.4285 0.8215
vn -0.7364 0.3409 0.5844
vn -0.9147 -0.2989 -0.2719
vn -0.6311 -0.5140 -0.5810
vn 0.2914 -0.0207 -0.9564
vn 0.5983 -0.7832 -0.1695
vn -0.1788 -0.1265 0.9757
vn -0.2471 0.0112 0.9689
vn -0.4866 0.0022 0.8736
vn -0.7266 0.2652 -0.6338
vn 0.4825 -0.0975 -0.8705
vn -0.7084 0.0369 0.7049
vn -0.0837 -0.1108 0.9903
vn -0.5761 0.8174 0.0068
vn 0.5097 -0.8574 -0.0714
vn 0.8606 -0.4458 0.2460
vn -0.3820 -0.1174 0.9167
vn -0.8198 0.4323 -0.3755
vn -0.3482 -0.1752 0.9209
vn -0.9709 -0.2128 -0.1099
vn -0.8709 0.4023 -0.2823
vn 0.8634 -0.5015 -0.0543
vn 0.9985 -0.0541 0.0048
vn 0.5098 -0.2564 -0.8212
vn 0.7749 -0.2956 0.5587
vn -0.7581 0.2489 -0.6027
vn -0.8278 -0.4411 -0.3466
vn -0.6953 0.7179 0.0343
vn 0.7729 -0.6168 -0.1491
vn -0.1566 -0.3664 0.9172
vn -0.4723 -0.0100 0.8814
vn 0.4796 -0.0882 -0.8730
vn 0.4793 -0.0955 -0.8725
vn -0.5004 0.0083 0.8658
vn -0.6007 0.7964 0.0696
vn 0.4838 -0.0838 -0.8711
vn -0.7362 0.0974 0.6697
vn -0.7435 0.2567 -0.6175
vn -0.7418 0.2575 -0.6192
vn 0.0512 0.1072 -0.9929
vn -0.1197 -0.1706 0.9780
vn -0.1800 0.1121 0.9772
vn 0.7725 0.3277 0.5440
vn 0.7810 0.3179 0.5375
vn 0.7586 0.0205 -0.6512
vn 0.0677 -0.3132 -0.9473
vn -0.9390 -0.2365 -0.2496
vn -0.8194 -0.0592 0.5702
vn 0.3083 -0.3963 0.8648
vn -0.3128 0.0888 -0.9456
vn -0.2895 0.0983 -0.9521
vn 0.3333 -0.4084 0.8498
vn -0.2286 0.0242 0.9732
vn -0.7736 -0.5310 -0.3458
vn 0.0886 0.3370 0.9373
vn 0.8397 0.3438 0.4203
vn 0.9520 0.2456 -0.1827
vn 0.9420 0.2764 -0.1905
vn 0.8777 -0.0019 -0.4792
vn -0.7019 -0.3182 -0.6373
vn -0.8852 -0.0565 0.4617
vn -0.1172 0.2637 0.9575
vn 0.7725 -0.5753 0.2689
vn -0.0364 0.3408 -0.9394
vn -0.9186 0.0094 -0.3950
vn 0.5918 -0.2002 0.7808
vn -0.0964 0.0377 0.9946
vn 0.5665 0.1021 0.8177
vn 0.9703 0.1205 0.2096
vn 0.9393 0.1019 0.3275
vn 0.6296 -0.0086 -0.7768
vn 0.7731 0.1659 -0.6122
vn -0.3953 -0.0943 0.9137
vn -0.9263 0.0089 -0.3768
vn -0.8815 -0.4722 -0.0000
vn 0.6526 0.0471 0.7562
vn 0.9926 0.1175 0.0315
vn 0.8167 0.1465 -0.5582
vn 0.1088 -0.3364 -0.9354
vn -0.3282 -0.1701 0.9292
vn -0.9686 0.0060 -0.2485
vn -0.9924 -0.1192 0.0292
vn 0.8852 -0.2167 0.4117
vn 0.5315 -0.8469 0.0183
vn 0.8625 -0.0911 0.4979
vn 0.9179 -0.2803 -0.2808
vn 0.3150 -0.9449 0.0894
vn 0.4977 -0.8671 0.0201
vn 0.8042 -0.1715 -0.5691
vn 0.7360 -0.4295 -0.5233
vn 0.1347 -0.0936 -0.9864
vn 0.7815 0.0777 -0.6190
vn -0.1523 0.4916 -0.8574
vn 0.8033 -0.1768 -0.5687
vn 0.9549 -0.2410 -0.1733
vn 0.9497 -0.1213 -0.2886
vn 0.6251 0.4121 -0.6629
vn 0.5398 0.7874 0.2976
vn 0.9992 -0.0385 0.0050
vn 0.9929 -0.1069 -0.0530
vn 0.5380 0.7466 0.3913
vn 0.9910 -0.1027 -0.0854
vn 0.5232 0.4199 0.7416
vn 0.2759 0.3477 0.8961
vn -0.0675 0.3687 -0.9271
vn -0.3078 0.1566 0.9385
vn 0.7361 -0.4188 -0.5317
vn 0.9670 -0.2278 -0.1138
vn 0.9584 -0.2607 -0.1161
vn 0.7834 0.5605 -0.2687
vn 0.9868 0.0580 0.1509
vn 0.9782 -0.0077 0.2074
vn 0.9107 -0.0676 0.4075
vn 0.9110 -0.1687 0.3763
vn 0.9892 -0.0994 0.1081
vn 0.9172 -0.3973 0.0289
vn 0.7796 0.0756 0.6217
vn 0.8001 0.0532 0.5974
vn 0.9498 0.0199 0.3121
vn 0.9674 -0.2388 -0.0848
vn 0.9037 -0.1208 -0.4107
vn 0.8469 -0.0232 0.5313
vn 0.8264 0.0121 0.5630
vn 0.9735 0.1023 0.2046
vn 0.9764 0.0150 0.2152
vn 0.9528 0.1158 0.2806
vn 0.9531 0.0846 0.2907
vn 0.9601 -0.1820 0.2124
vn 0.9550 -0.1516 0.2549
vn 0.9640 -0.1838 0.1920
vn 0.9773 0.0508 0.2059
vn 0.9419 -0.0067 0.3358
vn 0.9063 -0.1844 0.3803
vn 0.9446 -0.1520 0.2910
vn 0.3316 0.9404 -0.0750
vn 0.1660 -0.0738 -0.9834
vn 0.9888 -0.1237 0.0831
vn 0.9189 -0.3928 0.0366
vn 0.9831 -0.1770 -0.0465
vn 0.6334 -0.6787 0.3718
vn 0.1733 -0.9248 0.3387
vn 0.8062 -0.0600 0.5887
vn 0.9928 -0.1128 -0.0406
vn 0.2347 -0.8912 0.3881
vn 0.6426 -0.6912 0.3305
vn 0.9663 -0.1807 0.1834
vn 0.6425 -0.7208 0.2600
vn 0.9850 0.0759 0.1551
vn 0.9580 0.0924 0.2714
vn 0.9169 -0.1708 0.3607
vn 0.9372 -0.2268 0.2650
vn 0.9809 -0.0839 0.1757
vn 0.9104 -0.2395 0.3373
vn 0.9571 0.1125 0.2670
vn 0.9709 -0.0106 0.2394
vn 0.9891 -0.0416 0.1412
vn 0.9388 -0.0718 0.3368
vn 0.1672 -0.1597 -0.9729
vn 0.6202 -0.6819 0.3878
vn 0.8830 -0.2013 0.4240
vn 0.9586 -0.1088 0.2632
vn 0.8652 -0.1763 0.4695
vn 0.8779 -0.1971 0.4365
vn 0.9343 -0.2079 0.2897
vn 0.0545 0.2136 -0.9754
vn 0.9126 -0.1604 0.3762
vn 0.6742 -0.5070 0.5370
vn 0.0601 -0.1387 0.9885
vn 0.6350 -0.3019 0.7111
vn 0.9781 -0.0346 0.2053
vn 0.9854 -0.1540 0.0729
vn 0.9806 0.1803 0.0771
vn 0.9880 -0.0473 -0.1468
vn 0.5154 0.3169 -0.7962
vn 0.4630 0.0851 -0.8822
vn -0.7646 -0.1853 0.6173
vn -0.9520 0.0050 0.3061
vn -0.3944 0.0657 -0.9166
vn -0.9446 0.2450 -0.2182
vn 0.9733 -0.0077 -0.2292
vn 0.1767 0.8475 0.5005
vn -0.9933 -0.0510 0.1034
vn 0.9776 0.0029 -0.2105
vn 0.4280 0.8052 0.4104
vn -0.9565 -0.0089 0.2915
vn 0.7718 0.6038 -0.1993
vn 0.8573 -0.0948 -0.5060
vn 0.9322 0.3302 0.1481
vn 0.7874 0.2472 0.5648
vn 0.8722 0.0038 -0.4891
vn 0.7133 0.2374 -0.6594
vn 0.0686 -0.9659 -0.2498
vn -0.0068 0.9903 0.1388
vn -0.9765 0.0065 0.2155
vn -0.9803 -0.0507 -0.1911
vn -0.9913 -0.1027 -0.0822
vn -0.8783 0.0590 -0.4745
vn -0.9164 0.0008 -0.4003
vn -0.0949 0.8686 0.4864
vn -0.9801 -0.0819 0.1810
vn -0.5691 0.0060 0.8222
vn 0.6946 -0.0673 0.7162
vn 0.7469 -0.1446 0.6490
vn -0.6228 -0.0510 0.7807
vn 0.9181 -0.0680 0.3904
vn 0.9030 -0.1487 0.4032
vn 0.9688 -0.0553 -0.2417
vn 0.9230 -0.1765 -0.3418
vn 0.7480 -0.0383 -0.6625
vn 0.7085 -0.2379 -0.6644
vn -0.7124 -0.0415 0.7005
vn -0.7505 0.0778 0.6563
vn -0.1647 0.0314 -0.9858
vn -0.9831 0.1000 0.1535
vn -0.9271 -0.0871 0.3645
vn -0.2332 -0.1310 -0.9636
vn 0.0140 0.8807 0.4735
vn 0.3537 -0.0225 0.9351
vn 0.1288 -0.0597 0.9899
vn 0.9028 -0.0901 0.4205
vn 0.8819 -0.1739 0.4381
vn 0.9525 -0.1276 -0.2767
vn 0.1616 -0.0004 -0.9869
vn -0.3065 -0.0739 0.9490
vn -0.3126 0.0345 -0.9493
vn -0.9702 0.1071 -0.2173
vn 0.6472 -0.2764 0.7105
vn 0.7891 -0.1225 0.6020
vn 0.9122 -0.0712 0.4035
vn 0.9845 -0.0186 -0.1743
vn 0.4757 0.5202 -0.7093
vn -0.8517 0.1142 0.5115
vn -0.2955 0.0039 -0.9553
vn -0.8174 0.1508 0.5560
vn 0.1535 0.9867 0.0542
vn 0.5344 0.7751 0.3371
vn 0.3694 0.8280 0.4218
vn 0.9571 0.0888 -0.2757
vn -0.9918 -0.0028 0.1275
vn 0.5882 0.7670 0.2565
vn 0.9991 0.0092 -0.0423
vn 0.0857 -0.9914 0.0986
vn 0.9726 0.0739 -0.2206
vn 0.6236 0.7756 0.0982
vn -0.9936 0.0969 -0.0577
vn -0.9904 0.0495 0.1290
vn -0.1195 0.9499 0.2888
vn -0.9928 0.1178 -0.0217
vn 0.1506 0.9499 0.2739
vn 0.0249 0.8732 0.4867
vn 0.8642 0.0715 -0.4980
vn 0.0025 -1.0000 -0.0052
vn 0.9078 0.1270 -0.3996
vn -0.2018 -0.9618 -0.1850
vn -0.0608 -0.9912 0.1176
vn 0.7502 -0.1969 0.6312
vn -0.5666 -0.1178 0.8155
vn 0.8965 -0.1802 0.4048
vn 0.9496 -0.1784 -0.2577
vn 0.8119 -0.1577 -0.5621
vn -0.5605 -0.1636 0.8118
vn -0.8671 -0.1966 0.4577
vn -0.2712 -0.1223 -0.9547
vn 0.1763 -0.1879 0.9662
vn 0.7783 -0.2892 0.5573
vn 0.7339 -0.1594 0.6603
vn -0.0504 -0.0891 0.9947
vn 0.7983 -0.2844 0.5309
vn 0.9944 -0.0872 0.0590
vn 0.7832 -0.0756 -0.6172
vn 0.6759 -0.0290 -0.7364
vn 0.1431 -0.0580 -0.9880
vn -0.7487 -0.0990 0.6554
vn -0.1429 -0.0503 -0.9885
vn -0.9830 -0.1040 0.1510
vn -0.9986 0.0280 0.0456
vn 0.7035 -0.0181 0.7105
vn 0.9968 0.0142 0.0789
vn 0.6389 -0.1853 -0.7466
vn 0.2180 0.1127 -0.9694
vn -0.3838 -0.1450 0.9120
vn -0.9967 0.0637 0.0509
vn -0.6788 -0.1200 -0.7244
vn -0.0508 -0.8988 0.4354
vn 0.0180 -0.9998 0.0049
vn 0.2261 -0.8626 0.4524
vn -0.0076 0.9827 0.1851
vn -0.9885 0.0347 0.1472
vn -0.0077 0.9818 0.1897
vn 0.2860 0.8814 0.3760
vn -0.9491 -0.0136 0.3146
vn 0.9385 -0.0049 -0.3452
vn -0.9969 0.0779 -0.0145
vn -0.3032 -0.9043 -0.3006
vn 0.9899 -0.0700 0.1230
vn -0.1230 -0.9243 -0.3613
vn -0.1828 -0.9669 -0.1783
vn 0.6713 -0.6407 0.3727
vn 0.9484 0.0414 -0.3145
vn 0.9984 -0.0072 0.0553
vn -0.9973 0.0325 0.0657
vn -0.9973 0.0320 0.0666
vn 0.0261 -0.9995 0.0154
vn -0.0042 -0.9999 -0.0151
vn -0.0185 -0.9993 -0.0326
vn 0.3427 -0.6580 0.6706
vn 0.3678 0.1391 0.9195
vn 0.7755 -0.1942 0.6007
vn 0.8146 -0.1407 0.5627
vn 0.4606 0.2165 0.8608
vn 0.2728 -0.6670 0.6933
vn 0.4564 -0.1126 0.8826
vn 0.6521 -0.1218 0.7483
vn 0.5188 0.0542 0.8532
vn 0.9029 0.2284 0.3641
vn 0.1782 0.7245 0.6658
vn 0.1969 0.2615 0.9449
vn 0.5138 -0.8547 0.0742
vn 0.7227 -0.2593 0.6407
vn 0.3285 -0.9409 0.0829
vn 0.7848 -0.1803 0.5929
vn 0.6136 0.3274 0.7186
vn 0.9682 0.0303 0.2485
vn 0.9696 0.1389 0.2016
vn 0.7209 0.6772 0.1473
vn 0.4122 0.2859 0.8651
vn 0.5477 -0.4729 0.6902
vn 0.4142 -0.7312 0.5420
vn 0.2101 -0.6719 0.7102
vn 0.8863 -0.2970 0.3553
vn 0.6831 0.0167 0.7301
vn 0.6923 -0.1246 0.7107
vn 0.0143 0.9495 0.3135
vn 0.0542 -0.9871 0.1508
vn 0.0258 0.9482 0.3166
vn 0.1316 -0.9346 0.3305
vn 0.6899 -0.1290 0.7123
vn 0.0842 -0.9674 0.2389
vn 0.6396 -0.3638 0.6771
vn 0.2005 0.9234 0.3272
vn 0.2341 0.9171 0.3228
vn 0.6718 -0.0666 0.7377
vn 0.2441 0.9497 0.1962
vn 0.2581 0.9431 0.2094
vn 0.6879 -0.0801 0.7214
vn 0.6602 -0.0735 0.7475
vn 0.0405 -0.3104 0.9497
vn 0.5880 -0.6516 0.4792
vn 0.7006 -0.1274 0.7021
vn 0.7460 -0.1614 0.6461
vn 0.3833 -0.9213 0.0656
vn 0.2088 -0.8458 0.4909
vn 0.2524 -0.8261 0.5039
vn 0.0885 -0.9638 0.2514
vn 0.7088 -0.1458 0.6901
vn 0.1786 0.9469 0.2672
vn 0.1484 0.7200 0.6780
vn -0.2246 0.2833 0.9323
vn -0.1132 0.2899 0.9503
vn 0.7069 0.0389 0.7063
vn 0.7895 0.0709 0.6097
vn 0.8245 0.1876 0.5338
vn 0.3489 0.5402 0.7658
vn 0.0448 0.5398 0.8406
vn 0.7424 0.2303 0.6291
vn 0.0791 0.3152 0.9457
vn 0.7608 0.1349 0.6348
vn 0.5742 0.1230 0.8094
vn 0.3974 0.1423 0.9066
vn 0.6876 -0.0264 0.7256
vn 0.5891 0.0176 0.8079
vn 0.2184 0.1650 0.9618
vn -0.0741 -0.0266 0.9969
vn -0.0379 0.0082 0.9992
vn 0.9845 -0.0911 0.1497
vn 0.9341 -0.1559 0.3212
vn 0.9266 -0.1930 0.3227
vn 0.7951 0.0774 0.6015
vn 0.6986 0.1440 0.7009
vn 0.9668 -0.0480 0.2509
vn 0.4692 0.0769 0.8797
vn 0.3926 -0.7279 0.5621
vn 0.6138 0.2800 0.7382
vn 0.6365 -0.1456 0.7574
vn -0.1681 0.1987 0.9655
vn -0.1129 0.1404 0.9836
vn 0.0879 0.1939 0.9771
vn 0.1304 0.0326 0.9909
vn -0.0135 -0.9990 -0.0416
vn -0.1268 -0.2998 -0.9455
vn 0.9668 0.1486 0.2078
vn 0.8526 0.4700 0.2285
vn -0.9340 -0.2447 0.2603
vn -0.8542 -0.2466 -0.4578
vn 0.0923 -0.0585 0.9940
vn -0.0647 -0.0794 0.9947
vn 0.8353 0.0500 -0.5475
vn 0.2729 -0.0340 0.9614
vn 0.8011 -0.2267 0.5540
vn 0.4132 0.7529 0.5122
vn 0.5550 0.2310 0.7991
vn 0.8092 -0.0276 0.5869
vn 0.9783 -0.0572 -0.1993
vn 0.9710 -0.1738 -0.1643
vn -0.2334 0.8399 0.4900
vn -0.5985 0.3413 0.7248
vn -0.4214 0.2207 0.8796
vn 0.7221 -0.0828 0.6868
vn 0.8466 -0.2181 0.4854
vn 0.4450 -0.0869 0.8913
vn 0.9829 -0.1116 -0.1467
vn 0.8496 -0.0334 0.5264
vn 0.3969 -0.1460 0.9062
vn 0.6128 0.1976 0.7651
vn 0.6907 -0.3464 -0.6348
vn 0.7832 0.1966 -0.5899
vn 0.0388 0.0628 -0.9973
vn 0.7997 0.1952 -0.5678
vn 0.6878 0.0595 -0.7235
vn -0.8640 -0.1838 -0.4688
vn -0.3357 0.0054 0.9420
vn 0.7044 0.3149 -0.6361
vn -0.9604 -0.1257 0.2485
vn 0.6185 -0.1445 0.7724
vn 0.1804 0.0732 -0.9809
vn 0.8615 0.1642 0.4805
vn 0.3993 0.0855 0.9128
vn 0.2458 -0.0067 0.9693
vn -0.0279 0.2508 0.9676
vn 0.4917 -0.1520 0.8574
vn 0.7201 -0.2059 0.6627
vn 0.4467 0.1815 0.8761
vn 0.5548 -0.0072 0.8319
vn 0.8378 -0.1818 0.5148
vn 0.8917 -0.0042 -0.4526
vn 0.9004 -0.0058 -0.4350
vn -0.7578 -0.2585 -0.5991
vn -0.1432 -0.2993 -0.9434
vn 0.5969 0.0896 -0.7973
vn 0.4015 -0.0761 0.9127
vn 0.3030 0.6108 0.7316
vn 0.3408 0.5505 0.7621
vn 0.4088 0.3185 0.8552
vn 0.3450 0.7345 0.5844
vn 0.2464 0.0978 -0.9642
vn 0.2468 0.3881 -0.8879
vn 0.2666 0.4259 -0.8646
vn -0.3711 0.0503 -0.9272
vn 0.1084 -0.0389 -0.9934
vn 0.1484 -0.1978 -0.9690
vn 0.1382 0.3400 -0.9302
vn 0.4038 0.5568 0.7258
vn 0.2965 0.4513 -0.8417
vn 0.7390 0.3017 -0.6023
vn 0.5483 -0.1307 -0.8260
vn 0.2124 0.2933 -0.9321
vn 0.2525 0.1516 -0.9557
vn 0.8718 -0.0686 -0.4850
vn 0.8209 0.0497 -0.5689
vn -0.0629 -0.5564 -0.8285
vn -0.9006 -0.2769 -0.3350
vn 0.1287 -0.6420 -0.7558
vn 0.6588 -0.0477 -0.7508
vn -0.9540 -0.1940 -0.2285
vn 0.7985 0.0499 -0.5999
vn -0.4559 -0.3368 -0.8238
vn 0.9581 0.2154 0.1890
vn 0.5190 0.4768 0.7094
vn 0.6350 0.4600 0.6206
vn 0.7513 -0.0896 0.6538
vn -0.0142 -0.3414 -0.9398
vn 0.5391 -0.2496 -0.8044
vn 0.7307 0.3023 0.6122
vn 0.5958 0.1992 -0.7780
vn 0.9399 -0.0318 -0.3398
vn 0.5583 0.1672 -0.8126
vn 0.5782 0.0992 -0.8098
vn 0.8346 0.0624 -0.5473
vn 0.8575 -0.0447 -0.5125
vn -0.8733 -0.3255 -0.3624
vn -0.8541 -0.3294 -0.4025
vn 0.1161 -0.1584 0.9805
vn -0.6464 -0.1982 0.7368
vn 0.0601 0.4185 0.9062
vn 0.8026 -0.1941 0.5640
vn 0.1907 -0.1755 0.9658
vn -0.1127 -0.2007 0.9732
vn 0.8354 -0.1180 0.5368
vn -0.0737 0.3842 0.9203
vn 0.1052 -0.7573 0.6445
vn 0.0672 -0.1841 0.9806
vn 0.7424 -0.2229 0.6318
vn 0.2010 -0.2977 0.9333
vn -0.4750 -0.2766 0.8354
vn -0.2742 -0.2453 0.9299
vn 0.8263 -0.1788 0.5341
vn -0.5764 -0.2722 0.7705
vn -0.4616 -0.6785 0.5715
vn -0.8984 0.2494 0.3616
vn -0.9937 -0.0199 0.1101
vn -0.1896 -0.0817 0.9785
vn -0.9784 -0.1479 0.1444
vn 0.9379 -0.0317 0.3454
vn 0.8344 -0.0818 0.5451
vn 0.4571 0.4919 -0.7410
vn 0.2378 -0.3237 0.9158
vn 0.0311 -0.2824 0.9588
vn -0.5102 -0.3266 0.7957
vn 0.3873 -0.3301 0.8608
vn -0.4017 -0.3428 0.8492
vn 0.1810 0.0287 -0.9831
vn 0.1453 -0.0865 -0.9856
vn -0.7546 -0.0343 -0.6552
vn 0.8662 -0.0570 -0.4965
vn 0.7563 0.0505 -0.6522
vn -0.9991 -0.0376 -0.0173
vn -0.1378 0.0148 -0.9904
vn -0.1496 -0.0349 -0.9881
vn 0.9004 -0.1138 -0.4200
vn -0.9968 -0.0492 -0.0637
vn 0.9012 0.0373 0.4317
vn 0.9704 0.2267 -0.0837
vn 0.7664 0.2235 -0.6022
vn 0.4566 0.5376 -0.7088
vn 0.7013 -0.1694 -0.6924
vn 0.7519 -0.0334 -0.6584
vn 0.8791 -0.2003 -0.4326
vn 0.9211 0.0282 -0.3883
vn 0.9666 0.2439 -0.0786
vn 0.2519 -0.0262 -0.9674
vn 0.5022 0.3442 -0.7933
vn 0.4537 0.0810 -0.8874
vn 0.9966 0.0599 -0.0562
vn 0.5481 0.1957 -0.8132
vn -0.9900 -0.1128 0.0852
vn -0.9935 -0.0944 0.0636
vn -0.9854 -0.0555 0.1610
vn 0.9083 -0.1507 0.3902
vn 0.9110 -0.3932 0.1247
vn 0.0292 0.1742 0.9843
vn 0.1047 0.0349 0.9939
vn -0.9594 -0.1088 0.2602
vn 0.0566 -0.0905 0.9943
vn -0.2131 0.0553 0.9755
vn 0.5597 -0.3597 0.7466
vn -0.5946 -0.2911 0.7494
vn -0.4429 -0.3336 0.8322
vn 0.1228 -0.1544 0.9803
vn -0.8717 0.2303 0.4325
vn -0.2257 -0.1550 0.9618
vn -0.3340 -0.1872 0.9238
vn -0.5896 -0.2304 0.7742
vn -0.0174 -0.1640 0.9863
vn -0.9279 0.0863 0.3628
vn -0.9805 -0.0690 0.1840
vn -0.9919 0.0087 0.1264
vn -0.9889 -0.1255 0.0793
vn -0.9788 -0.0391 0.2013
vn -0.1399 0.0335 -0.9896
vn -0.9989 -0.0335 0.0333
vn -0.9702 -0.1125 0.2148
vn -0.6406 -0.2882 0.7118
vn -0.9568 -0.0671 0.2827
vn -0.9963 -0.0349 0.0789
vn -0.9984 0.0269 0.0495
vn -0.9893 -0.1190 -0.0838
vn 0.5140 -0.4435 0.7342
vn 0.3739 -0.5071 0.7766
vn 0.0552 -0.5908 0.8049
vn -0.9360 -0.2041 0.2867
vn 0.8094 -0.2678 0.5227
vn 0.3347 -0.3688 0.8671
vn 0.1092 -0.5820 0.8058
vn -0.9525 -0.0868 0.2920
vn -0.9386 -0.3085 -0.1545
vn -0.8418 -0.1470 -0.5194
vn -0.3377 -0.1714 0.9255
vn 0.0202 -0.0594 0.9980
vn -0.2140 -0.1288 0.9683
vn -0.1973 -0.1492 0.9689
vn -0.1980 -0.1494 0.9688
vn 0.9726 0.0773 0.2191
vn 0.9670 0.0221 0.2539
vn 0.9715 0.1144 0.2075
vn 0.9693 -0.1100 0.2197
vn 0.9643 0.0855 0.2508
vn 0.0794 -0.0454 -0.9958
vn 0.8168 0.1478 -0.5577
vn 0.9890 -0.0769 -0.1263
vn 0.8673 -0.0883 -0.4899
vn 0.5187 -0.0713 0.8520
vn 0.6787 -0.1536 0.7182
vn -0.5020 -0.1092 0.8579
vn -0.5496 -0.0580 0.8334
vn -0.9465 0.0947 0.3084
vn -0.8619 -0.2040 0.4642
vn -0.6124 -0.1519 0.7758
vn 0.9314 0.0402 -0.3617
vn 0.0036 -0.0482 -0.9988
vn 0.0178 -0.0668 -0.9976
vn 0.0144 0.0189 -0.9997
vn 0.4365 0.0783 -0.8963
vn 0.6172 0.0108 -0.7868
vn 0.0404 0.1150 -0.9925
vn 0.2433 -0.4201 -0.8742
vn -0.0710 0.1295 -0.9890
vn -0.7035 -0.0588 -0.7083
vn -0.9990 0.0411 -0.0148
vn 0.0975 -0.0389 0.9945
vn 0.2888 -0.1031 0.9518
vn 0.6086 -0.0396 0.7925
vn 0.7337 -0.0265 0.6789
vn 0.3415 -0.9387 0.0464
vn 0.6694 -0.0660 0.7400
vn 0.7053 -0.1108 0.7002
vn 0.9669 0.1069 0.2318
vn 0.4127 -0.7258 0.5505
vn 0.4783 -0.7062 0.5220
vn 0.7752 0.3391 0.5330
vn 0.8443 0.0528 0.5333
vn 0.6781 0.6703 0.3016
vn 0.5747 -0.6478 0.5001
vn 0.6623 0.6974 0.2738
vn 0.7212 0.5735 0.3885
vn 0.9698 0.0562 0.2372
vn 0.2489 -0.7659 0.5929
vn 0.6193 -0.6302 0.4683
vn 0.5118 -0.6812 0.5235
vn 0.8643 0.0874 0.4954
vn 0.4888 0.2997 0.8193
vn 0.3705 0.3120 0.8749
vn 0.2463 0.3164 0.9161
vn -0.0930 0.4785 0.8732
vn 0.3594 0.4394 0.8233
vn 0.0455 0.4255 0.9038
vn -0.1857 0.3814 0.9056
vn -0.0951 0.4097 0.9072
vn 0.5216 0.4168 0.7444
vn 0.7346 0.2776 0.6191
vn 0.2061 0.4463 0.8708
vn 0.7065 0.3323 0.6249
vn 0.3303 0.6176 0.7138
vn 0.9397 -0.3280 -0.0963
vn 0.9335 -0.3580 0.0187
vn 0.4708 0.6360 0.6114
vn 0.6177 0.7848 -0.0494
vn 0.2179 0.4816 -0.8488
vn 0.3859 0.1263 0.9138
vn 0.1906 0.2818 -0.9403
vn 0.1876 0.1833 -0.9650
vn 0.6983 0.1212 0.7054
vn 0.2193 0.6151 0.7573
vn 0.3022 0.7428 0.5974
vn 0.6400 0.4120 0.6486
vn 0.1480 0.5742 0.8052
vn 0.1841 0.5672 0.8027
vn 0.4977 0.4663 0.7314
vn 0.3040 0.3521 0.8852
vn 0.6161 0.3855 0.6869
vn 0.6905 0.2470 0.6799
vn 0.5306 0.5546 0.6410
vn 0.5469 0.4672 0.6948
vn 0.3346 -0.2776 -0.9005
vn 0.1850 -0.2760 -0.9432
vn -0.2757 -0.3715 -0.8866
vn -0.2608 -0.3577 -0.8967
vn -0.0864 -0.6516 0.7536
vn 0.2752 0.2738 0.9216
vn -0.0000 0.0529 0.9986
vn 0.2158 0.4701 -0.8558
vn 0.0549 0.4834 -0.8737
vn 0.2828 0.4152 -0.8646
vn 0.2176 0.4691 -0.8559
vn -0.4851 0.8690 0.0982
vn -0.3067 -0.1872 -0.9332
vn 0.1825 -0.0314 -0.9827
vn 0.1857 -0.2015 -0.9617
vn -0.4327 -0.2755 -0.8584
vn -0.0000 0.0245 -0.9997
vn 0.2806 -0.3950 -0.8748
vn -0.1579 -0.2405 -0.9577
vn -0.0962 0.0195 -0.9952
vn 0.0161 0.5554 0.8314
vn -0.1619 0.6180 0.7693
vn 0.2334 0.8399 0.4900
vn -0.0000 0.5521 0.8338
vn -0.7026 0.0705 0.7081
vn -0.4828 -0.1369 0.8650
vn -0.4894 -0.0062 0.8720
vn -0.6746 -0.0568 0.7360
vn -0.0937 0.2554 -0.9623
vn -0.9766 -0.1486 -0.1557
vn -0.9227 0.0741 0.3783
vn -0.9831 -0.1808 -0.0297
vn -0.9633 -0.2200 -0.1540
vn -0.9716 -0.0888 -0.2193
vn -0.9940 -0.0607 -0.0906
vn -0.7861 0.6085 -0.1087
vn -0.1776 0.9476 0.2654
vn -0.9067 0.2996 0.2970
vn -0.9472 0.2578 0.1905
vn -0.9688 -0.2132 0.1263
vn -0.9660 0.0013 0.2586
vn -0.3453 0.5044 0.7914
vn -0.8098 0.0192 0.5864
vn -0.2887 -0.1290 0.9487
vn -0.9988 -0.0186 0.0443
vn -0.3978 0.6235 0.6731
vn -0.6918 0.1816 -0.6988
vn -0.2563 0.4599 -0.8502
vn -0.0619 -0.1237 -0.9904
vn 0.0254 -0.8026 -0.5959
vn 0.9582 -0.2339 0.1645
vn -0.8005 -0.2973 -0.5204
vn 0.9400 -0.2247 0.2569
vn -0.9792 -0.1685 -0.1129
vn 0.7352 -0.1658 0.6572
vn -0.9345 -0.3124 0.1706
vn -0.1488 -0.0799 0.9856
vn -0.3017 0.4270 0.8524
vn -0.1568 0.0472 0.9865
vn 0.0254 0.0144 0.9996
vn -0.8989 0.3732 -0.2297
vn -0.9759 0.1063 0.1904
vn -0.8885 -0.0996 -0.4480
vn 0.5728 -0.0410 -0.8187
vn 0.7772 -0.2355 -0.5835
vn 0.8645 -0.2911 -0.4097
vn 0.9709 -0.0961 0.2192
vn 0.9426 -0.2236 0.2481
vn 0.0145 -0.1119 0.9936
vn 0.2253 -0.0216 0.9741
vn 0.4309 -0.0630 0.9002
vn -0.8182 0.2160 0.5329
vn -0.2883 0.2849 0.9142
vn 0.2554 0.1152 0.9600
vn -0.9782 0.0449 -0.2026
vn -0.9799 0.0363 -0.1961
vn -0.9780 0.0265 -0.2071
vn -0.9807 0.0851 -0.1762
vn 0.1411 -0.4074 -0.9023
vn 0.1110 -0.3730 -0.9212
vn 0.1377 -0.4034 -0.9046
vn 0.9001 -0.3913 -0.1916
vn 0.8719 -0.3837 0.3042
vn 0.8541 -0.2868 0.4338
vn 0.4420 -0.0645 0.8947
vn 0.8534 -0.2946 0.4301
vn 0.6689 -0.0164 0.7431
vn -0.8188 0.2573 0.5131
vn -0.9815 0.1400 -0.1309
vn -0.8308 0.0157 -0.5563
vn 0.0973 -0.3376 -0.9362
vn 0.4689 -0.3302 -0.8192
vn 0.7914 -0.4335 -0.4310
vn 0.6763 -0.0125 0.7365
vn -0.4859 0.8530 0.1905
vn -0.3168 0.3540 0.8800
vn -0.3630 0.4247 0.8294
vn -0.2961 0.7963 0.5275
vn -0.6598 0.2158 0.7198
vn -0.8171 0.1051 -0.5669
vn -0.8172 0.1035 -0.5670
vn -0.1459 0.7924 -0.5923
vn -0.7979 0.3685 -0.4770
vn 0.3214 -0.3079 -0.8955
vn 0.3604 -0.2072 -0.9095
vn 0.3666 -0.0280 -0.9299
vn 0.3545 -0.1754 -0.9185
vn -0.2726 -0.2860 -0.9186
vn -0.4801 0.5833 0.6552
vn -0.9367 -0.1750 0.3034
vn -0.0000 -0.1664 0.9861
vn -0.3401 -0.0492 0.9391
vn -0.0000 0.0191 0.9998
vn -0.0000 0.7205 0.6934
vn -0.0000 0.9818 -0.1898
vn -0.0000 0.8010 -0.5987
vn -0.0000 -0.0271 -0.9996
vn -0.7765 0.1474 0.6126
vn -0.7374 0.2742 0.6173
vn 0.2156 0.4155 0.8837
vn -0.8183 0.1055 0.5650
vn -0.8040 0.1177 -0.5829
vn -0.6848 0.0067 -0.7287
vn -0.8221 0.1260 -0.5552
vn -0.1281 -0.1123 -0.9854
vn -0.2614 0.2930 -0.9197
vn 0.2691 -0.4281 -0.8627
vn 0.9480 0.1171 -0.2958
vn 0.3608 0.0688 -0.9301
vn -0.2679 -0.3762 0.8870
vn 0.9176 0.2360 0.3199
vn -0.5600 0.1129 0.8207
vn -0.5155 -0.3860 -0.7650
vn -0.4823 -0.2367 -0.8434
vn -0.8919 -0.0150 0.4520
vn -0.9783 0.0183 -0.2062
vn 0.1410 -0.4770 0.8675
vn -0.2774 0.0624 -0.9587
vn -0.2939 0.1006 -0.9505
vn 0.9940 -0.0750 -0.0800
vn 0.7852 -0.1771 -0.5934
vn 0.8963 -0.4055 -0.1794
vn 0.2603 -0.3848 0.8855
vn 0.8943 -0.4129 -0.1726
vn 0.6775 0.6823 -0.2748
vn -0.4782 -0.1144 -0.8708
vn 0.5497 0.0416 0.8343
vn 0.1538 0.0754 0.9852
vn 0.2327 0.1208 -0.9650
vn -0.3761 -0.4285 0.8215
vn 0.7364 0.3409 0.5844
vn 0.9147 -0.2989 -0.2719
vn 0.6311 -0.5140 -0.5810
vn -0.2914 -0.0207 -0.9564
vn -0.5983 -0.7832 -0.1695
vn 0.1788 -0.1265 0.9757
vn 0.2471 0.0112 0.9689
vn 0.4866 0.0022 0.8736
vn 0.7266 0.2652 -0.6338
vn -0.4825 -0.0975 -0.8705
vn 0.7084 0.0369 0.7049
vn 0.0837 -0.1108 0.9903
vn 0.5761 0.8174 0.0068
vn -0.5097 -0.8574 -0.0714
vn -0.8606 -0.4458 0.2460
vn 0.3820 -0.1174 0.9167
vn 0.8198 0.4323 -0.3755
vn 0.3482 -0.1752 0.9209
vn 0.9709 -0.2128 -0.1099
vn 0.8709 0.4023 -0.2823
vn -0.8634 -0.5015 -0.0543
vn -0.9985 -0.0541 0.0048
vn -0.5098 -0.2564 -0.8212
vn -0.7749 -0.2956 0.5587
vn 0.7581 0.2489 -0.6027
vn 0.8278 -0.4411 -0.3466
vn 0.6953 0.7179 0.0343
vn -0.7729 -0.6168 -0.1491
vn 0.1566 -0.3664 0.9172
vn 0.4723 -0.0100 0.8814
vn -0.4796 -0.0882 -0.8730
vn -0.4793 -0.0955 -0.8725
vn 0.5004 0.0083 0.8658
vn 0.6007 0.7964 0.0696
vn -0.4838 -0.0838 -0.8711
vn 0.7362 0.0974 0.6697
vn 0.7435 0.2567 -0.6175
vn 0.7418 0.2575 -0.6192
vn -0.0512 0.1072 -0.9929
vn 0.1197 -0.1706 0.9780
vn 0.1800 0.1121 0.9772
vn -0.7725 0.3277 0.5440
vn -0.7810 0.3179 0.5375
vn -0.7586 0.0205 -0.6512
vn -0.0677 -0.3132 -0.9473
vn 0.9390 -0.2365 -0.2496
vn 0.8194 -0.0592 0.5702
vn -0.3083 -0.3963 0.8648
vn 0.3128 0.0888 -0.9456
vn 0.2895 0.0983 -0.9521
vn -0.3333 -0.4084 0.8498
vn 0.2286 0.0242 0.9732
vn 0.7736 -0.5310 -0.3458
vn -0.0886 0.3370 0.9373
vn -0.8397 0.3438 0.4203
vn -0.9520 0.2456 -0.1827
vn -0.9420 0.2764 -0.1905
vn -0.8777 -0.0019 -0.4792
vn 0.7019 -0.3182 -0.6373
vn 0.8852 -0.0565 0.4617
vn 0.1172 0.2637 0.9575
vn -0.7725 -0.5753 0.2689
vn 0.0364 0.3408 -0.9394
vn 0.9186 0.0094 -0.3950
vn 0.2490 0.4468 -0.8593
vn -0.5918 -0.2002 0.7808
vn 0.0964 0.0377 0.9946
vn -0.5665 0.1021 0.8177
vn -0.9703 0.1205 0.2096
vn -0.9394 0.1019 0.3275
vn -0.6296 -0.0086 -0.7768
vn -0.7731 0.1659 -0.6122
vn -0.0000 -0.1518 0.9884
vn -0.0000 0.0991 0.9951
vn 0.6531 -0.7228 0.2259
vn 0.3953 -0.0943 0.9137
vn 0.9263 0.0089 -0.3768
vn 0.8815 -0.4722 -0.0000
vn 0.7044 -0.6963 0.1380
vn -0.6526 0.0471 0.7562
vn -0.9926 0.1175 0.0315
vn -0.8167 0.1465 -0.5582
vn -0.1088 -0.3364 -0.9354
vn 0.3282 -0.1701 0.9292
vn 0.9686 0.0060 -0.2485
vn 0.9924 -0.1192 0.0292
vn -0.8852 -0.2167 0.4117
vn -0.5315 -0.8469 0.0183
vn -0.8625 -0.0911 0.4979
vn -0.9179 -0.2803 -0.2808
vn -0.3150 -0.9449 0.0894
vn -0.0000 -0.9936 0.1131
vn -0.2915 -0.0897 0.9523
vn -0.4977 -0.8671 0.0201
vn -0.0000 -0.1907 -0.9817
vn -0.8042 -0.1715 -0.5691
vn -0.7360 -0.4295 -0.5233
vn -0.0000 -0.6861 -0.7275
vn -0.0000 -0.0856 -0.9963
vn -0.1347 -0.0936 -0.9864
vn -0.7815 0.0777 -0.6190
vn -0.0000 0.0923 -0.9957
vn -0.0000 0.4970 -0.8678
vn 0.1523 0.4916 -0.8574
vn -0.8033 -0.1768 -0.5687
vn -0.9549 -0.2410 -0.1733
vn -0.9497 -0.1213 -0.2886
vn -0.6250 0.4121 -0.6629
vn -0.5398 0.7874 0.2976
vn -0.9992 -0.0385 0.0050
vn -0.9929 -0.1069 -0.0530
vn -0.5380 0.7466 0.3913
vn -0.9910 -0.1027 -0.0854
vn -0.5232 0.4199 0.7416
vn -0.2759 0.3477 0.8961
vn -0.3969 -0.1460 0.9062
vn -0.0000 0.3490 -0.9371
vn 0.0675 0.3687 -0.9271
vn 0.3078 0.1566 0.9385
vn -0.3431 -0.1171 0.9320
vn -0.7361 -0.4188 -0.5317
vn -0.9670 -0.2278 -0.1138
vn -0.9584 -0.2607 -0.1161
vn -0.7834 0.5605 -0.2687
vn -0.9868 0.0580 0.1509
vn -0.9782 -0.0077 0.2074
vn -0.9107 -0.0676 0.4075
vn -0.9110 -0.1687 0.3763
vn -0.9892 -0.0994 0.1081
vn -0.9172 -0.3973 0.0289
vn -0.7796 0.0756 0.6217
vn -0.8001 0.0532 0.5974
vn -0.9498 0.0199 0.3121
vn -0.9674 -0.2388 -0.0848
vn -0.9037 -0.1208 -0.4107
vn -0.8469 -0.0232 0.5313
vn -0.8264 0.0121 0.5630
vn -0.9735 0.1023 0.2046
vn -0.9764 0.0150 0.2152
vn -0.9528 0.1158 0.2806
vn -0.9531 0.0846 0.2907
vn -0.9601 -0.1820 0.2124
vn -0.9550 -0.1516 0.2549
vn -0.9640 -0.1838 0.1920
vn -0.9773 0.0508 0.2059
vn -0.9419 -0.0067 0.3358
vn -0.9063 -0.1844 0.3803
vn -0.9446 -0.1520 0.2910
vn -0.3316 0.9404 -0.0750
vn -0.1660 -0.0738 -0.9834
vn -0.9888 -0.1237 0.0831
vn -0.9189 -0.3928 0.0366
vn -0.9831 -0.1770 -0.0465
vn -0.6333 -0.6787 0.3718
vn -0.1733 -0.9248 0.3387
vn -0.8062 -0.0600 0.5887
vn -0.9928 -0.1128 -0.0406
vn -0.2347 -0.8912 0.3881
vn -0.6426 -0.6912 0.3305
vn -0.9663 -0.1807 0.1834
vn -0.6425 -0.7208 0.2600
vn -0.9850 0.0759 0.1551
vn -0.9580 0.0924 0.2714
vn -0.9169 -0.1708 0.3607
vn -0.9372 -0.2268 0.2650
vn -0.9809 -0.0839 0.1757
vn -0.9104 -0.2395 0.3373
vn -0.9571 0.1125 0.2670
vn -0.9709 -0.0106 0.2394
vn -0.9891 -0.0416 0.1412
vn -0.9388 -0.0718 0.3368
vn -0.0000 -0.1620 -0.9868
vn -0.1672 -0.1597 -0.9729
vn -0.6202 -0.6819 0.3878
vn -0.8830 -0.2013 0.4240
vn -0.9586 -0.1088 0.2632
vn -0.8652 -0.1763 0.4695
vn -0.8779 -0.1971 0.4365
vn -0.9343 -0.2079 0.2897
vn -0.0545 0.2136 -0.9754
vn -0.0000 0.1779 -0.9841
vn -0.0000 -0.0509 0.9987
vn -0.9126 -0.1604 0.3762
vn -0.6742 -0.5070 0.5370
vn -0.0601 -0.1387 0.9885
vn -0.6350 -0.3019 0.7111
vn -0.9781 -0.0346 0.2053
vn -0.9854 -0.1540 0.0729
vn -0.9806 0.1803 0.0771
vn -0.9880 -0.0473 -0.1468
vn -0.5154 0.3169 -0.7962
vn -0.4630 0.0851 -0.8822
vn 0.7646 -0.1853 0.6173
vn 0.9520 0.0050 0.3061
vn 0.3944 0.0657 -0.9166
vn 0.9446 0.2450 -0.2182
vn -0.9733 -0.0077 -0.2292
vn -0.1767 0.8475 0.5005
vn 0.9933 -0.0510 0.1034
vn -0.9776 0.0029 -0.2105
vn -0.4280 0.8052 0.4104
vn 0.9565 -0.0089 0.2915
vn -0.7718 0.6038 -0.1993
vn -0.8573 -0.0948 -0.5060
vn -0.9322 0.3302 0.1481
vn -0.7874 0.2472 0.5648
vn -0.8722 0.0038 -0.4891
vn -0.7133 0.2374 -0.6594
vn -0.0686 -0.9659 -0.2498
vn 0.0068 0.9903 0.1388
vn 0.9765 0.0065 0.2155
vn 0.9803 -0.0507 -0.1911
vn 0.9913 -0.1027 -0.0822
vn 0.8783 0.0590 -0.4745
vn 0.9164 0.0008 -0.4003
vn 0.0949 0.8686 0.4864
vn 0.9801 -0.0819 0.1810
vn 0.5691 0.0060 0.8222
vn -0.6946 -0.0673 0.7162
vn -0.7469 -0.1446 0.6490
vn 0.6228 -0.0510 0.7807
vn -0.9181 -0.0680 0.3904
vn -0.9030 -0.1487 0.4032
vn -0.9688 -0.0553 -0.2417
vn -0.9230 -0.1765 -0.3418
vn -0.7480 -0.0383 -0.6625
vn -0.7085 -0.2379 -0.6644
vn 0.7124 -0.0415 0.7005
vn 0.7505 0.0778 0.6563
vn 0.1647 0.0314 -0.9858
vn 0.9831 0.1000 0.1535
vn 0.9271 -0.0871 0.3645
vn 0.2332 -0.1310 -0.9636
vn -0.0140 0.8807 0.4735
vn -0.3537 -0.0225 0.9351
vn -0.1288 -0.0597 0.9899
vn -0.9028 -0.0901 0.4205
vn -0.8819 -0.1739 0.4381
vn -0.9525 -0.1276 -0.2767
vn -0.1616 -0.0004 -0.9869
vn 0.3065 -0.0739 0.9490
vn 0.3126 0.0345 -0.9493
vn 0.9702 0.1071 -0.2173
vn -0.6472 -0.2764 0.7105
vn -0.7891 -0.1225 0.6020
vn -0.9122 -0.0712 0.4035
vn -0.9845 -0.0186 -0.1743
vn -0.4757 0.5202 -0.7093
vn 0.8517 0.1142 0.5114
vn 0.2955 0.0039 -0.9553
vn 0.8174 0.1508 0.5560
vn -0.1535 0.9867 0.0542
vn -0.5344 0.7751 0.3371
vn -0.3694 0.8280 0.4218
vn -0.9571 0.0888 -0.2757
vn 0.9918 -0.0028 0.1275
vn -0.5882 0.7670 0.2565
vn -0.9991 0.0092 -0.0423
vn -0.0857 -0.9914 0.0986
vn -0.9726 0.0739 -0.2206
vn -0.6236 0.7756 0.0982
vn 0.9936 0.0969 -0.0577
vn 0.9904 0.0495 0.1290
vn 0.1195 0.9499 0.2888
vn 0.9928 0.1178 -0.0217
vn -0.1506 0.9499 0.2739
vn -0.0249 0.8732 0.4867
vn -0.8642 0.0715 -0.4980
vn -0.0025 -1.0000 -0.0052
vn -0.9078 0.1270 -0.3996
vn 0.2018 -0.9618 -0.1850
vn 0.0608 -0.9912 0.1176
vn -0.7502 -0.1969 0.6312
vn 0.5666 -0.1178 0.8155
vn -0.8965 -0.1802 0.4048
vn -0.9496 -0.1784 -0.2577
vn -0.8119 -0.1577 -0.5621
vn 0.5605 -0.1636 0.8118
vn 0.8671 -0.1966 0.4577
vn 0.2712 -0.1223 -0.9547
vn -0.1763 -0.1879 0.9662
vn -0.7783 -0.2892 0.5573
vn -0.7339 -0.1594 0.6603
vn 0.0504 -0.0891 0.9947
vn -0.7983 -0.2844 0.5309
vn -0.9944 -0.0872 0.0590
vn -0.7832 -0.0756 -0.6172
vn -0.6759 -0.0290 -0.7364
vn -0.1431 -0.0580 -0.9880
vn 0.7487 -0.0990 0.6554
vn 0.1429 -0.0503 -0.9885
vn 0.9830 -0.1040 0.1510
vn 0.9986 0.0280 0.0456
vn -0.7035 -0.0181 0.7105
vn -0.9968 0.0142 0.0789
vn -0.6389 -0.1853 -0.7466
vn -0.2180 0.1127 -0.9694
vn 0.3838 -0.1450 0.9120
vn 0.9967 0.0637 0.0509
vn 0.6788 -0.1200 -0.7244
vn 0.0508 -0.8988 0.4354
vn -0.0180 -0.9998 0.0049
vn -0.2261 -0.8626 0.4524
vn 0.0076 0.9827 0.1851
vn 0.9885 0.0347 0.1472
vn 0.0077 0.9818 0.1897
vn -0.2860 0.8814 0.3760
vn 0.9491 -0.0136 0.3146
vn -0.9385 -0.0049 -0.3452
vn 0.9969 0.0779 -0.0145
vn 0.3032 -0.9043 -0.3006
vn -0.9899 -0.0700 0.1230
vn 0.1230 -0.9243 -0.3613
vn 0.1828 -0.9669 -0.1783
vn -0.6713 -0.6407 0.3727
vn -0.9484 0.0414 -0.3145
vn -0.9984 -0.0072 0.0553
vn 0.9973 0.0325 0.0657
vn 0.9973 0.0320 0.0666
vn -0.0261 -0.9995 0.0154
vn 0.0042 -0.9999 -0.0151
vn 0.0185 -0.9993 -0.0326
vn -0.3427 -0.6580 0.6706
vn -0.3678 0.1391 0.9195
vn -0.7755 -0.1942 0.6007
vn -0.8146 -0.1407 0.5627
vn -0.4606 0.2165 0.8608
vn -0.2728 -0.6670 0.6933
vn -0.0000 -0.1050 0.9945
vn -0.0000 0.6142 0.7891
vn -0.4564 -0.1126 0.8826
vn -0.6521 -0.1218 0.7483
vn -0.5188 0.0542 0.8532
vn -0.9029 0.2284 0.3641
vn -0.0000 -0.9220 0.3872
vn -0.1782 0.7245 0.6658
vn -0.1969 0.2615 0.9449
vn -0.5138 -0.8547 0.0742
vn -0.7227 -0.2593 0.6407
vn -0.3285 -0.9409 0.0829
vn -0.0000 -0.3360 0.9418
vn -0.0000 -0.9967 0.0816
vn -0.7848 -0.1803 0.5929
vn -0.6136 0.3274 0.7186
vn -0.0000 0.5472 0.8370
vn -0.0000 0.4712 0.8820
vn -0.9682 0.0303 0.2485
vn -0.9696 0.1389 0.2016
vn -0.7209 0.6772 0.1473
vn -0.4122 0.2859 0.8651
vn -0.5477 -0.4729 0.6902
vn -0.4142 -0.7312 0.5420
vn -0.2101 -0.6719 0.7102
vn -0.8863 -0.2970 0.3553
vn -0.6831 0.0167 0.7301
vn -0.0000 0.9556 0.2947
vn -0.0000 -0.6449 0.7643
vn -0.0000 -0.7680 0.6404
vn -0.6923 -0.1246 0.7107
vn -0.0143 0.9495 0.3135
vn -0.0542 -0.9871 0.1508
vn -0.0000 -0.3107 0.9505
vn -0.0258 0.9482 0.3166
vn -0.1316 -0.9346 0.3305
vn -0.0000 -0.9380 0.3466
vn -0.6899 -0.1290 0.7123
vn -0.0842 -0.9674 0.2389
vn -0.6396 -0.3638 0.6771
vn -0.2005 0.9234 0.3272
vn -0.2341 0.9171 0.3228
vn -0.6718 -0.0666 0.7377
vn -0.2441 0.9497 0.1962
vn -0.2581 0.9432 0.2094
vn -0.6879 -0.0801 0.7214
vn -0.6602 -0.0735 0.7475
vn -0.0405 -0.3104 0.9497
vn -0.5880 -0.6516 0.4792
vn -0.7005 -0.1274 0.7021
vn -0.7460 -0.1614 0.6461
vn -0.3833 -0.9213 0.0656
vn -0.0000 -0.8551 0.5184
vn -0.2088 -0.8458 0.4909
vn -0.2524 -0.8261 0.5039
vn -0.0885 -0.9638 0.2514
vn -0.7088 -0.1458 0.6901
vn -0.1786 0.9469 0.2672
vn -0.1484 0.7200 0.6780
vn 0.2246 0.2833 0.9323
vn 0.1132 0.2899 0.9503
vn -0.7069 0.0389 0.7063
vn -0.7894 0.0709 0.6097
vn -0.8245 0.1876 0.5338
vn -0.3489 0.5402 0.7658
vn -0.0448 0.5398 0.8406
vn -0.7424 0.2303 0.6291
vn -0.0791 0.3152 0.9457
vn -0.7608 0.1349 0.6348
vn -0.5742 0.1230 0.8094
vn -0.3974 0.1423 0.9066
vn -0.6876 -0.0264 0.7256
vn -0.5891 0.0176 0.8079
vn -0.2184 0.1650 0.9618
vn 0.0741 -0.0266 0.9969
vn 0.0379 0.0082 0.9992
vn -0.9845 -0.0911 0.1497
vn -0.9341 -0.1559 0.3212
vn -0.9266 -0.1930 0.3227
vn -0.7951 0.0774 0.6015
vn -0.6986 0.1440 0.7009
vn -0.9668 -0.0480 0.2509
vn -0.0000 0.0234 0.9997
vn -0.4692 0.0769 0.8797
vn -0.3926 -0.7279 0.5621
vn -0.6138 0.2800 0.7382
vn -0.6365 -0.1456 0.7574
vn -0.0000 0.2260 0.9741
vn 0.1681 0.1987 0.9655
vn 0.1129 0.1404 0.9836
vn -0.0879 0.1939 0.9771
vn -0.1304 0.0326 0.9909
vn 0.0135 -0.9990 -0.0416
vn 0.1268 -0.2998 -0.9455
vn -0.9668 0.1486 0.2078
vn -0.8526 0.4700 0.2285
vn 0.9340 -0.2447 0.2603
vn 0.8542 -0.2466 -0.4578
vn -0.0923 -0.0585 0.9940
vn 0.0647 -0.0794 0.9947
vn -0.8353 0.0500 -0.5475
vn -0.0000 -0.0475 0.9989
vn -0.2729 -0.0340 0.9614
vn -0.8011 -0.2267 0.5540
vn -0.4132 0.7529 0.5122
vn -0.5550 0.2310 0.7991
vn -0.8092 -0.0276 0.5869
vn -0.9783 -0.0572 -0.1993
vn -0.9710 -0.1738 -0.1643
vn 0.5985 0.3413 0.7248
vn 0.4214 0.2207 0.8796
vn -0.7221 -0.0828 0.6868
vn -0.8466 -0.2181 0.4854
vn -0.4450 -0.0869 0.8913
vn -0.9829 -0.1116 -0.1467
vn -0.8496 -0.0334 0.5264
vn -0.6128 0.1976 0.7651
vn -0.6907 -0.3464 -0.6348
vn -0.7832 0.1966 -0.5899
vn -0.0388 0.0628 -0.9973
vn -0.7997 0.1952 -0.5678
vn -0.6878 0.0595 -0.7235
vn 0.8640 -0.1838 -0.4688
vn 0.3357 0.0054 0.9420
vn -0.7044 0.3149 -0.6361
vn 0.9604 -0.1257 0.2485
vn -0.6185 -0.1445 0.7724
vn -0.1804 0.0732 -0.9809
vn -0.8615 0.1642 0.4805
vn -0.3993 0.0855 0.9128
vn -0.2458 -0.0067 0.9693
vn -0.0000 -0.0343 0.9994
vn 0.0279 0.2508 0.9676
vn -0.4917 -0.1520 0.8574
vn -0.7201 -0.2059 0.6627
vn -0.4467 0.1815 0.8761
vn -0.5548 -0.0072 0.8319
vn 0.9594 0.0068 -0.2820
vn -0.8378 -0.1818 0.5148
vn -0.8917 -0.0042 -0.4526
vn -0.9004 -0.0058 -0.4350
vn 0.7578 -0.2585 -0.5991
vn 0.1432 -0.2993 -0.9434
vn -0.5969 0.0896 -0.7973
vn -0.4015 -0.0761 0.9127
vn -0.3030 0.6108 0.7316
vn -0.3408 0.5505 0.7621
vn -0.4088 0.3185 0.8552
vn -0.3450 0.7345 0.5844
vn -0.2464 0.0978 -0.9642
vn -0.2468 0.3881 -0.8879
vn -0.2666 0.4259 -0.8646
vn 0.3711 0.0503 -0.9272
vn -0.1084 -0.0389 -0.9934
vn -0.1695 -0.2073 -0.9635
vn -0.1382 0.3400 -0.9302
vn -0.4038 0.5568 0.7258
vn -0.2965 0.4513 -0.8417
vn 0.2606 0.4361 -0.8613
vn -0.7390 0.3017 -0.6023
vn -0.5483 -0.1307 -0.8260
vn -0.2124 0.2933 -0.9321
vn -0.2525 0.1516 -0.9557
vn -0.8718 -0.0686 -0.4850
vn -0.8209 0.0497 -0.5689
vn 0.0629 -0.5564 -0.8285
vn 0.9006 -0.2769 -0.3350
vn -0.1287 -0.6421 -0.7558
vn -0.6588 -0.0477 -0.7508
vn 0.9540 -0.1940 -0.2285
vn -0.7985 0.0499 -0.5999
vn 0.4559 -0.3368 -0.8238
vn -0.9581 0.2154 0.1890
vn -0.5190 0.4768 0.7094
vn -0.6350 0.4600 0.6206
vn -0.7513 -0.0896 0.6538
vn -0.3541 -0.3997 -0.8455
vn -0.4701 -0.2838 -0.8357
vn -0.7307 0.3023 0.6122
vn -0.5958 0.1992 -0.7780
vn -0.9399 -0.0318 -0.3398
vn -0.5583 0.1672 -0.8126
vn -0.5782 0.0992 -0.8098
vn -0.8346 0.0624 -0.5473
vn -0.8576 -0.0447 -0.5125
vn 0.8733 -0.3255 -0.3624
vn 0.8541 -0.3294 -0.4025
vn -0.1161 -0.1584 0.9805
vn 0.6464 -0.1982 0.7368
vn -0.0601 0.4185 0.9062
vn -0.8026 -0.1941 0.5640
vn -0.1907 -0.1755 0.9658
vn 0.1127 -0.2007 0.9732
vn -0.8354 -0.1180 0.5368
vn 0.0737 0.3842 0.9203
vn -0.1052 -0.7573 0.6445
vn -0.0672 -0.1841 0.9806
vn -0.7424 -0.2229 0.6318
vn -0.2010 -0.2977 0.9333
vn 0.4750 -0.2766 0.8354
vn 0.2742 -0.2453 0.9299
vn -0.8263 -0.1788 0.5341
vn 0.5764 -0.2722 0.7705
vn 0.4616 -0.6785 0.5715
vn 0.8984 0.2494 0.3616
vn 0.9937 -0.0199 0.1101
vn 0.1896 -0.0817 0.9785
vn 0.9784 -0.1479 0.1444
vn -0.9379 -0.0317 0.3454
vn -0.8344 -0.0818 0.5451
vn -0.4571 0.4919 -0.7410
vn -0.2378 -0.3237 0.9158
vn -0.0311 -0.2824 0.9588
vn 0.5102 -0.3266 0.7957
vn -0.3873 -0.3301 0.8608
vn 0.4017 -0.3428 0.8492
vn -0.1810 0.0287 -0.9831
vn -0.1453 -0.0865 -0.9856
vn 0.7546 -0.0343 -0.6552
vn -0.8662 -0.0570 -0.4965
vn -0.7563 0.0505 -0.6522
vn 0.9991 -0.0376 -0.0173
vn 0.1378 0.0148 -0.9904
vn 0.1496 -0.0349 -0.9881
vn -0.9004 -0.1138 -0.4200
vn 0.9968 -0.0492 -0.0637
vn -0.9012 0.0373 0.4317
vn -0.9704 0.2267 -0.0837
vn -0.7664 0.2235 -0.6022
vn -0.4566 0.5376 -0.7088
vn -0.7013 -0.1694 -0.6924
vn -0.7519 -0.0334 -0.6584
vn -0.8791 -0.2003 -0.4326
vn -0.9211 0.0282 -0.3883
vn -0.9666 0.2439 -0.0786
vn -0.2519 -0.0262 -0.9674
vn -0.5022 0.3442 -0.7933
vn -0.4537 0.0810 -0.8874
vn -0.9966 0.0599 -0.0562
vn -0.5481 0.1957 -0.8132
vn 0.9900 -0.1128 0.0852
vn 0.9935 -0.0944 0.0636
vn 0.9854 -0.0555 0.1610
vn -0.9083 -0.1507 0.3902
vn -0.9110 -0.3932 0.1247
vn -0.0292 0.1742 0.9843
vn -0.1047 0.0349 0.9939
vn 0.9594 -0.1088 0.2602
vn -0.0566 -0.0905 0.9943
vn 0.2131 0.0553 0.9755
vn -0.5597 -0.3597 0.7466
vn 0.5946 -0.2911 0.7494
vn 0.4429 -0.3336 0.8322
vn -0.1228 -0.1544 0.9803
vn 0.8717 0.2303 0.4325
vn 0.2257 -0.1550 0.9618
vn 0.3340 -0.1872 0.9238
vn 0.5896 -0.2304 0.7742
vn 0.0174 -0.1640 0.9863
vn 0.9279 0.0863 0.3628
vn 0.9805 -0.0690 0.1840
vn 0.9919 0.0087 0.1264
vn 0.9889 -0.1255 0.0793
vn 0.9788 -0.0391 0.2013
vn 0.1399 0.0335 -0.9896
vn 0.9989 -0.0335 0.0333
vn 0.9702 -0.1125 0.2148
vn 0.6406 -0.2882 0.7118
vn 0.9568 -0.0671 0.2827
vn 0.9963 -0.0349 0.0789
vn 0.9984 0.0269 0.0495
vn 0.9893 -0.1190 -0.0838
vn -0.5140 -0.4435 0.7342
vn -0.3739 -0.5071 0.7766
vn -0.0552 -0.5908 0.8049
vn 0.9360 -0.2041 0.2867
vn -0.8094 -0.2678 0.5227
vn -0.3347 -0.3688 0.8671
vn -0.1092 -0.5820 0.8058
vn 0.9525 -0.0868 0.2920
vn 0.9386 -0.3085 -0.1545
vn 0.8418 -0.1470 -0.5194
vn 0.3377 -0.1714 0.9255
vn -0.0202 -0.0594 0.9980
vn 0.2140 -0.1288 0.9683
vn 0.1973 -0.1492 0.9689
vn 0.1980 -0.1494 0.9688
vn -0.9726 0.0773 0.2191
vn -0.9670 0.0221 0.2539
vn -0.9715 0.1144 0.2075
vn -0.9693 -0.1100 0.2197
vn -0.9643 0.0855 0.2508
vn -0.0794 -0.0454 -0.9958
vn -0.8168 0.1478 -0.5577
vn -0.9890 -0.0769 -0.1263
vn -0.8673 -0.0883 -0.4899
vn -0.5187 -0.0713 0.8520
vn -0.6787 -0.1536 0.7182
vn 0.5020 -0.1092 0.8579
vn 0.5496 -0.0580 0.8334
vn 0.9465 0.0947 0.3084
vn 0.8619 -0.2040 0.4642
vn 0.6124 -0.1519 0.7758
vn -0.9314 0.0402 -0.3617
vn -0.0036 -0.0482 -0.9988
vn -0.0178 -0.0668 -0.9976
vn -0.0144 0.0189 -0.9997
vn -0.4365 0.0783 -0.8963
vn -0.6172 0.0108 -0.7868
vn -0.0404 0.1150 -0.9925
vn -0.2433 -0.4201 -0.8742
vn 0.0710 0.1295 -0.9890
vn 0.7035 -0.0588 -0.7083
vn 0.9990 0.0411 -0.0148
vn -0.0000 -0.0290 0.9996
vn -0.0975 -0.0389 0.9945
vn -0.2888 -0.1031 0.9518
vn -0.0000 -0.0168 0.9999
vn -0.6086 -0.0396 0.7925
vn -0.7337 -0.0265 0.6789
vn -0.3415 -0.9387 0.0464
vn -0.6694 -0.0660 0.7400
vn -0.7053 -0.1108 0.7002
vn -0.9669 0.1069 0.2318
vn -0.0000 0.5068 0.8621
vn -0.4127 -0.7258 0.5505
vn -0.4783 -0.7062 0.5220
vn -0.7752 0.3391 0.5330
vn -0.8443 0.0528 0.5333
vn -0.6781 0.6703 0.3016
vn -0.5747 -0.6478 0.5001
vn -0.6623 0.6974 0.2738
vn -0.7212 0.5735 0.3885
vn -0.0000 -0.0969 0.9953
vn -0.9698 0.0562 0.2372
vn -0.0000 -0.8430 0.5379
vn -0.2489 -0.7659 0.5929
vn -0.0000 -0.7707 0.6371
vn -0.6193 -0.6302 0.4683
vn -0.5118 -0.6812 0.5235
vn -0.8643 0.0874 0.4954
vn -0.4888 0.2997 0.8193
vn -0.3705 0.3120 0.8749
vn -0.2463 0.3164 0.9161
vn -0.0000 0.4468 0.8947
vn 0.0930 0.4785 0.8732
vn -0.3594 0.4394 0.8233
vn -0.0455 0.4255 0.9038
vn 0.1857 0.3814 0.9056
vn -0.0000 0.3697 0.9291
vn 0.0951 0.4097 0.9072
vn -0.5216 0.4168 0.7444
vn -0.7346 0.2776 0.6191
vn -0.2061 0.4463 0.8708
vn -0.7065 0.3323 0.6249
vn -0.3303 0.6176 0.7138
vn -0.9397 -0.3280 -0.0963
vn -0.9335 -0.3580 0.0187
vn -0.4708 0.6360 0.6114
vn -0.6177 0.7848 -0.0494
vn -0.2179 0.4816 -0.8488
vn -0.3859 0.1263 0.9138
vn -0.1906 0.2818 -0.9403
vn -0.1876 0.1833 -0.9650
vn -0.6983 0.1212 0.7054
vn -0.2193 0.6151 0.7573
vn -0.3022 0.7428 0.5974
vn -0.6400 0.4120 0.6486
vn -0.1480 0.5742 0.8052
vn -0.1841 0.5672 0.8027
vn -0.4977 0.4663 0.7314
vn -0.3040 0.3521 0.8852
vn -0.6161 0.3855 0.6869
vn -0.6905 0.2470 0.6799
vn -0.5306 0.5546 0.6410
vn -0.5469 0.4672 0.6948
vn 0.2271 0.9642 0.1368
vn -0.9832 0.0037 0.1822
vn 0.9923 -0.0196 -0.1223
vn 0.1687 0.4617 -0.8709
vn 0.7952 0.3900 -0.4642
vn -0.0000 0.4684 -0.8835
vn 0.1495 0.1442 -0.9782
vn 0.1617 -0.6446 -0.7473
vn 0.1422 -0.6522 -0.7446
vn 0.9662 -0.1728 0.1912
vn 0.6440 -0.7630 -0.0558
vn 0.6552 -0.7496 -0.0937
vn 0.9506 -0.2050 0.2331
vn -0.7753 0.0708 -0.6277
vn -0.7854 -0.1888 -0.5894
vn -0.7565 0.2631 -0.5987
vn 0.2492 0.3206 -0.9138
vn -0.9583 -0.0484 -0.2817
vn 0.4622 0.7711 0.4379
vn 0.3718 -0.3319 0.8670
vn 0.4495 0.8137 0.3686
vn -0.9427 -0.3204 0.0929
vn 0.9129 -0.3209 0.2522
vn 0.9503 -0.2991 0.0864
vn -0.2490 0.4468 -0.8593
vn -0.0000 0.1848 -0.9828
vn 0.6504 -0.2888 0.7025
vn 0.0391 -0.1745 0.9839
vn -0.9827 0.0195 0.1840
vn 0.9781 -0.2065 -0.0263
vn 0.3081 0.7403 -0.5975
vn 0.9338 0.3220 0.1562
vn 0.9984 0.0425 -0.0366
vn 0.9134 0.4067 -0.0162
vn 0.1411 0.1660 0.9760
vn 0.2884 0.2842 0.9144
vn 0.9930 -0.0912 0.0753
vn 0.5070 -0.2252 -0.8320
vn -0.7877 -0.3735 -0.4899
vn 0.4840 -0.0820 -0.8712
vn 0.9996 0.0248 -0.0141
vn 0.5912 -0.6369 -0.4949
vn -0.8258 -0.5606 0.0610
vn -0.7939 0.0134 -0.6079
vn 0.6571 -0.5841 -0.4765
vn 0.1966 -0.6302 -0.7512
vn 0.8794 -0.4659 -0.0979
vn 0.0856 -0.3348 0.9384
vn 0.0595 0.5462 0.8355
vn -0.4603 -0.0058 0.8878
vn -0.8456 -0.5218 -0.1124
vn 0.3286 -0.1301 0.9355
vn 0.1366 -0.3269 -0.9351
vn 0.9689 0.1118 -0.2210
vn -0.0000 -1.0000 -0.0000
vn -0.9243 -0.0919 0.3705
vn -0.9673 -0.0727 0.2428
vn 0.9838 0.0853 -0.1578
vn 0.2048 -0.9085 0.3642
vn 0.8998 -0.3776 -0.2186
vn -0.9590 -0.2588 -0.1153
vn 0.9694 -0.2306 -0.0844
vn 0.9853 -0.1314 -0.1093
vn 0.2069 -0.9558 0.2088
vn -0.9860 0.0055 0.1666
vn 0.9945 -0.0248 -0.1019
vn 0.1798 0.1518 -0.9719
vn 0.9844 -0.1252 -0.1240
vn 0.0571 0.1132 -0.9919
vn 0.7393 0.2100 0.6398
vn 0.7764 -0.3219 0.5419
vn 0.8766 -0.0220 -0.4808
vn 0.8661 -0.4303 -0.2545
vn -0.1028 0.3325 -0.9375
vn -0.1442 -0.0949 -0.9850
vn 0.6635 0.3253 -0.6738
vn 0.1415 -0.6792 -0.7202
vn 0.1415 -0.3521 -0.9252
vn 0.7328 -0.4282 -0.5288
vn 0.0282 0.3207 0.9467
vn 0.0160 0.2967 0.9548
vn -0.9016 -0.0766 0.4258
vn 0.9888 -0.0826 -0.1242
vn 0.2823 -0.1197 -0.9518
vn -0.9113 -0.4007 -0.0949
vn -0.7768 -0.3427 -0.5284
vn -0.0708 -0.9880 0.1370
vn -0.6938 0.1062 0.7123
vn 0.5767 0.8085 0.1174
vn 0.9841 0.0476 -0.1712
vn 0.1926 0.5879 -0.7856
vn -0.4436 0.3427 -0.8281
vn 0.4053 0.7719 0.4898
vn 0.1781 -0.0266 -0.9837
vn 0.1629 -0.1842 -0.9693
vn -0.9821 0.0200 0.1871
vn -0.2687 0.3774 -0.8862
vn 0.8283 0.0347 -0.5592
vn -0.2787 -0.0862 -0.9565
vn 0.9335 -0.0257 0.3577
vn 0.7703 -0.6026 0.2085
vn 0.9491 0.0061 0.3150
vn 0.9934 0.0293 -0.1112
vn 0.9560 -0.0447 0.2899
vn 0.9063 -0.0535 0.4193
vn 0.9320 -0.0711 0.3555
vn 0.6845 0.1383 0.7158
vn -0.8750 -0.3820 0.2973
vn -0.9431 -0.3197 0.0910
vn 0.9993 0.0254 -0.0272
vn -0.1070 -0.9890 -0.1018
vn 0.7924 0.4170 0.4453
vn -0.2044 -0.1640 0.9650
vn 0.3149 0.0018 -0.9491
vn 0.9896 -0.0769 -0.1215
vn 0.9943 0.0122 -0.1060
vn 0.8247 0.0986 -0.5569
vn 0.0135 -0.9999 -0.0012
vn 0.9571 0.0887 -0.2758
vn 0.9671 0.0591 -0.2475
vn 0.9480 0.0392 -0.3159
vn 0.6868 -0.7052 0.1761
vn -0.6209 -0.5999 -0.5045
vn -0.9588 -0.0773 0.2734
vn 0.1226 0.9870 0.1042
vn 0.9683 0.0495 -0.2450
vn -0.1550 -0.3787 0.9124
vn -0.6531 -0.7228 0.2259
vn -0.0000 -0.5167 0.8562
vn -0.7044 -0.6963 0.1380
vn -0.2806 -0.3950 -0.8748
vn -0.0865 0.9582 0.2728
vn 0.9311 0.3560 0.0792
vn 0.9516 0.1330 -0.2772
vn 0.5795 0.7099 0.4002
vn 0.1277 0.8698 0.4766
vn -0.2486 -0.3164 0.9155
vn 0.2042 -0.9418 0.2672
vn 0.4831 -0.1530 -0.8621
vn 0.8547 0.0596 0.5158
vn 0.9040 0.1213 0.4100
vn -0.6976 -0.2964 0.6523
vn -0.5162 -0.2023 0.8322
vn 0.8607 0.4307 0.2715
vn 0.2414 0.3772 0.8941
vn 0.3612 0.1661 0.9176
vn 0.5664 0.1103 0.8167
vn 0.8775 -0.0096 0.4794
vn 0.9194 0.2294 -0.3195
vn 0.8909 0.2439 0.3831
vn 0.8897 0.1764 0.4210
vn 0.2652 -0.6677 0.6956
vn -0.9815 -0.1823 0.0576
vn -0.9672 -0.2337 -0.1001
vn -0.1227 -0.3470 -0.9298
vn -0.9901 -0.0553 -0.1287
vn 0.2086 0.6266 -0.7509
vn 0.9368 -0.0674 0.3434
vn -0.5900 0.5501 0.5909
vn 0.2766 0.1513 0.9490
vn 0.2576 0.2151 0.9420
vn -0.5210 0.6937 0.4973
vn 0.0381 0.0843 -0.9957
vn 0.1076 -0.9869 0.1200
vn 0.9986 -0.0429 -0.0295
vn -0.7209 -0.2821 -0.6330
vn -0.6211 -0.4861 -0.6147
vn -0.9190 -0.3493 0.1826
vn 0.9260 -0.3446 -0.1542
vn 0.4698 0.8595 0.2014
vn -0.5800 0.5751 0.5769
vn -0.9093 0.0590 -0.4119
vn 0.7187 -0.5264 -0.4543
vn -0.2222 -0.9750 0.0043
vn 0.6467 -0.5930 -0.4797
vn 0.2974 -0.0751 -0.9518
vn 0.3744 -0.3742 -0.8484
vn 0.9682 -0.2165 -0.1257
vn -0.6352 0.7721 0.0200
vn 0.1729 -0.6400 -0.7486
vn 0.8188 -0.0170 0.5738
vn -0.0000 -0.3557 -0.9346
vn 0.3102 -0.0356 -0.9500
vn 0.3000 -0.0125 -0.9538
vn -0.0897 0.9238 0.3721
vn -0.5478 0.0796 0.8328
vn -0.0222 0.9178 0.3965
vn -0.5409 0.0761 0.8376
vn 0.9777 -0.0561 -0.2022
vn -0.0929 0.2255 0.9698
vn 0.7619 -0.0470 0.6460
vn 0.7740 -0.0850 -0.6274
vn 0.6124 -0.1118 -0.7826
vn 0.9952 -0.0934 -0.0291
vn 0.9308 -0.0898 0.3544
vn 0.9968 -0.0281 -0.0749
vn 0.9994 0.0358 -0.0025
vn 0.8100 -0.2303 0.5394
vn -0.9809 -0.1643 -0.1042
vn 0.0417 0.0975 -0.9944
vn 0.2771 0.0636 -0.9587
vn 0.2934 0.1110 -0.9495
vn 0.7623 -0.0148 0.6471
vn -0.8060 -0.5057 -0.3078
vn -0.1113 -0.3732 -0.9210
vn 0.9457 -0.1548 0.2857
vn 0.9346 -0.1734 0.3105
vn 0.0316 -0.5775 -0.8158
vn -0.9595 -0.2748 -0.0626
vn 0.0289 -0.1377 -0.9900
vn -0.9983 -0.0013 -0.0586
vn -0.0336 0.1785 -0.9834
vn -0.6692 -0.5048 -0.5452
vn -0.8616 0.0509 -0.5049
vn 0.9149 -0.0051 0.4037
vn 0.2348 0.7146 -0.6589
vn 0.2323 0.7136 -0.6609
vn -0.1364 -0.1984 0.9706
vn -0.2558 -0.9467 -0.1956
vn 0.7771 -0.3552 0.5195
vn -0.7988 0.0128 -0.6015
vn -0.9741 -0.0485 0.2210
vn 0.9874 0.1014 0.1217
vn 0.6339 -0.6303 0.4482
vn 0.6276 -0.6567 0.4182
vn 0.9271 -0.0068 0.3748
vn 0.5161 0.0147 -0.8564
vn -0.1294 -0.3306 -0.9349
vn -0.2400 -0.2701 0.9324
vn -0.0881 0.1329 -0.9872
vn 0.7861 0.6085 -0.1087
vn 0.8636 -0.0184 0.5038
vn 0.0692 0.9020 0.4262
vn 0.9987 -0.0030 0.0509
vn 0.9657 0.0741 -0.2490
vn 0.0278 0.2879 -0.9573
vn 0.9686 0.1463 -0.2008
vn 0.9383 -0.0649 0.3398
vn 0.1233 0.2561 -0.9588
vn 0.2158 -0.1607 -0.9631
vn 0.8868 0.0919 -0.4529
vn -0.1181 -0.5327 -0.8380
vn 0.1631 0.1682 0.9722
vn -0.0779 0.2116 0.9742
vn 0.4201 0.8745 0.2423
vn -0.8707 -0.3913 0.2980
vn 0.6457 -0.7581 -0.0910
vn 0.4481 -0.1836 0.8749
vn -0.2006 -0.1584 0.9668
vn -0.9916 -0.0756 -0.1045
vn -0.9944 -0.1007 -0.0318
vn 0.1764 0.9664 -0.1868
vn 0.8561 0.4592 0.2371
vn 0.7862 0.5744 -0.2281
vn 0.8977 0.4329 -0.0826
vn 0.8117 0.3803 0.4433
vn 0.9965 -0.0296 -0.0788
vn 0.7968 0.2264 0.5603
vn 0.7445 0.1698 0.6456
vn 0.9442 0.1415 -0.2975
vn 0.9672 0.0770 -0.2421
vn 0.2202 0.9406 0.2585
vn -0.2828 0.4152 -0.8646
vn -0.3666 -0.0280 -0.9299
vn 0.1392 0.0573 0.9886
vn 0.0986 -0.0694 0.9927
vn 0.9123 0.0941 0.3987
vn 0.3674 0.2684 0.8905
vn 0.9151 0.1298 0.3817
vn -0.9928 -0.0901 -0.0791
vn -0.9943 -0.1018 -0.0306
vn 0.9782 -0.1350 -0.1575
vn 0.2175 -0.9736 0.0686
vn 0.8232 -0.0513 0.5654
vn 0.8310 -0.1984 0.5197
vn 0.9107 0.0099 0.4130
vn 0.5399 0.7791 0.3185
vn 0.5603 0.3713 0.7404
vn -0.1116 0.2085 -0.9716
vn -0.9312 0.0388 -0.3625
vn -0.6441 0.7646 0.0221
vn -0.3604 -0.2072 -0.9095
vn -0.3545 -0.1754 -0.9185
vn 0.6903 0.1455 0.7087
vn -0.7005 0.1120 0.7048
vn 0.2193 -0.9003 0.3759
vn 0.1847 -0.4682 -0.8641
vn 0.9974 -0.0512 -0.0509
vn 0.9927 -0.0507 -0.1092
vn 0.3825 0.8933 0.2358
vn -0.9985 0.0435 0.0325
vn -0.7828 -0.5110 -0.3550
vn 0.1068 -0.9907 0.0843
vn -0.9984 0.0376 0.0423
vn 0.9982 0.0476 -0.0366
vn 0.9942 0.0572 -0.0910
vn -0.0000 0.5809 0.8140
vn -0.0000 0.1462 0.9893
vn -0.9891 -0.1206 0.0840
vn -0.9841 -0.0550 0.1691
vn 0.9564 -0.2322 0.1773
vn -0.0000 -0.1459 -0.9893
vn -0.8896 -0.3991 -0.2223
vn 0.9801 -0.1184 -0.1591
vn -0.8727 -0.4377 -0.2163
vn -0.8142 -0.3729 -0.4450
vn -0.0000 0.9626 0.2709
vn 0.4898 0.8499 0.1944
vn 0.4804 0.8710 0.1027
vn 0.9531 0.2997 -0.0416
vn -0.0985 -0.9866 -0.1304
vn -0.9922 -0.0726 0.1017
vn -0.1154 -0.9678 0.2236
vn 0.2915 -0.0897 0.9523
vn -0.0000 -0.9886 0.1506
vn 0.3431 -0.1171 0.9320
vn -0.2175 0.2692 -0.9382
vn -0.7735 -0.1032 -0.6253
vn -0.9870 0.0806 -0.1387
vn -0.8910 -0.0174 0.4537
vn 0.8289 0.0154 -0.5592
vn 0.9395 0.1512 -0.3074
vn 0.1918 0.5975 -0.7786
vn -0.7744 0.5329 -0.3411
vn -0.2176 0.4691 -0.8559
vn 0.9697 0.1341 -0.2041
vn 0.5179 -0.3306 -0.7890
vn 0.9456 0.1354 -0.2959
vn 0.7894 -0.0685 -0.6100
vn 0.9815 0.1428 -0.1272
vn 0.0440 0.2031 0.9782
vn 0.9929 -0.0801 0.0878
vn -0.9302 -0.3535 -0.0992
vn -0.7823 -0.3787 -0.4945
vn 0.4831 -0.1604 -0.8607
vn -0.8655 -0.1821 -0.4667
vn 0.6400 -0.1184 -0.7592
vn 0.5133 0.0486 -0.8569
vn 0.8745 0.3897 0.2888
vn 0.2648 -0.2372 0.9347
vn 0.2512 -0.2390 0.9380
vn 0.9145 -0.0742 0.3977
vn 0.8132 0.2134 0.5414
vn 0.8215 0.2497 0.5126
vn 0.5052 -0.0369 0.8622
vn -0.7862 -0.4434 -0.4305
vn -0.1130 -0.3608 -0.9258
vn -0.9929 -0.0568 0.1041
vn -0.5897 -0.6460 0.4847
vn 0.2422 -0.0682 0.9678
vn 0.8337 -0.5030 0.2279
vn -0.1719 0.0244 -0.9848
vn -0.2341 -0.1371 -0.9625
vn -0.9938 0.0412 0.1036
vn 0.9918 -0.0974 0.0833
vn 0.8006 -0.5571 0.2206
vn 0.9982 0.0479 -0.0366
vn -0.1750 0.8993 0.4009
vn -0.3214 -0.3079 -0.8955
vn -0.2678 0.0909 0.9592
vn -0.7091 -0.5450 0.4475
vn 0.7217 -0.4649 -0.5128
vn -0.6869 0.3762 0.6218
vn -0.9224 0.0465 -0.3834
vn 0.3298 0.1894 0.9248
vn 0.9846 0.1175 -0.1295
vn -0.3889 -0.1051 0.9153
vn -0.9852 0.0922 -0.1445
vn -0.8474 -0.2236 0.4816
vn 0.7606 -0.1081 0.6402
vn 0.0700 -0.1661 0.9836
vn 0.0834 -0.0603 0.9947
vn 0.6071 0.2927 -0.7387
vn 0.3397 -0.5813 0.7394
vn 0.0714 -0.5285 0.8459
vn -0.9790 -0.1883 0.0780
vn -0.0000 -0.9971 0.0760
vn 0.7917 -0.0801 -0.6056
vn 0.0171 -0.1685 -0.9856
vn -0.9960 -0.0875 -0.0189
vn -0.9881 -0.0345 0.1499
vn 0.1787 -0.6881 0.7033
vn 0.2142 -0.6503 0.7289
vn 0.3149 -0.0039 0.9491
vn 0.2513 0.2354 0.9389
vn 0.7240 0.2065 0.6581
vn -0.9922 0.0949 0.0810
vn -0.7446 0.5859 -0.3199
vn -0.1117 0.2073 -0.9719
vn -0.0628 0.3068 -0.9497
vn -0.0605 0.0148 -0.9981
vn 0.7940 0.2388 0.5590
vn 0.8300 0.3246 0.4536
vn -0.6785 0.3818 0.6276
vn 0.9857 -0.0579 0.1581
vn -0.6817 -0.3736 -0.6291
vn 0.7765 -0.3268 0.5387
vn 0.3355 -0.0648 0.9398
vn 0.1715 -0.9739 0.1484
vn 0.9295 -0.3137 -0.1938
vn 0.3863 -0.4587 -0.8002
vn 0.2242 -0.1023 -0.9692
vn 0.9709 -0.0575 -0.2324
vn 0.3412 0.2024 0.9179
vn 0.7914 -0.1094 -0.6014
vn -0.2175 0.2691 -0.9382
vn 0.3598 0.2807 0.8898
vn -0.0952 0.1333 -0.9865
vn -0.6867 -0.0551 -0.7248
vn -0.1768 0.1460 0.9734
vn 0.9540 0.2968 -0.0422
vn 0.9150 -0.1939 -0.3539
vn 0.5616 -0.2823 -0.7778
vn 0.9650 -0.1819 -0.1889
vn 0.9192 0.0826 -0.3851
vn 0.8901 -0.2402 0.3873
vn -0.9677 -0.2005 -0.1531
vn -0.7443 0.1166 0.6576
vn 0.6888 0.0158 -0.7248
vn -0.7981 -0.4297 0.4224
vn -0.8124 -0.0330 0.5822
vn 0.8582 0.4445 0.2567
vn -0.7728 0.1288 -0.6215
vn 0.0761 -0.2680 0.9604
vn -0.4424 -0.1316 0.8871
vn 0.0642 -0.2890 0.9552
vn 0.2731 0.2661 -0.9245
vn 0.2279 0.5037 -0.8333
vn 0.3407 0.3107 0.8873
vn 0.8662 0.3569 0.3497
vn 0.0722 0.6473 0.7588
vn 0.1028 -0.1044 0.9892
vn -0.0000 0.6490 0.7608
vn 0.0930 0.6150 0.7830
vn 0.8771 0.2202 0.4268
vn 0.2426 0.4284 0.8704
vn 0.0816 -0.6427 0.7618
vn -0.0000 0.3863 0.9224
vn 0.2609 0.4339 0.8624
vn 0.1285 0.9878 0.0882
vn 0.2849 -0.7729 0.5670
vn 0.6576 -0.0854 0.7485
vn 0.3225 -0.7415 0.5884
vn 0.2796 -0.7520 0.5970
vn 0.5163 0.4791 0.7099
vn 0.5439 0.4799 0.6883
vn 0.6732 0.4752 0.5666
vn 0.5821 0.0985 0.8071
vn -0.0000 0.1528 0.9883
vn -0.0613 0.1525 0.9864
vn 0.2312 -0.7611 0.6061
vn 0.6136 -0.0436 0.7884
vn 0.6449 -0.0695 0.7611
vn 0.0683 -0.9198 0.3863
vn 0.7766 -0.2075 0.5949
vn 0.2756 -0.7362 0.6181
vn 0.8826 0.2675 0.3867
vn 0.1281 0.2763 0.9525
vn -0.0000 0.2866 0.9580
vn 0.1496 0.7202 0.6775
vn -0.0000 0.9616 0.2745
vn 0.1453 0.2727 0.9511
vn 0.0646 0.0176 0.9978
vn 0.0998 0.0225 0.9948
vn 0.8866 -0.3891 0.2501
vn 0.9253 -0.2284 0.3028
vn 0.9130 -0.2226 0.3419
vn 0.9413 -0.2212 0.2552
vn 0.8317 -0.1068 0.5449
vn 0.5194 -0.7207 0.4592
vn 0.7354 -0.6109 0.2932
vn 0.5120 -0.7217 0.4659
vn 0.9052 -0.3767 0.1968
vn 0.3623 0.0521 0.9306
vn -0.2752 0.2738 0.9216
vn -0.9854 0.1636 -0.0472
vn 0.3312 -0.0684 -0.9411
vn -0.1085 -0.3003 -0.9476
vn 0.4854 -0.0341 -0.8736
vn 0.9148 0.1128 0.3879
vn 0.2540 -0.0352 0.9666
vn -0.9782 -0.1642 0.1272
vn -0.8938 -0.2404 0.3787
vn -0.9172 -0.1918 0.3492
vn 0.3916 0.3713 0.8419
vn 0.8863 -0.1432 0.4404
vn 0.9492 -0.2227 0.2223
vn -0.0044 0.5811 0.8138
vn -0.7051 0.4733 0.5281
vn 0.2376 0.4421 0.8649
vn 0.4498 0.2198 0.8657
vn 0.2954 -0.0744 0.9525
vn 0.4452 -0.0903 0.8909
vn 0.5757 -0.8165 -0.0428
vn 0.9899 -0.1390 0.0263
vn 0.9569 -0.2130 0.1975
vn 0.2957 0.8559 0.4242
vn 0.0023 0.1462 0.9893
vn -0.4619 0.2437 0.8528
vn -0.6704 0.4271 0.6068
vn 0.2923 -0.1148 0.9494
vn 0.5932 0.0463 0.8037
vn 0.2015 -0.1090 0.9734
vn 0.8257 0.0962 -0.5558
vn 0.2090 -0.2642 -0.9415
vn 0.0614 0.3064 -0.9499
vn 0.1382 0.1069 -0.9846
vn -0.0386 0.4074 -0.9124
vn -0.9361 -0.1088 0.3345
vn -0.6791 -0.1191 -0.7244
vn -0.9801 -0.1370 0.1439
vn -0.9513 -0.2699 0.1487
vn 0.2113 -0.0097 0.9774
vn 0.9950 0.0855 -0.0510
vn 0.6611 -0.0684 -0.7472
vn 0.9979 0.0634 -0.0116
vn -0.6704 -0.1123 -0.7335
vn 0.4226 -0.0938 0.9014
vn 0.1248 -0.1455 0.9815
vn 0.5962 -0.3108 0.7403
vn 0.5125 -0.2836 0.8105
vn 0.4025 -0.2609 0.8775
vn 0.1449 -0.5474 0.8242
vn 0.1498 0.0970 0.9840
vn 0.6167 0.2452 0.7480
vn 0.3542 -0.2179 0.9094
vn 0.3119 -0.2622 0.9132
vn -0.0073 0.2649 0.9643
vn -0.7871 -0.6145 -0.0531
vn -0.9594 0.0068 -0.2820
vn 0.7871 -0.6145 -0.0531
vn 0.4595 -0.0588 0.8862
vn -0.0613 -0.4060 -0.9118
vn -0.0835 -0.3897 -0.9172
vn -0.0009 -0.4935 -0.8697
vn -0.3912 0.5005 -0.7723
vn -0.8315 -0.2131 -0.5130
vn 0.9126 -0.0247 -0.4080
vn 0.8959 -0.0114 -0.4442
vn 0.6625 0.0840 -0.7443
vn -0.1604 0.4355 -0.8858
vn 0.0376 0.0970 -0.9946
vn 0.5393 0.8417 -0.0271
vn 0.4982 0.8667 0.0240
vn 0.5002 0.8656 0.0256
vn 0.5422 0.8398 -0.0279
vn -0.2606 0.4361 -0.8613
vn 0.2433 0.0175 -0.9698
vn 0.7845 0.2818 -0.5523
vn 0.1802 0.0735 -0.9809
vn -0.0036 -0.2171 -0.9761
vn 0.6416 0.3356 -0.6897
vn 0.1812 -0.0569 -0.9818
vn 0.0975 -0.1625 -0.9819
vn 0.2296 -0.0871 -0.9694
vn 0.9552 0.2676 -0.1267
vn 0.6036 0.0646 -0.7947
vn 0.9814 -0.0180 -0.1914
vn 0.9970 0.0777 0.0022
vn 0.6332 -0.0961 -0.7680
vn 0.9024 -0.0565 -0.4271
vn -0.2474 -0.4618 -0.8518
vn -0.1888 -0.4842 -0.8543
vn 0.0174 -0.2848 -0.9584
vn 0.0144 -0.2831 -0.9590
vn 0.2565 0.4187 0.8712
vn 0.3116 -0.0448 0.9492
vn 0.9362 0.3033 -0.1774
vn 0.5043 0.4782 0.7191
vn 0.9629 0.1299 0.2366
vn 0.9886 0.1039 0.1091
vn 0.3710 0.0362 0.9279
vn 0.2622 0.8754 0.4061
vn 0.0385 -0.3174 -0.9475
vn -0.1909 -0.0252 0.9813
vn -0.8375 -0.1471 0.5263
vn -0.9453 -0.0579 -0.3210
vn 0.8998 0.3693 -0.2322
vn 0.5904 0.1049 -0.8003
vn 0.9570 -0.0271 -0.2887
vn 0.8260 0.1472 -0.5441
vn 0.5172 0.0224 -0.8556
vn 0.4186 -0.1409 -0.8972
vn -0.9536 -0.2630 0.1465
vn -0.1267 -0.2998 -0.9455
vn -0.8619 -0.3253 -0.3891
vn 0.9956 0.0938 0.0033
vn 0.1313 -0.1297 0.9828
vn 0.1378 -0.0445 0.9895
vn 0.1916 0.4446 0.8750
vn 0.0626 -0.0531 0.9966
vn -0.0245 -0.0625 0.9977
vn -0.8273 -0.1766 0.5333
vn -0.0072 -0.1163 0.9932
vn 0.8502 -0.1620 0.5010
vn -0.7131 -0.1364 0.6877
vn 0.1494 -0.7171 0.6808
vn 0.9388 -0.3176 0.1335
vn 0.8538 -0.1744 0.4905
vn 0.1650 -0.1934 0.9671
vn 0.0249 -0.1908 0.9813
vn 0.8316 -0.2627 0.4892
vn 0.2914 -0.1476 0.9451
vn -0.7419 -0.3149 0.5920
vn -0.6821 -0.1261 0.7203
vn -0.9520 -0.0808 0.2952
vn -0.9874 -0.1082 0.1157
vn -0.9905 -0.0341 0.1332
vn 0.0749 -0.2701 0.9599
vn 0.1754 -0.3003 0.9376
vn 0.9357 -0.0517 -0.3489
vn 0.9279 -0.0953 -0.3605
vn -0.7885 -0.0330 -0.6141
vn -0.7780 -0.0882 -0.6220
vn -0.7794 -0.0852 -0.6207
vn -0.7792 -0.0685 -0.6230
vn -0.9983 0.0587 0.0047
vn -0.7618 -0.0388 -0.6467
vn 0.8371 0.0687 -0.5427
vn 0.9861 0.0935 -0.1376
vn 0.4456 0.4743 -0.7592
vn 0.4176 0.5716 -0.7063
vn 0.9861 0.0935 -0.1372
vn 0.7914 0.1413 -0.5947
vn 0.8465 0.2826 -0.4512
vn 0.9923 -0.1138 -0.0488
vn 0.9233 -0.1791 -0.3398
vn 0.9674 -0.0584 -0.2464
vn 0.9071 0.0243 0.4203
vn 0.9285 -0.0792 -0.3628
vn 0.9535 -0.0152 -0.3011
vn 0.9563 0.2829 -0.0739
vn 0.9773 0.0945 -0.1898
vn -0.7530 -0.0912 -0.6517
vn 0.2256 -0.2527 0.9409
vn -0.9650 0.0441 0.2586
vn 0.0779 -0.1796 0.9807
vn -0.3892 -0.2182 0.8949
vn -0.7439 -0.1272 0.6561
vn -0.1797 -0.1549 0.9715
vn -0.9314 -0.1660 0.3240
vn -0.4948 -0.2376 0.8359
vn -0.8970 -0.0917 0.4323
vn 0.8573 -0.2197 0.4655
vn -0.0819 -0.6051 0.7919
vn 0.2166 -0.0339 0.9757
vn -0.0867 -0.0875 0.9924
vn 0.4350 -0.3155 0.8433
vn -0.1686 -0.1827 0.9686
vn -0.0364 -0.1992 0.9793
vn -0.8120 -0.2452 0.5297
vn -0.9416 0.0263 0.3357
vn -0.9825 -0.1679 0.0803
vn 0.6446 0.0446 0.7632
vn 0.5283 0.1287 0.8392
vn 0.7485 -0.2474 0.6152
vn 0.7063 -0.0303 0.7073
vn 0.9493 0.1220 0.2897
vn 0.1926 -0.2604 0.9461
vn 0.6809 0.0465 0.7309
vn 0.7002 -0.2547 0.6670
vn -0.0021 -0.0830 -0.9965
vn 0.1599 -0.0238 -0.9868
vn 0.7256 0.3152 -0.6117
vn -0.4387 -0.0225 0.8984
vn 0.6275 -0.1475 0.7645
vn 0.6360 -0.2094 0.7427
vn -0.3263 -0.0348 0.9446
vn -0.4748 -0.2185 0.8525
vn -0.9123 -0.0100 0.4093
vn -0.5604 -0.1786 0.8088
vn 0.6088 -0.1451 -0.7800
vn -0.7044 -0.0564 -0.7075
vn -0.9811 0.1930 -0.0124
vn 0.1101 -0.0088 0.9939
vn 0.7647 -0.2153 0.6074
vn 0.1161 0.4653 0.8775
vn 0.1140 0.5040 0.8561
vn 0.6388 0.0474 0.7679
vn 0.9972 -0.0516 0.0534
vn 0.5694 -0.0161 0.8219
vn 0.6232 0.2244 0.7492
vn 0.6829 0.7103 0.1707
vn 0.5541 0.2694 0.7876
vn 0.9649 0.0916 0.2460
vn 0.6619 0.7270 0.1829
vn 0.7897 0.2984 0.5361
vn 0.7940 0.2853 0.5368
vn 0.9380 0.0957 0.3333
vn 0.1209 0.5090 0.8522
vn 0.1083 -0.0963 0.9894
vn -0.0000 0.5128 0.8585
vn 0.9464 0.0614 0.3173
vn 0.8917 0.1503 0.4270
vn 0.6316 -0.6213 0.4638
vn 0.1429 -0.8421 0.5200
vn 0.5942 0.2030 0.7782
vn -0.2271 0.9642 0.1368
vn 0.9832 0.0037 0.1822
vn -0.9923 -0.0196 -0.1223
vn -0.1687 0.4617 -0.8709
vn -0.7952 0.3900 -0.4642
vn -0.1495 0.1442 -0.9782
vn -0.1617 -0.6446 -0.7473
vn -0.1422 -0.6522 -0.7446
vn -0.9662 -0.1728 0.1912
vn -0.6440 -0.7630 -0.0558
vn -0.6552 -0.7496 -0.0937
vn -0.9506 -0.2050 0.2331
vn 0.7753 0.0708 -0.6277
vn 0.7854 -0.1888 -0.5894
vn 0.7565 0.2631 -0.5987
vn -0.2492 0.3206 -0.9138
vn 0.9583 -0.0484 -0.2817
vn -0.4622 0.7711 0.4379
vn -0.3718 -0.3319 0.8670
vn -0.4495 0.8137 0.3686
vn 0.9427 -0.3204 0.0929
vn -0.9129 -0.3209 0.2522
vn -0.9503 -0.2991 0.0864
vn -0.6504 -0.2888 0.7025
vn -0.0391 -0.1745 0.9839
vn 0.9827 0.0195 0.1840
vn -0.9781 -0.2065 -0.0263
vn -0.3081 0.7403 -0.5975
vn -0.9338 0.3220 0.1562
vn -0.9984 0.0425 -0.0366
vn -0.9134 0.4067 -0.0162
vn -0.1411 0.1660 0.9760
vn -0.2884 0.2842 0.9144
vn -0.9930 -0.0912 0.0753
vn -0.5070 -0.2252 -0.8320
vn 0.7877 -0.3735 -0.4899
vn -0.4840 -0.0820 -0.8712
vn -0.9996 0.0248 -0.0141
vn -0.5912 -0.6369 -0.4949
vn 0.8258 -0.5606 0.0610
vn 0.7939 0.0134 -0.6079
vn -0.6571 -0.5841 -0.4765
vn -0.1966 -0.6302 -0.7512
vn -0.8794 -0.4659 -0.0979
vn -0.0856 -0.3348 0.9384
vn -0.0595 0.5462 0.8355
vn 0.4603 -0.0058 0.8878
vn 0.8456 -0.5218 -0.1124
vn -0.3286 -0.1301 0.9355
vn -0.1366 -0.3269 -0.9351
vn -0.9689 0.1118 -0.2210
vn 0.9243 -0.0919 0.3705
vn 0.9673 -0.0727 0.2428
vn -0.9838 0.0853 -0.1578
vn -0.2048 -0.9085 0.3642
vn -0.8998 -0.3776 -0.2186
vn 0.9590 -0.2588 -0.1153
vn -0.9694 -0.2306 -0.0844
vn -0.9853 -0.1314 -0.1093
vn -0.2069 -0.9558 0.2088
vn 0.9860 0.0055 0.1666
vn -0.9945 -0.0248 -0.1019
vn -0.1798 0.1518 -0.9719
vn -0.9844 -0.1252 -0.1240
vn -0.0571 0.1132 -0.9919
vn -0.7393 0.2100 0.6398
vn -0.7764 -0.3220 0.5419
vn -0.8766 -0.0220 -0.4808
vn -0.8661 -0.4303 -0.2545
vn 0.1028 0.3325 -0.9375
vn 0.1442 -0.0949 -0.9850
vn -0.6635 0.3253 -0.6738
vn -0.1415 -0.6792 -0.7202
vn -0.1415 -0.3521 -0.9252
vn -0.7328 -0.4282 -0.5288
vn -0.0282 0.3207 0.9467
vn -0.0160 0.2967 0.9548
vn 0.9016 -0.0766 0.4258
vn -0.9888 -0.0826 -0.1242
vn -0.2823 -0.1197 -0.9518
vn 0.9113 -0.4007 -0.0949
vn 0.7768 -0.3427 -0.5284
vn 0.0708 -0.9880 0.1370
vn 0.6938 0.1062 0.7123
vn -0.5767 0.8085 0.1174
vn -0.9841 0.0476 -0.1712
vn -0.1926 0.5879 -0.7856
vn 0.4436 0.3427 -0.8281
vn -0.4053 0.7719 0.4898
vn -0.1781 -0.0266 -0.9837
vn -0.1629 -0.1842 -0.9693
vn 0.9821 0.0200 0.1871
vn 0.2687 0.3774 -0.8862
vn -0.8283 0.0347 -0.5592
vn 0.2787 -0.0862 -0.9565
vn -0.9335 -0.0257 0.3577
vn -0.7703 -0.6026 0.2085
vn -0.9491 0.0061 0.3150
vn -0.9934 0.0293 -0.1112
vn -0.9560 -0.0447 0.2899
vn -0.9063 -0.0535 0.4193
vn -0.9320 -0.0711 0.3555
vn -0.6845 0.1383 0.7158
vn 0.8750 -0.3820 0.2973
vn 0.9431 -0.3197 0.0910
vn -0.9993 0.0254 -0.0272
vn 0.1070 -0.9890 -0.1018
vn -0.7924 0.4170 0.4453
vn 0.2044 -0.1640 0.9650
vn -0.3149 0.0018 -0.9491
vn -0.9896 -0.0769 -0.1215
vn -0.9943 0.0122 -0.1060
vn -0.8247 0.0986 -0.5569
vn -0.0135 -0.9999 -0.0012
vn -0.9571 0.0887 -0.2758
vn -0.9671 0.0591 -0.2475
vn -0.9480 0.0393 -0.3159
vn -0.6868 -0.7052 0.1761
vn 0.6210 -0.5999 -0.5045
vn 0.9588 -0.0773 0.2734
vn -0.1226 0.9870 0.1042
vn -0.9683 0.0495 -0.2450
vn 0.1550 -0.3787 0.9124
vn 0.0865 0.9582 0.2728
vn -0.9311 0.3560 0.0792
vn -0.9516 0.1330 -0.2772
vn -0.5795 0.7099 0.4002
vn -0.1277 0.8698 0.4766
vn 0.2486 -0.3164 0.9155
vn -0.2042 -0.9418 0.2672
vn -0.4831 -0.1530 -0.8621
vn -0.8547 0.0596 0.5158
vn -0.9040 0.1213 0.4100
vn 0.6976 -0.2964 0.6523
vn 0.5162 -0.2023 0.8322
vn -0.8607 0.4307 0.2715
vn -0.2414 0.3772 0.8941
vn -0.3612 0.1661 0.9176
vn -0.5664 0.1103 0.8167
vn -0.8775 -0.0096 0.4794
vn -0.9194 0.2294 -0.3195
vn -0.8909 0.2439 0.3831
vn -0.8897 0.1764 0.4210
vn -0.2651 -0.6677 0.6956
vn 0.9815 -0.1823 0.0576
vn 0.9672 -0.2337 -0.1001
vn 0.1227 -0.3470 -0.9298
vn 0.9901 -0.0553 -0.1287
vn -0.2086 0.6266 -0.7509
vn -0.9368 -0.0674 0.3434
vn 0.5900 0.5501 0.5909
vn -0.2766 0.1513 0.9490
vn -0.2576 0.2151 0.9420
vn 0.5210 0.6937 0.4973
vn -0.0381 0.0843 -0.9957
vn -0.1076 -0.9869 0.1200
vn -0.9986 -0.0429 -0.0294
vn 0.7209 -0.2821 -0.6330
vn 0.6211 -0.4861 -0.6147
vn 0.9190 -0.3493 0.1826
vn -0.9260 -0.3446 -0.1542
vn -0.4698 0.8595 0.2014
vn 0.5800 0.5751 0.5769
vn 0.9093 0.0590 -0.4119
vn -0.7187 -0.5264 -0.4544
vn 0.2222 -0.9750 0.0043
vn -0.6467 -0.5930 -0.4797
vn -0.2974 -0.0751 -0.9518
vn -0.3744 -0.3742 -0.8484
vn -0.9682 -0.2165 -0.1257
vn 0.6352 0.7721 0.0200
vn -0.1729 -0.6400 -0.7486
vn -0.8188 -0.0170 0.5738
vn -0.3102 -0.0356 -0.9500
vn -0.3000 -0.0125 -0.9538
vn 0.0897 0.9238 0.3721
vn 0.5478 0.0796 0.8328
vn 0.0222 0.9178 0.3965
vn 0.5409 0.0761 0.8376
vn -0.9777 -0.0561 -0.2022
vn 0.0929 0.2255 0.9698
vn -0.7619 -0.0470 0.6460
vn -0.7740 -0.0850 -0.6274
vn -0.6124 -0.1118 -0.7826
vn -0.9952 -0.0934 -0.0291
vn -0.9308 -0.0898 0.3544
vn -0.9968 -0.0281 -0.0749
vn -0.9994 0.0358 -0.0025
vn -0.8100 -0.2303 0.5394
vn 0.9809 -0.1643 -0.1042
vn -0.0417 0.0975 -0.9944
vn -0.2771 0.0636 -0.9587
vn -0.2934 0.1110 -0.9495
vn -0.7623 -0.0148 0.6471
vn 0.8060 -0.5057 -0.3078
vn 0.1113 -0.3732 -0.9210
vn -0.9457 -0.1548 0.2857
vn -0.9346 -0.1734 0.3105
vn -0.0316 -0.5775 -0.8158
vn 0.9595 -0.2748 -0.0626
vn -0.0289 -0.1377 -0.9900
vn 0.9983 -0.0013 -0.0586
vn 0.0336 0.1785 -0.9834
vn 0.6692 -0.5048 -0.5452
vn 0.8616 0.0509 -0.5049
vn -0.9149 -0.0051 0.4037
vn -0.2348 0.7146 -0.6589
vn -0.2323 0.7136 -0.6609
vn 0.1364 -0.1984 0.9706
vn 0.2558 -0.9467 -0.1956
vn -0.7771 -0.3552 0.5195
vn 0.7988 0.0128 -0.6015
vn 0.9741 -0.0485 0.2210
vn -0.9874 0.1014 0.1217
vn -0.6339 -0.6303 0.4482
vn -0.6275 -0.6568 0.4182
vn -0.9271 -0.0068 0.3748
vn -0.5161 0.0147 -0.8564
vn 0.1294 -0.3306 -0.9349
vn 0.2400 -0.2701 0.9324
vn 0.0881 0.1329 -0.9872
vn -0.8636 -0.0184 0.5038
vn -0.0692 0.9020 0.4262
vn -0.9987 -0.0030 0.0509
vn -0.9657 0.0741 -0.2490
vn -0.0278 0.2879 -0.9573
vn -0.9686 0.1463 -0.2008
vn -0.9383 -0.0649 0.3398
vn -0.1233 0.2561 -0.9588
vn -0.2158 -0.1607 -0.9631
vn -0.8868 0.0919 -0.4529
vn 0.1181 -0.5327 -0.8380
vn -0.1631 0.1682 0.9722
vn 0.0779 0.2116 0.9742
vn -0.4201 0.8745 0.2423
vn 0.8707 -0.3913 0.2980
vn -0.6457 -0.7581 -0.0910
vn -0.4481 -0.1836 0.8749
vn 0.2006 -0.1584 0.9668
vn 0.9916 -0.0756 -0.1045
vn 0.9944 -0.1007 -0.0318
vn -0.1764 0.9664 -0.1868
vn -0.8561 0.4592 0.2371
vn -0.7862 0.5744 -0.2281
vn -0.8977 0.4329 -0.0826
vn -0.8117 0.3803 0.4433
vn -0.9965 -0.0296 -0.0788
vn -0.7968 0.2264 0.5603
vn -0.7445 0.1698 0.6456
vn -0.9442 0.1415 -0.2975
vn -0.9672 0.0770 -0.2421
vn -0.2202 0.9406 0.2585
vn -0.1392 0.0573 0.9886
vn -0.0986 -0.0694 0.9927
vn -0.9123 0.0941 0.3987
vn -0.3674 0.2684 0.8905
vn -0.9151 0.1298 0.3817
vn 0.9928 -0.0901 -0.0791
vn 0.9943 -0.1018 -0.0306
vn -0.9782 -0.1350 -0.1575
vn -0.2175 -0.9736 0.0686
vn -0.8232 -0.0513 0.5654
vn -0.8310 -0.1984 0.5197
vn -0.9107 0.0099 0.4130
vn -0.5399 0.7791 0.3185
vn -0.5603 0.3713 0.7404
vn 0.1116 0.2085 -0.9716
vn 0.9312 0.0388 -0.3625
vn 0.6441 0.7646 0.0221
vn -0.6903 0.1455 0.7087
vn 0.7005 0.1120 0.7048
vn -0.2193 -0.9003 0.3759
vn -0.1847 -0.4682 -0.8641
vn -0.9974 -0.0512 -0.0509
vn -0.9927 -0.0507 -0.1092
vn -0.3825 0.8933 0.2358
vn 0.9985 0.0435 0.0325
vn 0.7828 -0.5110 -0.3550
vn -0.1068 -0.9907 0.0843
vn 0.9984 0.0376 0.0423
vn -0.9982 0.0476 -0.0366
vn -0.9942 0.0572 -0.0910
vn 0.9891 -0.1206 0.0840
vn 0.9841 -0.0550 0.1691
vn -0.9564 -0.2322 0.1773
vn 0.8896 -0.3991 -0.2223
vn -0.9801 -0.1184 -0.1591
vn 0.8727 -0.4377 -0.2163
vn 0.8142 -0.3729 -0.4450
vn -0.4898 0.8499 0.1944
vn -0.4804 0.8710 0.1027
vn -0.9531 0.2997 -0.0416
vn 0.0985 -0.9866 -0.1304
vn 0.9922 -0.0726 0.1017
vn 0.1154 -0.9678 0.2236
vn 0.2175 0.2692 -0.9382
vn 0.7735 -0.1032 -0.6253
vn 0.9870 0.0806 -0.1387
vn 0.8910 -0.0174 0.4537
vn -0.8289 0.0154 -0.5592
vn -0.9395 0.1512 -0.3074
vn -0.1918 0.5975 -0.7786
vn 0.7744 0.5329 -0.3411
vn -0.9697 0.1341 -0.2041
vn -0.4707 -0.3306 -0.8180
vn -0.9456 0.1354 -0.2959
vn -0.7894 -0.0685 -0.6100
vn -0.9815 0.1428 -0.1272
vn -0.0440 0.2031 0.9782
vn -0.9929 -0.0801 0.0878
vn 0.9302 -0.3535 -0.0992
vn 0.7823 -0.3787 -0.4945
vn -0.4831 -0.1604 -0.8607
vn 0.8655 -0.1821 -0.4667
vn -0.6400 -0.1184 -0.7592
vn -0.5133 0.0486 -0.8569
vn -0.8745 0.3897 0.2888
vn -0.2648 -0.2372 0.9347
vn -0.2512 -0.2390 0.9380
vn -0.9145 -0.0742 0.3977
vn -0.8132 0.2134 0.5414
vn -0.8215 0.2497 0.5126
vn -0.5052 -0.0369 0.8622
vn 0.7862 -0.4434 -0.4305
vn 0.1130 -0.3608 -0.9258
vn 0.9929 -0.0568 0.1041
vn 0.5897 -0.6460 0.4847
vn -0.2422 -0.0682 0.9678
vn -0.8337 -0.5030 0.2279
vn 0.1719 0.0244 -0.9848
vn 0.2341 -0.1371 -0.9625
vn 0.9938 0.0412 0.1036
vn -0.9918 -0.0974 0.0833
vn -0.8006 -0.5571 0.2206
vn -0.9982 0.0479 -0.0366
vn 0.1750 0.8993 0.4009
vn 0.2678 0.0909 0.9592
vn 0.7091 -0.5450 0.4475
vn -0.7217 -0.4649 -0.5128
vn 0.6869 0.3762 0.6218
vn 0.9224 0.0465 -0.3834
vn -0.3298 0.1894 0.9248
vn -0.9846 0.1175 -0.1295
vn 0.3889 -0.1051 0.9153
vn 0.9852 0.0922 -0.1445
vn 0.8474 -0.2236 0.4816
vn -0.7606 -0.1081 0.6402
vn -0.0700 -0.1661 0.9836
vn -0.0834 -0.0603 0.9947
vn -0.6071 0.2927 -0.7387
vn -0.3397 -0.5813 0.7394
vn -0.0714 -0.5285 0.8459
vn 0.9790 -0.1883 0.0780
vn -0.7917 -0.0801 -0.6056
vn -0.0171 -0.1685 -0.9856
vn 0.9960 -0.0875 -0.0189
vn 0.9881 -0.0345 0.1499
vn -0.1787 -0.6881 0.7033
vn -0.2142 -0.6503 0.7289
vn -0.3149 -0.0039 0.9491
vn -0.2513 0.2354 0.9389
vn -0.7240 0.2065 0.6581
vn 0.9922 0.0949 0.0810
vn 0.7446 0.5859 -0.3199
vn 0.1117 0.2073 -0.9719
vn 0.0628 0.3068 -0.9497
vn 0.0605 0.0148 -0.9981
vn -0.7940 0.2388 0.5590
vn -0.8300 0.3246 0.4536
vn 0.6785 0.3818 0.6276
vn -0.9857 -0.0579 0.1581
vn 0.6817 -0.3736 -0.6291
vn -0.7765 -0.3268 0.5387
vn -0.3355 -0.0648 0.9398
vn -0.1715 -0.9739 0.1484
vn -0.9295 -0.3137 -0.1938
vn -0.3863 -0.4587 -0.8002
vn -0.2242 -0.1023 -0.9692
vn -0.9709 -0.0575 -0.2324
vn -0.3412 0.2024 0.9179
vn -0.7914 -0.1094 -0.6014
vn 0.2175 0.2691 -0.9382
vn -0.3598 0.2807 0.8898
vn 0.0952 0.1333 -0.9865
vn 0.6867 -0.0551 -0.7248
vn 0.1768 0.1460 0.9734
vn -0.9540 0.2968 -0.0422
vn -0.9150 -0.1939 -0.3539
vn -0.5332 -0.2706 -0.8015
vn -0.9650 -0.1819 -0.1889
vn -0.9192 0.0826 -0.3851
vn -0.8901 -0.2402 0.3873
vn 0.9677 -0.2005 -0.1531
vn 0.7443 0.1166 0.6576
vn -0.6888 0.0158 -0.7248
vn 0.7981 -0.4297 0.4224
vn 0.8124 -0.0330 0.5822
vn -0.8582 0.4445 0.2567
vn 0.7728 0.1288 -0.6215
vn -0.0761 -0.2680 0.9604
vn 0.4424 -0.1316 0.8871
vn -0.0642 -0.2890 0.9552
vn -0.2731 0.2661 -0.9245
vn -0.2279 0.5037 -0.8333
vn -0.3407 0.3107 0.8873
vn -0.8662 0.3569 0.3497
vn -0.0722 0.6473 0.7588
vn -0.1028 -0.1044 0.9892
vn -0.0930 0.6150 0.7830
vn -0.8771 0.2202 0.4268
vn -0.2426 0.4284 0.8704
vn -0.0816 -0.6427 0.7618
vn -0.2609 0.4339 0.8624
vn -0.1285 0.9878 0.0882
vn -0.2849 -0.7729 0.5670
vn -0.6576 -0.0854 0.7485
vn -0.3225 -0.7415 0.5884
vn -0.2796 -0.7520 0.5970
vn -0.5163 0.4791 0.7099
vn -0.5439 0.4799 0.6883
vn -0.6732 0.4752 0.5666
vn -0.5821 0.0985 0.8071
vn 0.0613 0.1525 0.9864
vn -0.2312 -0.7611 0.6061
vn -0.6136 -0.0436 0.7884
vn -0.6449 -0.0695 0.7611
vn -0.0683 -0.9198 0.3863
vn -0.7766 -0.2075 0.5949
vn -0.2755 -0.7362 0.6182
vn -0.8826 0.2675 0.3867
vn -0.1281 0.2763 0.9525
vn -0.1496 0.7202 0.6775
vn -0.1453 0.2727 0.9511
vn -0.0646 0.0176 0.9978
vn -0.0998 0.0225 0.9948
vn -0.8866 -0.3891 0.2501
vn -0.9253 -0.2284 0.3028
vn -0.9130 -0.2226 0.3419
vn -0.9413 -0.2212 0.2552
vn -0.8317 -0.1068 0.5449
vn -0.5194 -0.7207 0.4592
vn -0.7355 -0.6109 0.2932
vn -0.5120 -0.7217 0.4659
vn -0.9052 -0.3767 0.1968
vn -0.3623 0.0521 0.9306
vn 0.9854 0.1636 -0.0472
vn -0.3312 -0.0684 -0.9411
vn 0.1085 -0.3003 -0.9476
vn -0.4854 -0.0341 -0.8736
vn -0.9148 0.1128 0.3879
vn -0.2540 -0.0352 0.9666
vn 0.9782 -0.1642 0.1272
vn 0.8938 -0.2404 0.3787
vn 0.9172 -0.1918 0.3492
vn -0.3916 0.3713 0.8419
vn -0.8863 -0.1432 0.4404
vn -0.9492 -0.2227 0.2223
vn 0.0044 0.5811 0.8138
vn 0.7051 0.4733 0.5281
vn -0.2376 0.4421 0.8649
vn -0.4498 0.2198 0.8657
vn -0.2954 -0.0744 0.9525
vn -0.4452 -0.0903 0.8909
vn -0.5757 -0.8165 -0.0428
vn -0.9899 -0.1390 0.0263
vn -0.9569 -0.2130 0.1975
vn -0.2957 0.8559 0.4242
vn -0.0023 0.1462 0.9893
vn 0.4619 0.2437 0.8528
vn 0.6704 0.4271 0.6068
vn -0.2923 -0.1148 0.9494
vn -0.5932 0.0463 0.8037
vn -0.2015 -0.1090 0.9734
vn -0.8257 0.0962 -0.5558
vn -0.2090 -0.2642 -0.9415
vn -0.0614 0.3064 -0.9499
vn -0.1382 0.1069 -0.9846
vn 0.0386 0.4074 -0.9124
vn 0.9361 -0.1088 0.3345
vn 0.6791 -0.1191 -0.7244
vn 0.9801 -0.1370 0.1439
vn 0.9513 -0.2699 0.1487
vn -0.2113 -0.0097 0.9774
vn -0.9950 0.0855 -0.0510
vn -0.6611 -0.0684 -0.7472
vn -0.9979 0.0634 -0.0116
vn 0.6704 -0.1123 -0.7335
vn -0.4226 -0.0938 0.9014
vn -0.1248 -0.1455 0.9815
vn -0.5962 -0.3108 0.7403
vn -0.5125 -0.2836 0.8105
vn -0.4025 -0.2609 0.8775
vn -0.1449 -0.5474 0.8242
vn -0.1498 0.0970 0.9840
vn -0.6167 0.2452 0.7480
vn -0.3542 -0.2179 0.9094
vn -0.3119 -0.2622 0.9132
vn 0.0073 0.2649 0.9643
vn -0.4595 -0.0588 0.8862
vn 0.0613 -0.4060 -0.9118
vn 0.0835 -0.3897 -0.9172
vn 0.0009 -0.4935 -0.8698
vn 0.3912 0.5005 -0.7723
vn 0.8315 -0.2131 -0.5130
vn -0.9126 -0.0247 -0.4080
vn -0.8959 -0.0114 -0.4442
vn -0.6625 0.0840 -0.7443
vn 0.1604 0.4355 -0.8858
vn -0.0376 0.0970 -0.9946
vn -0.5393 0.8417 -0.0271
vn -0.4982 0.8667 0.0240
vn -0.5002 0.8656 0.0256
vn -0.5422 0.8398 -0.0279
vn -0.2433 0.0175 -0.9698
vn -0.7845 0.2818 -0.5523
vn -0.1802 0.0735 -0.9809
vn 0.0036 -0.2171 -0.9761
vn -0.6416 0.3356 -0.6897
vn -0.1812 -0.0569 -0.9818
vn -0.0975 -0.1625 -0.9819
vn -0.2296 -0.0871 -0.9694
vn -0.9552 0.2676 -0.1267
vn -0.6036 0.0646 -0.7947
vn -0.9814 -0.0180 -0.1914
vn -0.9970 0.0777 0.0022
vn -0.6332 -0.0961 -0.7680
vn -0.9024 -0.0565 -0.4271
vn 0.2474 -0.4618 -0.8518
vn 0.1888 -0.4842 -0.8543
vn -0.0174 -0.2848 -0.9584
vn -0.0144 -0.2831 -0.9590
vn -0.2565 0.4187 0.8712
vn -0.3116 -0.0448 0.9492
vn -0.9362 0.3033 -0.1774
vn -0.5043 0.4782 0.7191
vn -0.9629 0.1299 0.2366
vn -0.9886 0.1039 0.1091
vn -0.3710 0.0362 0.9279
vn -0.2622 0.8754 0.4061
vn 0.0418 -0.3330 -0.9420
vn -0.0063 -0.2796 -0.9601
vn 0.1909 -0.0252 0.9813
vn 0.8375 -0.1471 0.5263
vn 0.9453 -0.0579 -0.3210
vn -0.8998 0.3693 -0.2322
vn -0.5904 0.1049 -0.8003
vn -0.9570 -0.0271 -0.2887
vn -0.8260 0.1472 -0.5441
vn -0.5172 0.0224 -0.8556
vn -0.4186 -0.1409 -0.8972
vn 0.9536 -0.2630 0.1465
vn 0.1267 -0.2998 -0.9455
vn 0.8619 -0.3253 -0.3891
vn -0.9956 0.0938 0.0033
vn -0.1313 -0.1297 0.9828
vn -0.1378 -0.0445 0.9895
vn -0.1916 0.4446 0.8750
vn -0.0626 -0.0531 0.9966
vn 0.0245 -0.0625 0.9977
vn 0.8273 -0.1766 0.5333
vn 0.0072 -0.1163 0.9932
vn -0.8502 -0.1620 0.5010
vn 0.7131 -0.1364 0.6877
vn -0.1494 -0.7171 0.6808
vn -0.9388 -0.3176 0.1335
vn -0.8538 -0.1744 0.4905
vn -0.1650 -0.1934 0.9671
vn -0.0249 -0.1908 0.9813
vn -0.8316 -0.2627 0.4892
vn -0.2914 -0.1476 0.9451
vn 0.7419 -0.3149 0.5920
vn 0.6821 -0.1261 0.7203
vn 0.9520 -0.0808 0.2952
vn 0.9874 -0.1082 0.1157
vn 0.9905 -0.0341 0.1332
vn -0.0749 -0.2701 0.9599
vn -0.1754 -0.3003 0.9376
vn -0.9357 -0.0517 -0.3489
vn -0.9279 -0.0953 -0.3605
vn 0.7885 -0.0330 -0.6141
vn 0.7780 -0.0882 -0.6220
vn 0.7794 -0.0852 -0.6207
vn 0.7792 -0.0685 -0.6230
vn 0.9983 0.0587 0.0047
vn 0.7618 -0.0388 -0.6467
vn -0.8371 0.0687 -0.5427
vn -0.9861 0.0935 -0.1376
vn -0.4456 0.4743 -0.7592
vn -0.4176 0.5716 -0.7063
vn -0.9861 0.0935 -0.1372
vn -0.7914 0.1413 -0.5947
vn -0.8465 0.2826 -0.4512
vn -0.9923 -0.1138 -0.0488
vn -0.9233 -0.1791 -0.3398
vn -0.9674 -0.0584 -0.2464
vn -0.9071 0.0243 0.4203
vn -0.9285 -0.0792 -0.3628
vn -0.9535 -0.0152 -0.3011
vn -0.9563 0.2829 -0.0739
vn -0.9773 0.0945 -0.1898
vn 0.7530 -0.0912 -0.6517
vn -0.2256 -0.2527 0.9409
vn 0.9650 0.0441 0.2586
vn -0.0779 -0.1796 0.9807
vn 0.3892 -0.2182 0.8949
vn 0.7439 -0.1272 0.6561
vn 0.1797 -0.1549 0.9715
vn 0.9314 -0.1660 0.3240
vn 0.4948 -0.2376 0.8359
vn 0.8970 -0.0917 0.4323
vn -0.8573 -0.2197 0.4655
vn 0.0819 -0.6051 0.7919
vn -0.2166 -0.0339 0.9757
vn 0.0867 -0.0875 0.9924
vn -0.4350 -0.3155 0.8433
vn 0.1686 -0.1827 0.9686
vn 0.0364 -0.1992 0.9793
vn 0.8120 -0.2452 0.5297
vn 0.9416 0.0263 0.3357
vn 0.9825 -0.1679 0.0803
vn -0.6446 0.0446 0.7632
vn -0.5283 0.1287 0.8392
vn -0.7485 -0.2474 0.6152
vn -0.7063 -0.0303 0.7073
vn -0.9493 0.1220 0.2897
vn -0.1926 -0.2604 0.9461
vn -0.6809 0.0465 0.7309
vn -0.7002 -0.2547 0.6670
vn 0.0021 -0.0830 -0.9965
vn -0.1599 -0.0238 -0.9868
vn -0.7256 0.3152 -0.6117
vn 0.4387 -0.0225 0.8984
vn -0.6275 -0.1475 0.7645
vn -0.6360 -0.2094 0.7427
vn 0.3263 -0.0348 0.9446
vn 0.4748 -0.2185 0.8525
vn 0.9123 -0.0100 0.4093
vn 0.5604 -0.1786 0.8088
vn -0.6088 -0.1451 -0.7800
vn 0.7044 -0.0564 -0.7075
vn 0.9811 0.1930 -0.0124
vn -0.1101 -0.0088 0.9939
vn -0.7647 -0.2153 0.6074
vn -0.1161 0.4653 0.8775
vn -0.1140 0.5040 0.8561
vn -0.6388 0.0474 0.7679
vn -0.9972 -0.0516 0.0534
vn -0.5694 -0.0161 0.8219
vn -0.6232 0.2244 0.7492
vn -0.6829 0.7103 0.1707
vn -0.5541 0.2694 0.7876
vn -0.9649 0.0916 0.2460
vn -0.6618 0.7270 0.1829
vn -0.7897 0.2984 0.5361
vn -0.7940 0.2853 0.5368
vn -0.9380 0.0957 0.3333
vn -0.1209 0.5090 0.8522
vn -0.1083 -0.0963 0.9894
vn -0.9464 0.0614 0.3173
vn -0.8917 0.1503 0.4270
vn -0.6316 -0.6213 0.4638
vn -0.1429 -0.8421 0.5200
vn -0.5942 0.2030 0.7782
vt 0.500000 0.250000
vt 0.500000 0.500000
vt 0.687500 0.437500
vt 0.750000 0.250000
vt 0.000000 0.125000
vt 0.000000 0.187500
vt 0.500000 0.187500
vt 0.500000 0.125000
vt 0.000000 0.000000
vt 0.500000 0.000000
vt 1.000000 0.000000
vt 0.875000 0.000000
vt 0.875000 0.500000
vt 1.000000 0.500000
vt 0.750000 0.500000
vt 0.750000 0.000000
vt 0.372192 0.706665
vt 0.368195 0.768829
vt 0.736801 0.763321
vt 0.745193 0.698624
vt 0.875000 1.000000
vt 0.812500 0.500000
vt 0.812500 1.000000
vt 0.000000 0.500000
vt 0.000000 1.000000
vt 0.250000 0.000000
vt 0.500000 1.000000
vt 0.250000 1.000000
vt 0.752670 0.239777
vt 0.770920 0.500000
vt 0.701797 0.000000
vt 0.376343 0.235153
vt 0.380737 0.362793
vt 0.763428 0.393173
vt 0.000000 0.250000
vt 0.000000 0.625000
vt 0.500000 0.625000
vt 0.000000 0.368210
vt 0.000000 0.230530
vt 0.000000 0.903931
vt 0.000000 0.204575
vt 0.500000 0.413315
vt 0.000000 0.780975
vt 0.000000 0.800842
vt 0.000000 0.181091
vt 0.000000 0.146362
vt 0.083603 1.000000
vt 0.500000 0.727890
vt 0.220688 1.000000
vt 0.812500 0.562500
vt 0.843750 0.468750
vt 0.733414 0.789490
vt 0.548813 0.810234
vt 0.551307 0.790969
vt 0.738403 0.750961
vt 0.364212 0.830978
vt 0.000000 0.833954
vt 0.767181 0.446655
vt 0.765991 0.429749
vt 0.769516 0.479912
vt 0.764816 0.412827
vt 0.766464 0.436325
vt 0.385468 0.500000
vt 0.000000 0.687729
vt 0.755112 0.583191
vt 0.759109 0.591232
vt 0.758972 0.592270
vt 0.758835 0.593292
vt 0.757431 0.604065
vt 0.755402 0.591293
vt 0.746902 0.671082
vt 0.758911 0.585541
vt 0.761757 0.525558
vt 0.752075 0.645462
vt 0.750656 0.656372
vt 0.744354 0.705124
vt 0.742645 0.718201
vt 0.749978 0.647422
vt 0.742149 0.714928
vt 0.752304 0.643753
vt 0.752884 0.639160
vt 0.753479 0.634567
vt 0.763229 0.559326
vt 0.766228 0.536209
vt 0.761536 0.572418
vt 0.756042 0.614853
vt 0.740952 0.731293
vt 0.742752 0.717422
vt 0.744553 0.703552
vt 0.748429 0.673653
vt 0.747818 0.678291
vt 0.737396 0.758774
vt 0.735405 0.774132
vt 0.812500 0.000000
vt 1.000000 1.000000
vt 1.000000 0.125000
vt 0.252166 0.000000
vt 0.268325 0.000000
vt 1.000000 0.806384
vt 1.000000 0.759692
vt 0.262603 0.000000
vt 1.000000 0.723965
vt -0.224208 0.000000
vt 0.765664 0.265664
vt 0.873982 0.373982
vt 0.889179 0.389179
vt 0.696100 0.196100
vt 0.632813 0.828796
vt 0.631912 0.828796
vt 0.630768 0.828812
vt 0.632339 0.828796
vt 0.631332 0.828796
vt 0.631805 0.828796
vt 0.633713 0.828781
vt 0.633026 0.828789
vt 1.000000 0.187500
vt 0.000000 0.750000
vt 0.500000 0.750000
vt 0.875000 0.375000
vt 1.000000 0.250000
vt 0.000002 0.499995
vt 1.000000 0.499997
vt 0.273159 0.831722
vt 0.906286 2.067762
vt 1.448360 3.304546
vt 0.273159 0.831722
vt 0.906286 2.067762
vt 0.227626 0.832080
vt 0.635246 1.449354
vt 0.227632 0.832094
vt 0.635249 1.449371
vt 0.182106 0.832466
vt 0.999976 0.500000
vt 0.498963 0.829880
vt 0.498619 0.829883
vt 0.500000 0.250000
vt 0.500000 1.000000
vt 0.500001 0.352623
vt 1.244171 1.670476
vt 1.000000 0.705245
vt 0.000000 0.500000
vt 1.244170 1.670475
vt 1.988340 2.988328
vt 0.499996 -0.000003
vt 0.500000 0.250000
vt 3.976695 4.976695
vt 0.000000 0.760849
vt 0.184097 0.764839
vt 0.500000 0.000000
vt 0.184097 0.764839
vt 0.500000 1.000000
vt 0.182107 0.832466
vt 0.182106 0.832466
vt 0.353590 1.000000
vt 0.351598 0.000000
vt 0.062500 0.656250
vt 0.267081 0.000000
vt 0.426116 0.760555
vt 0.288961 0.711039
vt 0.397758 0.000000
vt 0.456591 0.431568
vt 2.916660 2.890393
vt 2.116168 2.371566
vt 3.976695 3.976695
vt 2.141957 2.079086
vt 2.391978 2.332108
vt 0.592000 0.203199
vt 0.498962 0.829879
vt 0.272071 0.216768
vt 0.683999 0.218897
vt 0.362902 0.117929
vt 0.500000 0.000001
vt 1.241722 1.396988
vt 0.515625 0.720817
vt 0.750000 0.750000
vt 0.750000 1.000000
vt 0.750000 0.750000
vt 0.515625 0.720818
vt 0.531250 0.941635
vt 0.716454 0.454250
vt 1.378097 1.372915
vt 0.580543 0.000000
vt 1.700866 1.691261
vt 0.750000 0.750000
vt 0.632813 0.735409
vt 0.640625 0.970817
vt 0.515625 0.720817
vt 0.062500 0.500000
vt 0.632813 0.735409
vt 0.243817 -0.014303
vt 1.000000 0.218750
vt 0.136037 0.202134
vt 3.184342 3.154408
vt 0.352549 0.246556
vt 0.250000 0.187500
vt 0.205097 0.243112
vt 0.181456 0.058970
vt 1.000000 0.499998
vt 0.371908 -0.007152
vt 0.750000 0.187500
vt 0.500000 -0.000000
vt -0.000000 1.000000
vt 0.250000 1.000000
vt 0.500000 0.500000
vt 0.500000 0.000000
vt 0.500000 1.000000
vt 0.250000 1.000000
vt 0.500000 1.000000
vt 0.625000 0.156250
vt 1.000000 0.156250
vt 0.250000 0.187500
vt 0.125000 0.156250
vt 0.499998 1.000003
vt 0.750000 1.000000
vt 1.000000 0.750000
vt 0.457760 0.810974
vt 0.564268 0.000000
vt 0.728424 0.828018
vt 0.737069 0.796760
vt 0.499999 0.499999
vt 0.500000 0.500000
vt 0.000002 0.500000
vt 0.000000 0.500000
vt 1.000000 0.500000
vt 0.500000 1.000000
vt 0.500000 1.000000
vt 0.500000 0.000000
vt 0.750000 0.000000
vt 0.875000 0.000000
vt 0.875000 0.000000
vt -0.000000 1.000000
vt 0.000000 -0.000000
vt -0.000000 0.000000
vt 0.500000 0.000000
vt 0.500000 -0.000000
vt 0.500000 1.000000
vt 0.547603 0.000000
vt 0.773801 0.000000
vt 1.000000 0.500001
vt 0.500000 0.500000
vt 0.500000 0.500000
vt 0.500000 0.500001
vt 0.999999 0.000000
vt 1.000002 0.500000
vt 0.500000 0.999999
vt 0.419014 0.000000
vt 0.000001 0.667798
vt 0.999998 0.809340
vt 0.125000 1.000000
vt -0.000000 1.000000
vt 0.125000 1.000000
vt 0.628326 0.209220
vt 0.652632 0.068527
vt 0.562018 0.101113
vt 0.125000 1.000000
vt 0.371645 0.000000
vt 0.212834 0.000000
vt 0.146106 0.000000
vt 0.146106 0.000000
vt 0.559490 0.714306
vt 0.599815 0.579629
vt 0.556687 0.832091
vt 0.500000 0.875000
vt 0.559490 0.714306
vt 0.556687 0.832091
vt 0.377954 0.500000
vt 0.356182 -0.000000
vt 0.503939 -0.000002
vt 0.701797 0.798203
vt 0.356182 0.405111
vt 0.757149 0.680351
vt 0.212834 0.000000
vt 0.757148 0.680351
vt 0.238413 0.000000
vt 0.191352 0.000000
vt 0.798447 0.592421
vt 0.798447 0.592421
vt 0.238413 0.000000
vt 1.000000 0.499319
vt 0.500000 0.000000
vt 0.369499 0.000000
vt 0.114264 0.000000
vt 0.182132 0.000000
vt 0.250000 0.000000
vt 0.250000 0.000000
vt 0.500000 -0.000000
vt 0.500000 0.114140
vt 0.500000 0.228277
vt 0.114264 0.000000
vt 0.500000 0.228280
vt 0.500000 -0.000000
vt 0.126569 1.000000
vt 0.000000 1.000000
vt 0.000000 0.500000
vt 0.000000 0.500000
vt 0.335530 0.335530
vt 0.828588 0.274608
vt 1.000000 0.500000
vt 0.250000 1.000000
vt -0.000000 1.000000
vt 0.000000 1.000000
vt 0.500000 1.000000
vt 0.250000 1.000000
vt 0.500001 1.000000
vt 0.000000 0.499999
vt 1.000001 0.499999
vt 0.999999 0.250000
vt -0.000001 0.249999
vt 0.000003 0.499997
vt 0.250000 0.000000
vt 0.125000 0.000000
vt 0.125000 0.000000
vt -0.000000 0.000000
vt 0.000000 0.000000
vt 0.500000 0.000000
vt 0.375000 0.000000
vt 0.500000 0.000000
vt 0.375000 0.000000
vt 0.283525 0.000000
vt 0.419004 0.000000
vt 0.274932 0.000000
vt 0.274932 0.000000
vt 0.346731 0.000000
vt 0.283525 0.000000
vt 0.391763 0.000000
vt 0.231083 0.000000
vt 0.288907 0.000000
vt 0.346731 0.000000
vt 0.499999 1.000000
vt 0.819108 0.000000
vt 0.659554 0.000000
vt 0.796228 0.000000
vt 0.709661 0.000000
vt 0.710734 0.000000
vt 0.646126 0.000000
vt 0.709661 0.000000
vt 0.741773 0.000000
vt 0.710734 0.000000
vt 0.741773 0.000000
vt 0.999999 0.499999
vt 0.500000 -0.000000
vt 0.710977 0.000000
vt 0.718933 0.000000
vt 1.000000 0.000000
vt 0.806681 0.000000
vt 0.785599 0.000000
vt 1.000000 0.000000
vt 0.710977 0.000000
vt 0.144453 0.000000
vt -0.000000 0.000000
vt 0.165441 0.000000
vt 0.364879 0.000000
vt 0.364879 0.000000
vt 0.432439 0.000000
vt 0.500000 1.000000
vt 0.499999 0.000001
vt 0.500000 1.000000
vt 0.580939 -0.000001
vt 0.549460 1.000001
vt 1.000000 0.549460
vt 0.500000 0.999999
vt 0.191136 0.000000
vt 0.345568 0.000000
vt 0.500000 0.500000
vt 0.500000 0.000000
vt 0.500000 1.000000
vt 0.000000 0.000000
vt 0.000000 0.458437
vt 1.000000 0.544048
vt -0.000000 0.458437
vt -0.000000 0.319662
vt 1.000000 0.544048
vt 0.000000 0.000000
vt 1.000000 0.700287
vt -0.000000 0.653984
vt -0.000000 0.454761
vt 1.000000 0.700287
vt 0.000000 0.653984
vt 1.000000 1.000000
vt 1.000000 0.999999
vt 0.500000 0.000000
vt -0.000000 0.451845
vt -0.000000 0.456276
vt 1.000000 0.456275
vt 0.369316 0.369316
vt 0.519650 0.562900
vt 0.000001 0.451845
vt 0.630684 1.000000
vt 0.519651 0.562900
vt 1.000000 0.665557
vt 1.000000 0.781239
vt 1.000000 0.779994
vt 1.000000 0.787523
vt 1.000000 0.783911
vt 1.000000 0.790829
vt 1.000000 0.785882
vt 1.000000 0.780354
vt 1.000000 0.791411
vt 0.498687 0.000000
vt 0.753137 0.000000
vt 0.744194 0.000000
vt 1.000000 -0.000000
vt 0.646126 0.000000
vt 0.240535 0.000000
vt 0.236855 0.000000
vt 0.240723 0.000000
vt 0.236392 0.000000
vt 0.236724 0.000000
vt 0.237548 0.000000
vt 0.233086 0.000000
vt 0.539741 -0.010299
vt 1.000000 0.250000
vt 1.000000 0.125000
vt 0.500000 -0.000000
vt 0.812802 -0.000001
vt 0.872073 0.872073
vt 0.127927 1.000000
vt 0.454177 0.000000
vt 0.466180 0.466180
vt 1.000000 0.454178
vt 0.725650 0.200110
vt 0.461828 -0.167624
vt 0.669797 0.167449
vt 0.625000 0.156250
vt 0.571543 0.169614
vt 0.669797 0.167449
vt 1.000000 0.168212
vt 0.572341 -0.000000
vt 1.000000 0.000000
vt 1.000000 0.500000
vt 0.000000 0.499999
vt 0.431587 0.830429
vt 0.431415 0.830431
vt 0.999999 0.499998
vt 0.499998 0.500000
vt 0.661409 0.000000
vt 0.695654 0.999999
vt 0.787429 -0.000009
vt 0.107570 0.833075
vt 0.109647 0.833058
vt 0.128242 0.832906
vt 0.133145 0.832866
vt 0.384342 0.384347
vt 0.333543 -0.000004
vt 0.641703 0.000000
vt 0.695213 0.847607
vt 0.813660 1.000000
vt 0.635060 0.999997
vt 0.481277 0.000000
vt 0.521411 0.760705
vt 0.102862 0.833114
vt 0.361516 0.569262
vt 0.384343 0.384343
vt 0.107570 0.833075
vt 0.499977 0.000000
vt 1.000014 0.499987
vt 0.406830 1.000000
vt 1.115570 1.723042
vt 2.036321 2.524257
vt 1.269038 0.649217
vt 0.605252 0.000000
vt 0.000000 0.484776
vt 0.720736 0.000000
vt 0.732919 1.000000
vt 0.646411 0.000000
vt 0.512064 1.000000
vt 0.433118 0.274608
vt 0.732201 0.000000
vt 0.179662 0.795763
vt 0.217866 1.000000
vt 0.325981 0.774860
vt 0.628355 0.628355
vt 0.288961 1.000000
vt 0.664470 0.000000
s 1
usemtl sculpture
f 1886/1/1699 2/2/2 3/3/3 4/4/4
f 883/5/809 2272/6/1948 13/7/13 14/8/14
f 17/9/17 2221/5/1920 2376/8/2016 20/10/20
f 2313/11/1974 2177/12/1795 2032/13/1795 2203/14/1906
f 25/15/24 26/16/25 27/10/26 28/2/27
f 2193/17/1899 2328/18/1985 31/19/29 32/20/30
f 2221/21/1920 2031/13/1794 33/22/31 2222/23/1921
f 2198/24/1902 2260/24/1902 2369/25/1902 2335/25/1902
f 2199/9/1901 2379/9/1901 2261/24/1901 2197/24/1901
f 2059/10/1812 2060/10/1813 2389/26/1813 2410/26/2042
f 47/2/44 2184/2/1892 2061/10/1814 45/10/42
f 2438/27/2066 2365/27/2007 2184/2/1892 47/2/44
f 2347/28/1995 2344/28/1995 2365/27/2007 2438/27/2066
f 1854/28/1681 2181/25/1889 67/25/64 1855/28/1682
f 2333/24/1989 2404/24/2038 2201/25/1904 66/25/63
f 71/9/68 72/9/69 70/24/67 69/24/66
f 2314/9/1975 2105/26/1838 2106/26/1839 2324/9/1983
f 73/26/70 75/10/72 2125/10/1851 74/26/71
f 2124/10/1850 2251/2/1938 2279/2/1951 76/10/73
f 77/2/74 1970/27/1754 80/27/77 78/2/75
f 65/28/62 68/28/65 2364/27/2006 79/27/76
f 2103/28/1836 2182/25/1890 2181/25/1889 1854/28/1681
f 66/25/63 82/25/79 2334/24/1990 2333/24/1989
f 69/24/66 83/24/80 2315/9/1976 71/9/68
f 84/9/81 2301/26/1967 2105/26/1838 2314/9/1975
f 85/26/82 2338/10/1993 75/10/72 73/26/70
f 2337/10/1992 87/2/84 2251/2/1938 2124/10/1850
f 77/2/74 1831/2/1668 1971/27/1755 1970/27/1754
f 79/27/76 88/27/85 81/28/78 65/28/62
f 89/29/86 2283/30/1954 2284/15/1955 8/31/8
f 94/29/91 95/32/92 1808/33/1651 97/34/94
f 1/1/1 2362/35/2005 2237/24/1928 2/2/2
f 2306/29/1969 2446/31/2074 7/10/7 1943/32/1737
f 2237/24/1928 2238/36/1929 11/37/11 2/2/2
f 1809/38/1652 1807/33/1650 1949/32/1650 1985/39/1652
f 102/24/99 103/24/100 2398/25/2032 105/40/102
f 2360/24/2003 2258/41/1941 1852/9/1679 1850/24/1679
f 1820/42/1660 1826/2/1662 1823/10/1662 2441/10/2069
f 2066/27/1817 2048/28/1805 2051/28/1808 2069/27/1808
f 1966/43/1751 1967/44/1752 2108/24/1841 121/24/116
f 122/45/117 1929/46/1729 2420/9/2049 2432/9/2061
f 124/9/119 2117/26/1847 2119/26/1848 125/9/120
f 2118/26/1732 1933/10/1732 1822/10/1661 127/26/122
f 1932/10/1731 2319/2/1979 131/2/125 129/10/123
f 2084/2/1769 2356/24/1769 1995/44/1769 2086/27/1769
f 2029/47/1792 2050/28/1807 2049/28/1806 2234/28/1806
f 2270/27/1820 2071/28/1820 2254/28/1820 2256/27/1820
f 2136/48/1860 1868/27/1690 2067/27/1690 2068/27/1818
f 2432/9/2061 108/26/105 106/41/103 122/45/117
f 2119/26/1848 110/10/107 2445/26/2073 125/9/120
f 1822/10/1661 1820/42/1660 2441/10/2069 127/26/122
f 2297/46/1949 2274/24/1949 2276/2/1949 2299/10/1949
f 2247/24/1934 2107/24/1840 1929/46/1729 122/45/117
f 2258/41/1941 2360/24/2003 2247/24/1934 122/45/117
f 105/40/102 1966/43/1751 121/24/116 102/24/99
f 2030/25/1793 2239/25/1930 1969/44/1753 118/43/113
f 2143/27/1865 2145/44/1865 2302/25/1865 2223/28/1865
f 2342/10/1845 2339/26/1845 2113/9/1845 2115/46/1845
f 2019/24/1746 2108/24/1841 1967/44/1752 1960/44/1746
f 2322/2/1981 2320/2/115 120/24/115 2020/24/1785
f 2372/27/1982 2281/27/1952 2321/2/1980 2323/2/1982
f 159/44/147 1968/44/149 162/27/149 2373/27/2013
f 163/2/150 2319/2/1979 1932/10/1731 2073/10/150
f 2157/24/1875 2109/24/124 130/2/124 2016/2/1783
f 166/46/153 1929/46/1729 2107/24/1840 2158/24/153
f 2074/10/1822 1931/10/1730 1930/46/1730 2092/46/1829
f 1912/44/1716 1969/44/1753 2239/25/1930 2240/25/1716
f 1857/27/1684 2280/27/114 119/44/114 167/44/154
f 1938/28/1685 171/28/157 2281/27/1952 1858/27/1685
f 2241/25/1931 149/25/139 1880/28/1696 1939/28/1734
f 1811/26/1653 2117/26/1847 124/9/119 1907/9/1713
f 1812/10/121 1934/10/121 126/26/121 1810/26/121
f 2001/46/1773 123/46/118 128/10/118 174/10/160
f 1908/9/1714 2420/9/2049 1929/46/1729 2000/46/1714
f 1961/44/1747 2357/24/2002 158/24/146 1959/44/146
f 177/24/162 178/2/163 2322/2/1981 2020/24/1785
f 2400/27/2034 161/27/148 160/2/148 2307/2/1970
f 176/44/161 159/44/147 2373/27/2013 179/27/164
f 1978/2/151 2015/2/151 164/10/151 1981/10/151
f 2188/24/1895 2157/24/1875 2016/2/1783 1979/2/1759
f 2189/24/152 2095/46/152 2093/46/152 165/24/152
f 2094/46/1830 1980/10/1760 2074/10/1822 2092/46/1829
f 1913/44/1717 1911/44/155 168/25/155 2411/25/2043
f 184/44/166 1859/27/1686 1857/27/1684 167/44/154
f 186/27/168 187/28/169 170/28/156 169/27/156
f 185/25/167 2241/25/1931 1939/28/1734 2435/28/2064
f 188/26/170 1811/26/1653 1907/9/1713 1909/9/1715
f 2232/26/1927 2079/10/1825 1813/10/158 172/26/158
f 2141/46/1864 2001/46/1773 174/10/160 190/10/171
f 2142/46/159 1910/9/159 173/9/159 175/46/159
f 1994/44/1768 2355/24/1768 2357/24/2002 1961/44/1747
f 133/24/127 2085/2/127 178/2/163 177/24/162
f 2307/2/1970 132/2/126 2087/27/126 2400/27/2034
f 179/27/164 135/27/128 134/44/128 176/44/161
f 181/10/165 2300/10/165 2277/2/165 180/2/165
f 1979/2/1759 146/2/137 2275/24/137 2188/24/1895
f 145/24/136 2298/46/136 183/46/136 182/24/136
f 144/46/135 147/10/135 1980/10/1760 2094/46/1830
f 2411/25/2043 2303/25/1866 2146/44/1866 1913/44/1717
f 151/44/141 2144/27/141 1859/27/1686 184/44/166
f 150/27/140 2224/28/140 187/28/169 186/27/168
f 2435/28/2064 153/28/142 152/25/142 185/25/167
f 1909/9/1715 2114/9/1846 2340/26/1846 188/26/170
f 155/26/144 2343/10/144 2079/10/1825 2232/26/1927
f 190/10/171 154/10/143 2116/46/143 2141/46/1864
f 157/46/145 156/9/145 189/9/145 191/46/145
f 2285/24/1956 1851/24/1680 1853/9/1680 2428/9/2057
f 1866/27/1688 2233/28/1688 2072/28/1821 1870/27/1691
f 202/27/181 114/27/110 1869/27/110 201/27/180
f 2408/28/2040 2048/28/1805 2066/27/1817 2367/27/2009
f 200/28/179 137/28/111 115/28/111 203/28/182
f 2271/27/1819 1870/27/1691 2072/28/1821 2070/28/1819
f 2257/27/130 202/27/181 201/27/180 138/27/130
f 2255/28/132 2408/28/2040 2367/27/2009 141/27/132
f 139/28/131 200/28/179 203/28/182 140/28/131
f 2421/40/2050 2397/25/2031 2050/28/1807 2029/47/1792
f 2421/40/2050 2029/47/1792 2030/25/1793 118/43/113
f 2235/28/129 204/49/183 148/25/138 136/47/129
f 1867/27/1689 205/27/184 1881/49/1697 2236/28/1689
f 204/49/183 1880/28/1696 149/25/139 148/25/138
f 205/27/184 2281/27/1952 171/28/157 1881/49/1697
f 2134/2/1859 2321/2/1980 2281/27/1952 205/27/184
f 2134/2/1859 205/27/184 143/27/134 2135/48/134
f 142/48/133 1821/42/133 129/10/123 131/2/125
f 2136/48/1860 2068/27/1818 1827/2/1664 112/42/109
f 2027/25/1790 207/25/186 2405/24/2039 2440/24/2068
f 2038/10/1800 1900/2/1707 61/2/58 2037/10/1799
f 61/2/58 212/2/191 2296/27/1966 1928/27/1728
f 1927/27/1727 213/27/192 206/28/185 1926/28/1726
f 2103/28/1836 192/28/172 2427/25/2056 2182/25/1890
f 82/25/79 193/25/173 194/24/174 2334/24/1990
f 83/24/80 2285/24/1956 2428/9/2057 2315/9/1976
f 1831/2/1668 198/2/177 2434/27/2063 1971/27/1755
f 88/27/85 199/27/178 2439/28/2067 81/28/78
f 9/50/9 2415/26/2047 2430/10/2059 12/51/12
f 27/10/26 2431/10/2060 48/2/45 28/2/27
f 215/10/194 2402/10/2036 2121/9/1671 1834/9/1671
f 2170/11/1881 2204/14/1907 2311/14/1972 2172/11/1883
f 2385/10/1774 2002/11/1774 2004/11/1776 226/10/205
f 228/14/207 2371/11/2012 2172/11/1883 2311/14/1972
f 1817/52/1657 235/53/214 2185/54/1893 1818/55/1658
f 238/56/217 1130/57/1034 2290/57/1961 2413/56/2045
f 1133/39/1037 1950/32/1741 1923/32/1724 2091/39/1828
f 1137/39/1041 242/32/221 2054/32/1809 1140/39/1044
f 6/32/6 2308/39/1971 1141/39/1045 244/32/223
f 241/32/220 240/32/219 245/29/224 2366/29/2008
f 2388/32/2024 2422/29/2051 2101/29/222 243/32/222
f 2306/29/1969 1943/32/1737 2140/32/1863 2139/29/1862
f 2278/29/1950 2248/29/1935 250/58/229 251/59/230
f 1846/29/1678 2100/29/1678 2153/60/1678 2226/30/1678
f 2283/30/1954 89/29/86 249/29/228 2228/30/1923
f 244/32/223 1141/39/1045 1155/39/1059 256/32/235
f 2139/29/1862 2140/32/1863 1848/32/1677 1845/29/1677
f 2228/30/1923 249/29/228 252/29/231 2225/30/231
f 2414/29/2046 246/29/225 259/61/238 260/62/239
f 986/39/909 1948/32/1740 1950/32/1741 1133/39/1037
f 240/32/219 95/32/92 94/29/91 245/29/224
f 2192/17/1898 2195/63/1898 2363/24/907 983/64/907
f 2164/20/1877 262/30/240 2196/63/1900 2194/17/1877
f 250/58/229 2111/30/1843 32/20/30 263/65/241
f 2104/30/1837 265/30/243 266/66/244 2120/67/1849
f 2021/30/1786 269/30/247 270/68/248 271/69/249
f 1914/70/1718 273/71/251 2429/72/2058 1915/73/1718
f 2291/57/1962 2541/56/2147 2412/56/2044 2289/57/1960
f 276/74/254 277/75/255 278/76/256 279/77/257
f 1856/71/1683 272/70/250 280/78/258 281/79/259
f 278/76/256 263/65/241 32/20/30 31/19/29
f 2044/30/1803 2046/30/1803 2354/30/1803 2327/30/1803
f 1814/30/1654 2080/30/1826 1843/30/1655 1815/30/1655
f 1832/80/1669 301/81/276 282/81/260 1833/80/1670
f 303/82/278 304/74/279 276/74/254 283/82/261
f 2058/66/265 287/30/265 2326/30/265 306/83/265
f 272/70/250 1916/73/1719 2243/84/1719 1899/85/1706
f 251/59/230 2353/30/2001 1844/30/1676 259/61/238
f 263/65/241 2317/83/1978 290/30/267 250/58/229
f 300/80/275 302/80/277 1898/85/277 295/86/270
f 271/69/249 308/81/282 2150/80/1869 310/86/284
f 311/74/285 312/82/286 2409/68/2041 267/67/245
f 2318/83/1758 1976/75/1758 1977/75/1758 2057/66/1758
f 263/65/241 278/76/256 277/75/255 2317/83/1978
f 259/61/238 246/29/225 2278/29/1950 251/59/230
f 2174/39/1040 1136/39/1040 1922/32/1723 1924/32/1723
f 1925/32/1725 241/32/220 2366/29/2008 258/29/237
f 2120/67/1849 270/68/248 269/30/247 2104/30/1837
f 271/69/249 310/86/284 2022/30/1787 2021/30/1786
f 279/77/257 284/87/262 283/82/261 276/74/254
f 285/88/263 316/89/290 307/90/281 286/91/264
f 288/30/266 294/30/266 293/30/266 289/30/266
f 1873/30/1692 2081/30/1692 2080/30/1826 1814/30/1654
f 301/81/276 303/82/278 283/82/261 282/81/260
f 304/74/279 313/75/287 277/75/255 276/74/254
f 260/62/239 259/61/238 1844/30/1676 292/30/269
f 250/58/229 290/30/267 2353/30/2001 251/59/230
f 271/69/249 2409/68/2041 312/82/286 308/81/282
f 267/67/245 266/66/244 317/75/291 311/74/285
f 264/30/242 2047/30/242 2045/30/1804 265/30/243
f 2269/30/1947 1816/30/1656 2047/30/242 264/30/242
f 268/30/246 291/30/268 1816/30/1656 2269/30/1947
f 2023/30/1693 1874/30/1693 291/30/268 268/30/246
f 2152/86/1871 295/86/270 1875/30/289 315/30/289
f 2151/80/1870 300/80/275 295/86/270 2152/86/1871
f 308/81/282 301/81/276 1832/80/1669 309/80/283
f 312/82/286 303/82/278 301/81/276 308/81/282
f 311/74/285 304/74/279 303/82/278 312/82/286
f 317/75/291 313/75/287 304/74/279 311/74/285
f 266/66/244 305/66/280 313/75/287 317/75/291
f 265/30/243 2045/30/1804 305/66/280 266/66/244
f 250/58/229 2248/29/1935 2110/34/1842 2111/30/1843
f 1808/33/1651 2196/63/1900 262/30/240 97/34/94
f 985/38/908 1163/24/908 261/63/93 96/33/93
f 1925/32/1725 258/29/237 2422/29/2051 2388/32/2024
f 1216/39/1114 314/32/288 242/32/221 1137/39/1041
f 318/92/292 319/93/293 320/9/294 281/79/259
f 14/8/14 321/10/295 1225/9/1123 883/5/809
f 26/16/25 25/15/24 33/22/31 2076/94/1824
f 2221/21/1920 17/95/17 2202/14/1905 2031/13/1794
f 2175/96/1885 21/11/21 321/10/295 14/8/14
f 1226/11/1124 2378/10/2018 2377/8/2017 979/96/903
f 1835/9/1672 1225/9/1123 321/10/295 215/10/194
f 2313/11/1974 2203/14/1906 2204/14/1907 2170/11/1881
f 321/10/295 21/11/21 2171/11/1882 215/10/194
f 322/95/296 326/14/300 327/14/301 734/95/668
f 2423/10/2052 2292/10/1963 2425/10/2054 2163/10/1876
f 1882/97/1698 1884/10/1698 2159/10/1698 2161/98/1698
f 1836/99/1673 1838/95/1673 2310/95/1673 2406/100/1673
f 1862/10/1674 2040/10/1674 1841/10/1674 1864/10/1674
f 354/10/325 355/10/326 356/10/327 357/10/328
f 1917/10/1720 1920/10/1720 2230/10/1925 2401/10/2035
f 361/95/332 364/14/335 365/14/336 362/95/333
f 364/14/335 1965/11/1750 2126/11/1852 365/14/336
f 370/10/341 371/10/342 360/10/331 363/10/334
f 2231/10/1926 2368/10/2010 2190/10/1896 2216/10/1916
f 2350/10/1999 2349/10/1998 372/10/343 375/10/346
f 376/10/347 2014/9/1782 2167/9/1879 2098/10/1833
f 2009/14/1779 2138/14/1779 2165/95/1779 2012/95/1779
f 358/10/329 376/10/347 2098/10/1833 2096/10/1831
f 327/14/301 329/11/303 383/11/352 1901/14/1708
f 2423/10/2052 1956/10/1743 2295/10/1743 2292/10/1963
f 2249/9/1936 397/9/366 398/101/367 2205/97/1908
f 2064/99/1816 401/102/370 397/95/366 2249/95/1936
f 402/14/371 1974/14/1756 404/14/373 1941/14/1736
f 408/10/377 2008/10/1778 411/10/380 2361/10/2004
f 1918/10/1721 1936/10/1721 2042/10/1721 1921/10/1721
f 1941/14/1736 404/14/373 2304/14/1968 2010/14/1780
f 2013/9/1781 398/101/367 397/9/366 401/103/370
f 358/10/329 2361/10/2004 411/10/380 376/10/347
f 2287/10/1958 406/10/375 409/10/378 2341/10/1994
f 2043/10/1802 2391/10/2026 355/10/326 354/10/325
f 2166/95/1878 2137/14/1861 364/14/335 361/95/332
f 420/14/388 418/95/386 362/95/333 365/14/336
f 2137/14/1861 1962/11/1748 1965/11/1750 364/14/335
f 2126/11/1852 2127/11/1853 420/14/388 365/14/336
f 371/10/342 2097/10/1832 2099/10/1834 360/10/331
f 363/10/334 419/10/387 423/10/391 370/10/341
f 357/10/328 356/10/327 2368/10/2010 2231/10/1926
f 2191/10/1897 2217/10/1917 2216/10/1916 2190/10/1896
f 2349/10/1998 2401/10/2035 2230/10/1925 372/10/343
f 375/10/346 425/10/393 1958/10/1745 2350/10/1999
f 1901/14/1708 383/11/352 2218/11/1918 1902/14/1709
f 1982/11/1761 431/14/399 1902/14/1709 2218/11/1918
f 431/14/399 1982/11/1761 1983/11/1762 440/14/408
f 1937/11/1733 417/10/385 413/10/382 1935/10/382
f 1889/10/1701 2245/10/1701 447/104/415 1987/98/1764
f 2305/14/1959 2288/10/1959 417/10/385 1937/11/1733
f 416/10/384 415/14/384 1975/14/1757 2286/10/1957
f 1893/10/1704 1888/10/1700 2006/10/1700 2259/10/1942
f 2078/10/414 2246/10/414 446/10/414 1894/10/414
f 1842/10/1675 2399/10/2033 407/10/376 451/10/418
f 450/10/417 2008/10/1778 408/10/377 452/10/419
f 1863/10/1687 1893/10/1704 2259/10/1942 2041/10/1687
f 1865/10/322 2077/10/322 449/10/322 350/10/322
f 1840/10/324 1842/10/1675 451/10/418 353/10/324
f 351/10/323 450/10/417 452/10/419 352/10/323
f 2089/9/1738 1946/98/1738 1944/97/1738 1952/9/1738
f 1895/100/1666 1871/14/1666 1860/14/1666 1829/99/1666
f 1892/10/416 1887/10/416 448/98/416 1991/98/416
f 1996/10/1770 2007/10/1702 1890/10/1702 1891/10/1703
f 1999/97/1771 2205/97/1908 410/10/379 1997/10/1771
f 1989/98/1766 1988/98/1765 399/97/368 1998/97/1772
f 1903/95/1710 2252/95/1939 2055/100/1810 1905/100/1710
f 1804/95/1648 2250/95/1937 2253/95/1940 1904/95/1711
f 1805/99/1647 2064/99/1816 2249/95/1936 1803/95/1647
f 1906/100/1712 2056/100/1811 2065/99/1811 1806/99/1649
f 471/9/365 396/9/365 2206/97/365 1972/97/365
f 2351/9/2000 1953/9/1742 2250/9/1937 2253/9/1940
f 1990/98/428 1986/98/428 466/9/428 2352/9/428
f 472/97/429 1993/98/1767 1988/98/1765 399/97/368
f 2183/14/1891 1940/14/1735 2064/99/1816 1830/99/1667
f 2168/14/1880 1974/14/1756 402/14/371 474/14/430
f 2018/100/1784 2055/100/1810 403/14/372 2169/14/1784
f 475/99/431 400/99/369 467/100/369 477/100/432
f 2160/10/426 461/10/426 1992/98/426 2162/98/426
f 1885/10/312 1996/10/1770 1891/10/1703 338/10/312
f 1883/97/311 464/97/311 463/10/311 337/10/311
f 339/98/310 1989/98/1766 1998/97/1772 336/97/310
f 2309/95/427 465/95/427 468/100/427 2407/100/427
f 1839/95/315 1804/95/1648 1904/95/1711 342/95/315
f 1837/99/314 470/99/314 469/95/314 341/95/314
f 343/100/313 1906/100/1712 1806/99/1649 340/99/313
f 1951/9/1739 1954/9/1739 1973/97/1739 1945/97/1739
f 2090/9/421 454/9/421 1953/9/1742 2351/9/2000
f 1947/98/420 453/9/420 473/9/420 462/98/420
f 455/97/422 456/98/422 1993/98/1767 472/97/429
f 1861/14/1665 2183/14/1891 1830/99/1667 1828/99/1665
f 1872/14/425 2168/14/1880 474/14/430 459/14/425
f 1896/100/424 2017/100/424 476/14/424 458/14/424
f 460/99/423 475/99/431 477/100/432 457/100/423
f 398/101/367 411/10/380 410/10/379 2205/97/1908
f 2014/9/1782 376/10/347 411/10/380 398/101/367
f 2088/102/316 1942/14/316 344/14/316 377/95/316
f 1940/14/1735 405/14/374 401/102/370 2064/99/1816
f 447/104/415 478/105/433 2252/95/1939 1987/98/1764
f 478/105/433 403/14/372 2055/100/1810 2252/95/1939
f 479/106/434 1975/14/1757 403/14/372 478/105/433
f 480/107/435 2286/10/1957 1975/14/1757 479/106/434
f 479/106/434 478/105/433 447/104/415 480/107/435
f 418/9/386 420/14/388 390/14/359 389/9/358
f 420/14/388 2127/11/1853 2173/11/1884 390/14/359
f 423/10/391 419/10/387 2443/10/2071 2026/10/1789
f 2217/10/1917 2191/10/1897 2374/10/2014 2294/10/1965
f 1958/10/1745 425/10/393 394/10/363 1955/10/363
f 284/87/262 279/77/257 2213/108/1913 2332/109/1988
f 318/92/292 316/89/290 483/110/438 484/111/439
f 316/89/290 285/88/263 2433/112/2062 483/110/438
f 278/76/256 31/19/29 490/113/445 2215/114/1915
f 489/56/444 488/56/443 483/110/438 487/112/442
f 2424/56/2053 485/56/440 482/109/437 2214/108/1914
f 2033/56/1796 2035/56/1797 2215/114/1915 490/113/445
f 2328/18/1985 2033/56/1796 490/113/445 31/19/29
f 2220/56/1919 2387/57/2023 1408/57/1284 496/56/450
f 279/77/257 278/76/256 2215/114/1915 2213/108/1913
f 285/88/263 284/87/262 2332/109/1988 2433/112/2062
f 487/112/442 482/109/437 485/56/440 489/56/444
f 481/108/436 491/114/436 2036/56/1798 486/56/441
f 484/111/439 497/115/451 319/93/293 318/92/292
f 2028/25/1791 206/28/185 1855/28/1682 67/25/64
f 2405/24/2039 207/25/186 2201/25/1904 2404/24/2038
f 209/9/188 208/24/187 70/24/67 72/9/69
f 2155/26/1873 2325/9/1984 2324/9/1983 2106/26/1839
f 2039/10/1801 2156/26/1874 74/26/71 2125/10/1851
f 1900/2/1707 2038/10/1800 76/10/73 2279/2/1951
f 2296/27/1966 212/2/191 78/2/75 80/27/77
f 206/28/185 213/27/192 2364/27/2006 68/28/65
f 1983/11/1762 2371/11/2012 228/14/207 440/14/408
f 2131/10/1854 2128/10/1854 230/10/209 2244/10/1933
f 1/1/1 2005/7/1777 2273/6/1777 2362/35/2005
f 98/116/95 2176/96/1886 14/8/14 13/7/13
f 33/22/31 23/13/22 22/12/22 2076/94/1824
f 2238/36/1929 2210/117/1910 10/118/10 11/37/11
f 3/3/3 2312/119/1973 2075/120/1823 4/4/4
f 1879/57/1283 1407/57/1283 2219/56/1694 1876/56/1694
f 497/115/451 2112/114/1844 234/52/213 319/93/293
f 319/93/293 234/52/213 1819/55/1659 320/9/294
f 280/78/258 316/89/290 318/92/292 281/79/259
f 307/90/281 316/89/290 280/78/258
f 307/90/281 1833/80/1670 282/81/260 286/91/264
f 1819/55/1659 1856/71/1683 281/79/259 320/9/294
f 1408/57/1284 1130/57/1034 238/56/217 496/56/450
f 496/56/450 238/56/217 235/53/214
f 2429/72/2058 273/71/251 237/55/216 2186/52/216
f 248/29/227 1847/29/227 1849/32/227 2053/32/227
f 2054/32/1809 256/32/235 1155/39/1059 1140/39/1044
f 1817/52/1657 494/114/448 235/53/214
f 1899/85/1706 1833/80/1670 272/70/250
f 1897/86/1705 296/85/271 2242/84/1932
f 283/82/261 286/91/264 282/81/260
f 2453/9/2079 1393/11/1272 2454/95/2080 2451/25/2077
f 488/9/443 489/25/444 507/95/461 2467/11/2088
f 307/90/281 280/78/258 272/70/250 1833/80/1670
f 4/9/4 2075/11/1823 98/95/95 13/25/13
f 1886/9/1699 4/11/4 13/95/13
f 2456/9/2082 2460/25/2085 2459/95/2084 2458/11/2084
f 1877/9/1695 2461/121/1695 2464/122/1287 1411/11/1287
f 2462/121/2083 2457/25/2083 1423/95/1299 1430/122/1299
f 1422/9/1298 509/25/463 513/95/465 1435/11/1298
f 2456/56/2082 2471/123/2091 2472/124/2092 2460/125/2085
f 509/56/463 518/126/470 519/127/471 513/125/465
f 2471/123/2091 2473/128/2093 2475/129/2093 2472/124/2092
f 520/128/472 2467/56/2088 2474/129/2094
f 518/126/470 521/130/473 522/131/474 519/127/471
f 521/130/473 2465/132/2086 2468/56/2086 522/131/474
f 503/9/457 2463/11/457 523/95/475 517/25/469
f 2480/24/2096 2479/25/2095 2476/95/2095 2477/133/2096
f 2485/134/2101 2112/114/1844 497/115/451 528/135/480
f 517/9/469 523/11/475 527/95/479 520/25/472
f 534/9/485 2467/11/2088 520/95/472 527/25/479
f 534/9/485 527/25/479 528/95/480 497/11/451
f 514/11/466 530/136/482 1451/137/1323 1434/95/1307
f 530/136/482 2478/24/2097 1424/25/1300 1451/137/1323
f 2470/138/2090 2486/139/2102 2466/140/2087
f 2469/9/2089 531/141/483 2486/142/2102 2470/138/2090
f 531/141/483 514/25/466 516/143/468 532/142/484
f 514/11/466 531/144/483 530/145/482
f 2469/9/2089 2478/11/2097 530/95/482 531/25/483
f 284/87/262 285/88/263 286/91/264 283/82/261
f 2455/9/2081 2487/11/2103 2448/95/2076 2450/25/2076
f 1392/9/1271 2452/11/2078 2489/95/2078 1403/25/1271
f 2449/9/460 2490/95/460 506/11/460
f 488/9/443 2467/11/2088 534/95/485
f 484/9/439 534/95/485 497/11/451
f 483/9/438 488/25/443 534/95/485 484/11/439
f 510/140/464 532/139/484 516/143/468 512/146/464
f 2493/147/2107 535/148/486 2282/64/1953
f 493/11/447 2034/9/447 2494/149/2108 2488/132/2104
f 2488/132/2104 2494/149/2108 2495/11/2105 2491/57/2105
f 982/147/906 1402/57/906 536/132/487 2492/150/2106
f 2329/18/446 2492/150/2106 536/132/487 492/56/446
f 2282/64/1953 535/148/486 30/18/28 29/17/28
f 2424/25/2053 2447/151/2075 502/11/456 485/9/440
f 486/56/441 2036/56/1798 533/152/459 505/153/459
f 1897/86/1705 2242/84/1932 2082/30/274 299/30/274
f 2511/9/2121 537/25/488 837/154/766 1773/155/1620
f 2499/156/2112 50/27/47 2498/28/2111
f 15/118/15 834/157/763 544/25/494 859/158/785
f 544/25/494 860/159/786 856/160/782 859/161/785
f 100/9/97 2499/11/2112 2500/95/2113 2501/25/2114
f 567/162/517 546/163/496 538/164/489
f 2497/7/2110 552/165/502 567/162/517 554/166/504
f 552/165/502 2497/7/2110 2509/167/2120 549/9/499
f 235/53/214 494/114/448 529/168/481 496/56/450
f 2503/169/2116 214/35/193 2504/1/2117 2505/170/2118
f 548/9/498 549/9/499 2509/167/2120 551/170/501
f 553/171/503 2496/172/2109 2497/95/2110 554/166/504
f 548/9/498 551/170/501 539/1/490 559/173/509
f 555/174/505 48/2/45 50/27/47
f 25/15/24 556/175/506 33/22/31
f 214/176/193 557/177/507 2506/178/2119 2504/179/2117
f 557/177/507 100/15/97 2501/2/2114 2506/178/2119
f 863/180/789 864/181/790 545/95/495 842/182/771
f 559/9/509 547/9/497 864/181/790 563/183/513
f 556/184/506 560/185/510 557/186/507 2502/176/2115
f 560/185/510 555/187/505 100/179/97 557/186/507
f 2499/156/2112 100/188/97 555/174/505 50/27/47
f 28/2/27 560/189/510 556/184/506 25/15/24
f 48/2/45 555/174/505 560/189/510 28/2/27
f 553/190/503 873/95/799 1483/191/1353 2496/1/2109
f 5/6/5 2507/192/5 2510/167/5 541/7/5
f 2508/192/512 2503/169/2116 2505/170/2118 562/167/512
f 554/166/504 567/162/517 566/193/516
f 561/194/511 101/7/98 564/195/514 550/196/500
f 2502/35/2115 550/196/500 564/195/514 2222/6/1921
f 33/22/31 556/175/506 2502/176/2115 2222/23/1921
f 537/9/488 565/197/515 566/193/516 538/164/489
f 565/197/515 553/171/503 554/166/504 566/193/516
f 540/2/491 545/95/495 547/9/497 558/178/508
f 538/164/489 566/193/516 567/162/517
f 2511/11/2121 1488/198/1358 565/199/515 537/172/488
f 1488/198/1358 873/95/799 553/190/503 565/199/515
f 2496/1/2109 1483/191/1353 981/116/905 568/200/518
f 561/194/511 2496/1/2109 568/200/518 101/7/98
f 2512/10/2122 2399/10/2033 409/10/378
f 406/10/375 2512/10/2122 409/10/378
f 2512/10/2122 407/10/376 2399/10/2033
f 569/201/519 480/107/435 447/104/415
f 2245/10/1701 569/201/519 447/104/415
f 569/201/519 2286/10/1957 480/107/435
f 2517/202/2127 53/25/50 54/28/51 575/203/525
f 61/2/58 573/204/523 2518/205/2128 2037/10/1799
f 1928/27/1728 2519/206/2129 573/204/523 61/2/58
f 2519/206/2129 2520/27/2130 62/2/59 573/204/523
f 51/28/48 575/207/525 576/208/526 63/27/60
f 575/207/525 54/28/51 64/27/61 576/208/526
f 2377/8/2017 578/209/528 1502/210/1372 979/96/903
f 564/211/514 579/212/529 2222/6/1921
f 2521/212/18 18/5/18 34/6/18
f 247/9/226 2414/11/2046 260/95/239 585/25/534
f 275/9/253 2083/95/1827 297/11/272
f 260/9/239 292/11/269 298/95/273 585/213/534
f 2525/214/2134 2264/95/1943 890/215/816
f 890/215/816 15/118/15 16/27/16 2525/214/2134
f 2533/9/2142 590/25/539 2523/95/2132 2524/11/2133
f 2531/216/2140 2185/54/1893 235/53/214
f 235/53/214 238/56/217 239/56/218 2531/216/2140
f 2412/9/2044 2529/11/2138 2530/95/2139 591/25/540
f 582/9/532 2523/25/2132 590/95/539 589/11/538
f 2522/9/2131 581/25/531 2528/95/2137 2527/11/2136
f 16/9/16 2522/11/2131 2527/95/2136 2525/25/2134
f 2532/9/2141 592/25/541 585/95/534 298/11/273
f 2533/9/2142 2524/11/2133 592/95/541 2532/25/2141
f 247/9/226 585/11/534 592/95/541
f 247/9/226 592/25/541 584/95/533 2102/11/1835
f 591/95/540 2530/11/2139 2534/95/1894 2187/9/1894
f 236/9/215 594/25/215 593/95/542 274/11/252
f 275/11/253 274/9/252 593/95/542 2083/11/1827
f 16/9/16 857/217/783 2535/95/2143 580/25/530
f 90/30/87 255/95/234 2536/218/234 862/219/788
f 2522/9/2131 93/25/90 2229/95/1924 581/11/531
f 2154/9/1872 2523/25/2132 582/95/532 2227/11/1922
f 2102/9/1835 584/95/533 583/11/232 253/9/232
f 587/95/536 2540/27/2146 2526/11/2135
f 588/95/537 2538/220/2145 2540/221/2146 587/95/536
f 2537/220/2144 2358/9/1944 2265/9/1944 2539/221/2144
f 586/11/535 596/27/535 2266/25/535 2263/9/535
f 2541/95/2147 2291/11/1962 2359/9/543 595/222/543
f 581/9/531 597/223/544 2542/224/2148 2528/11/2137
f 597/223/544 582/25/532 589/95/538 2542/224/2148
f 582/25/532 597/225/544 2227/9/1922
f 2541/11/2147 2543/226/2149 2529/25/2138 2412/9/2044
f 2538/222/2145 588/25/537 598/226/236 257/11/236
f 2544/16/2150 229/11/208 1984/11/1763
f 2402/10/2036 601/10/547 2403/10/2037
f 601/227/547 2402/10/2036 2546/16/2152 2547/228/2153
f 2171/11/1882 2548/229/2154 215/10/194
f 603/230/549 222/11/201 223/11/202
f 2402/10/2036 215/10/194 2548/229/2154 2546/228/2152
f 602/228/548 600/16/546 603/230/549 223/11/202
f 53/25/50 2561/231/2164 2555/28/2159 54/28/51
f 56/24/53 2559/24/556 611/25/556 2516/25/2126
f 2556/232/2160 2200/9/1903 39/24/36 2558/24/2162
f 2513/26/2123 610/26/555 2602/233/2196 2600/9/2194
f 2551/234/2156 2059/10/1812 2410/26/2042 2560/26/2163
f 62/2/59 608/2/553 2552/235/2157 2553/10/2158
f 608/2/553 47/2/44 45/10/42 2552/235/2157
f 2520/27/2130 2549/236/2155 608/2/553 62/2/59
f 2549/236/2155 2438/27/2066 47/2/44 608/2/553
f 54/28/51 606/28/551 2550/208/551 64/27/61
f 2554/28/46 2348/28/46 49/27/46 604/208/46
f 254/9/233 597/225/544 581/95/531 2229/11/1924
f 2570/9/1775 2003/11/1775 2384/95/2021 2568/25/2169
f 2382/9/2020 2568/95/2169 2384/11/2021
f 2563/237/2166 2564/95/2167 615/95/560 217/9/196
f 613/237/558 2569/238/2170 612/95/557
f 2565/95/561 616/238/561 2383/11/561 2566/239/561
f 2562/9/2165 1111/25/1015 1539/95/1402 613/11/558
f 1112/9/1016 2569/25/2170 613/95/558 1539/11/1402
f 2572/240/2172 2564/95/2167 2567/95/2168 2573/241/2173
f 17/9/17 619/242/563 2571/243/2171 2202/11/1905
f 619/242/563 615/95/560 2564/11/2167 2572/243/2172
f 216/9/195 225/11/204 2576/95/2176 2122/25/195
f 226/9/205 2129/11/1855 233/95/212
f 226/9/205 2004/25/1776 2575/95/2175 2129/11/1855
f 620/244/564 579/95/529 564/25/514
f 2578/245/2178 578/95/528 19/11/19
f 2376/11/2016 2221/9/1920 579/25/529 620/245/564
f 2580/246/2180 2156/26/1874 2039/10/1801
f 2580/9/2180 2583/25/2181 2581/95/2181 2579/11/2179
f 2156/9/1874 2580/11/2180 2579/95/2179
f 2588/247/2182 2582/25/2182 2584/95/2182 2586/248/2182
f 210/9/189 622/11/565 2590/95/2185
f 2561/231/2164 628/249/570 38/28/35 2555/28/2159
f 2336/9/1991 628/25/570 2561/95/2164 609/11/554
f 35/9/32 2558/95/2162 39/11/36
f 632/250/574 629/11/571 2629/219/2219 92/25/89
f 2370/25/2011 852/251/778 2336/25/1991
f 632/252/574 865/253/791 861/254/787 630/25/572
f 2336/25/1991 852/251/778 2628/28/2218 628/255/570
f 840/256/769 855/9/781 631/149/573 861/254/787
f 91/9/88 629/11/571 630/25/572
f 2591/257/2019 2380/9/2019 41/9/38 2592/258/2186
f 2592/259/2186 41/9/38 2557/233/2161
f 10/118/10 637/260/579 638/261/580 11/37/11
f 637/260/579 9/50/9 12/51/12 638/261/580
f 639/262/581 2593/263/2187 7/27/7
f 637/264/579 10/118/10 2594/263/2188 639/265/581
f 2284/15/1955 2596/266/2190 2597/267/2191 8/31/8
f 2596/266/2190 2595/24/2189 2598/9/2192 2597/267/2191
f 640/268/582 91/11/88 630/95/572
f 2446/269/2074 641/270/583 635/271/577
f 630/95/572 36/25/33 40/9/37 640/268/582
f 634/272/576 635/271/577 641/270/583 42/9/39
f 7/27/7 2446/269/2074 635/273/577 639/262/581
f 2207/9/578 636/25/578 10/95/10 2210/11/1910
f 6/9/6 7/25/7 2599/95/2193 2308/11/1971
f 7/9/7 2593/11/2187 2208/95/1909 2599/25/2193
f 2390/26/2025 2607/274/2200 2603/275/2197 43/26/40
f 854/274/780 853/257/779 633/258/575 2604/275/575
f 645/276/587 637/264/579 639/265/581
f 635/273/577 645/276/587 639/265/581
f 645/276/587 9/50/9 637/264/579
f 9/50/9 645/277/587 2608/278/2201 2417/26/2048
f 645/277/587 635/271/577 634/272/576 644/278/586
f 642/95/584 2605/279/2198 607/9/552
f 43/9/40 2603/11/2197 2606/95/2199
f 43/9/40 2606/25/2199 2602/95/2196 610/11/555
f 2557/9/2161 646/279/585 643/11/585 2592/9/2186
f 2445/9/2073 110/11/107 1824/95/1663 2436/25/1663
f 106/9/103 108/25/105 2437/95/2065 107/11/104
f 211/10/190 59/10/56 624/95/567 621/11/190
f 574/280/524 2585/281/2183 624/11/567 59/9/56
f 2179/26/1887 648/282/589 2617/283/2207 2615/284/2207
f 2437/26/2065 2614/284/2206 652/283/593 107/9/104
f 107/9/104 652/283/593 648/282/589 195/9/175
f 1825/10/106 2613/234/106 2616/285/106 109/26/106
f 649/234/590 2180/10/1888 2178/26/592 651/285/592
f 2180/10/1888 649/286/590 2619/287/2209 2618/288/2208
f 198/2/177 650/288/591 653/287/594 1827/2/1664
f 113/2/108 2619/287/2209 649/286/590 111/10/108
f 2301/26/1967 84/9/81 195/9/175 648/289/589
f 2337/10/1992 650/290/591 198/2/177 87/2/84
f 197/10/176 2621/10/2211 2620/26/2210 196/26/176
f 2621/10/2211 2338/10/1993 85/26/82 2620/26/2210
f 2179/26/1887 654/26/595 648/289/589
f 654/26/595 2301/26/1967 648/289/589
f 86/10/83 655/291/596 2618/290/2208
f 655/291/596 2180/10/1888 2618/290/2208
f 2622/292/2212 1926/28/1726 206/28/185
f 2517/202/2127 575/203/525 51/28/48 2623/292/2213
f 206/28/185 2028/25/1791 52/25/49 2622/292/2212
f 571/293/521 2626/117/2216 2516/25/2126
f 2027/9/1790 2440/11/2068 572/95/522
f 52/9/49 2625/25/2215 657/95/598 2622/11/2212
f 571/9/521 656/11/597 2626/95/2216
f 2625/294/2215 658/294/599 657/117/598
f 2626/117/2216 2627/294/2217 56/24/53 2516/25/2126
f 2609/9/2202 2612/9/2205 2627/295/2217 2624/294/2214
f 38/28/35 628/255/570 2628/95/2218 2345/9/1996
f 542/156/492 840/256/769 842/182/771 545/95/495
f 842/182/771 858/296/784 866/297/792 863/180/789
f 11/95/11 660/298/601 2/9/2
f 660/298/601 3/11/3 2/9/2
f 11/9/11 638/25/580 2630/95/2220 660/11/601
f 12/9/12 661/95/602 638/11/580
f 3/9/3 660/11/601 2630/95/2220
f 2312/9/1973 661/95/602 2430/11/2059
f 622/9/565 623/11/566 2589/95/2184 2590/25/2185
f 192/28/172 2632/299/2221 2635/300/2221 2427/25/2056
f 2631/299/101 2052/28/101 104/25/101 2634/300/101
f 663/301/603 2398/25/2032 103/24/100
f 2068/27/1818 2636/27/2223 1827/2/1664
f 199/27/178 2637/302/2222 2633/303/2222 2439/28/2067
f 664/302/112 117/27/112 116/28/112 662/303/112
f 1827/2/1664 2636/27/2223 2434/27/2063 198/2/177
f 55/9/52 208/11/187 209/95/188 2638/25/2224
f 55/9/52 2638/25/2224 2609/95/2202 2624/11/2214
f 667/304/606 2325/9/1984 2155/11/1873
f 627/95/569 667/304/606 2155/11/1873
f 667/304/606 665/25/604 2325/9/1984
f 667/305/606 627/9/569 2639/11/2225
f 2639/11/2225 2610/95/2203 665/25/604 667/305/606
f 103/24/100 194/24/174 193/25/173 663/301/603
f 666/306/605 2640/307/2226 2611/25/2204
f 2589/9/2184 2640/308/2226 666/309/605 2590/11/2185
f 669/24/608 577/25/527 2641/307/2227
f 2515/310/2125 2643/311/2229 2642/312/2228
f 577/313/527 669/312/608 670/311/609 647/314/588
f 2600/9/2194 2643/311/2229 2515/310/2125 2513/26/2123
f 2587/11/607 2515/9/2125 2642/24/2228 668/307/607
f 2644/315/2230 2518/205/2128 573/204/523
f 573/204/523 62/2/59 2553/10/2158 2644/315/2230
f 574/11/524 672/234/611 2585/248/2183
f 672/316/611 574/280/524 671/317/610
f 625/248/568 2645/234/2231 570/9/520 626/247/568
f 2647/318/2232 60/10/57 605/234/550
f 2514/9/2124 570/11/520 2645/95/2231 2646/25/2124
f 2551/234/2156 2560/26/2163 58/26/55 673/318/55
f 60/9/57 2647/25/2232 672/95/611 671/11/610
f 56/9/53 2627/11/2217 2612/95/2205 2648/25/2233
f 56/9/53 2648/25/2233 2556/95/2160 2558/11/2162
f 642/95/584 607/11/552 2649/95/2195 2601/9/2195
f 670/311/609 57/9/54 674/95/54 647/11/588
f 324/10/298 2650/319/2234 2651/320/2235 2653/10/2237
f 324/10/298 2653/234/2237 2654/234/2238 2656/10/2240
f 2393/10/2028 2663/234/2243 2657/321/2029 2394/9/2029
f 683/234/614 677/10/614 2652/320/2236 2658/321/2236
f 2659/322/2241 681/320/618 678/319/615
f 2655/234/2239 2660/227/2242 676/10/613
f 2661/234/619 682/234/619 677/234/614 683/10/614
f 324/10/298 686/149/621 2666/323/2246 2650/324/2234
f 686/149/621 675/149/612 679/325/616 2666/323/2246
f 679/325/616 688/326/623 2669/327/2249 2666/328/2246
f 734/9/668 691/327/626 2668/326/2248 322/9/296
f 2656/10/2240 2667/10/2247 686/10/621 324/10/298
f 2667/10/2247 680/10/617 675/10/612 686/10/621
f 680/10/617 689/234/624 692/10/627 690/149/625
f 332/10/306 692/10/627 689/234/624 676/10/613
f 2673/10/2253 2676/10/2254 695/10/630 2672/10/2252
f 390/14/359 698/298/633 699/95/634 389/95/358
f 698/298/633 326/14/300 322/95/296 699/95/634
f 675/9/612 680/11/617 702/95/637
f 675/9/612 702/25/637 701/95/636 679/11/616
f 2442/9/2070 704/149/639 2680/329/2256 2679/25/2255
f 704/149/639 701/11/636 702/95/637 2680/329/2256
f 2442/9/2070 2679/95/2255 2444/11/2072
f 676/10/613 2660/227/2242 2671/10/2251 332/10/306
f 693/10/628 2662/227/628 2678/10/628 2674/10/628
f 2681/10/2257 709/330/644 714/331/649 2682/234/2258
f 383/11/352 714/331/649 709/330/644 432/11/400
f 2689/10/2265 710/332/645 709/330/644 2681/10/2257
f 710/332/645 433/11/401 432/11/400 709/330/644
f 2684/10/2260 2683/234/2259 2686/10/2262 2685/10/2261
f 437/10/405 711/10/646 715/10/650 2147/10/650
f 708/10/643 2688/10/2264 2684/10/2260 2685/227/2261
f 2691/9/2267 2692/11/2268 719/95/654 700/25/635
f 366/11/337 2701/333/2274 2700/334/2273 367/11/338
f 722/333/656 368/10/339 369/10/340 721/334/655
f 1963/11/1749 2695/335/1749 2701/336/2274 366/11/337
f 2696/335/2270 349/10/321 368/10/339 722/336/656
f 422/10/390 723/337/657 721/338/655 369/10/340
f 723/337/657 421/11/389 367/11/338 2700/338/2273
f 421/11/389 723/339/657 724/228/658 391/11/360
f 422/10/390 1957/10/1744 724/228/658 723/339/657
f 716/11/651 2702/340/2275 698/9/633
f 2690/9/2266 2693/95/2269 717/11/652 725/341/659
f 329/11/303 2704/342/2277 2703/343/2276 383/11/352
f 728/342/662 331/10/305 384/10/353 726/343/660
f 328/9/302 725/11/659 717/95/652 2705/25/2278
f 391/9/360 724/25/658 2693/95/2269 2690/11/2266
f 1957/9/1744 2694/11/653 718/95/653 724/25/658
f 326/9/300 698/25/633 2702/95/2275 328/11/302
f 2682/234/2258 714/331/649 383/11/352 2703/343/2276
f 330/9/304 700/11/635 719/95/654 392/25/361
f 700/9/635 330/25/304 727/95/661 2691/11/2267
f 685/234/620 2663/10/2243 2393/10/2028 2677/10/620
f 328/11/302 729/344/663 326/14/300
f 2705/345/2278 2706/346/2279 729/347/663 328/11/302
f 2706/346/2279 2704/348/2277 329/11/303 729/347/663
f 730/346/664 727/345/661 330/10/304
f 326/14/300 729/344/663 329/11/303 327/14/301
f 330/10/304 331/10/305 728/348/662 730/346/664
f 2293/10/1964 2710/10/2280 2707/10/2055 2426/10/2055
f 2659/322/2241 678/319/615 734/349/668 2665/9/2245
f 678/324/615 687/328/622 691/327/626 734/349/668
f 323/9/297 2711/350/297 2395/9/297 684/322/297
f 2316/9/1977 736/351/670 737/352/671 2211/9/1911
f 2211/9/1911 737/353/671 739/354/673 2212/9/1912
f 2664/9/2244 734/95/668 327/11/301
f 2668/25/2248 741/355/675 2746/356/2307 322/9/296
f 741/355/675 704/95/639 325/11/299 2746/356/2307
f 704/95/639 741/357/675 701/11/636
f 2024/9/1788 742/358/676 743/359/677 2670/25/2250
f 742/358/676 703/11/638 705/95/640 743/359/677
f 743/360/677 705/95/640 702/25/637
f 703/10/638 742/234/676 2443/10/2071
f 680/9/617 690/11/625 743/360/677 702/25/637
f 679/9/616 701/11/636 741/357/675 688/25/623
f 218/9/197 736/95/670 614/11/559
f 2574/361/2174 614/25/559 736/95/670 2316/9/1977
f 2331/9/1987 744/362/678 2713/363/2281 2330/9/1986
f 744/362/678 2331/9/1987 2212/9/1912
f 429/9/397 747/25/681 746/95/680 744/11/678
f 748/9/682 2717/11/2284 746/95/680 747/25/681
f 426/9/394 2330/11/1986 2713/95/2281 2715/25/2283
f 435/10/403 2716/10/403 748/95/682 2718/9/2285
f 751/10/685 2676/10/2254 2714/10/2282 738/10/672
f 2418/9/1867 2148/11/1867 2686/95/2262 2683/25/2259
f 2714/9/2282 750/364/684 745/11/679
f 2719/364/2286 749/95/683 2715/11/2283
f 426/9/394 2715/11/2283 749/95/683
f 429/9/397 744/25/678 2212/95/1912 739/11/673
f 437/10/405 2149/10/1868 751/95/685 738/11/672
f 444/10/412 752/10/686 753/10/687 233/10/212
f 752/10/686 2268/10/1946 2267/10/1945 753/10/687
f 438/10/406 754/234/688 752/10/686 444/10/412
f 2425/10/2054 755/10/689 384/10/353 2163/10/1876
f 757/10/691 754/234/688 438/10/406 756/10/690
f 748/11/682 758/14/692 2718/9/2285
f 747/9/681 2721/365/2288 758/366/692 748/25/682
f 759/365/693 754/11/688 757/95/691 2720/366/2287
f 2268/9/1946 752/11/686 754/95/688 759/25/693
f 2386/10/2022 226/10/205 233/10/212 753/10/687
f 2149/9/1868 760/11/694 761/95/695 751/25/685
f 2676/9/2254 751/11/685 761/95/695 695/25/630
f 2419/9/356 2708/25/356 2722/95/356 387/11/356
f 2709/10/308 386/10/355 755/10/689 334/10/308
f 731/9/665 733/11/667 732/95/666 760/25/694
f 332/9/306 2672/11/2252 695/95/630 2723/25/2289
f 732/9/666 762/25/696 761/95/695 760/11/694
f 695/9/630 761/11/695 762/95/696
f 2729/10/2292 380/10/349 2396/9/2030 2724/367/2030
f 2725/95/2290 382/14/351 430/14/398
f 2675/9/629 2726/368/629 694/11/629
f 696/11/631 2730/369/2293 2727/370/354 385/9/354
f 380/9/349 2729/371/2292 2730/372/2293 696/11/631
f 711/227/646 756/149/690 438/10/406 2687/10/2263
f 426/10/394 768/227/702 2731/373/2294 2330/9/1986
f 768/227/702 764/10/698 763/367/697 2731/373/2294
f 765/369/699 769/374/703 2733/375/2291 2728/370/2291
f 2734/374/2296 749/95/683 2719/25/2286 2732/375/2295
f 764/371/698 768/376/702 769/377/703 765/372/699
f 768/376/702 426/25/394 749/95/683 2734/377/2296
f 766/368/700 770/378/704 2676/11/2254
f 2676/11/2254 770/378/704 750/25/684 2714/95/2282
f 427/95/395 767/379/701 2725/95/2290 430/14/398
f 2712/380/350 382/14/351 2725/95/2290 381/95/350
f 359/10/330 2392/10/2027 355/10/326 697/234/632
f 359/10/330 697/234/632 2287/10/1958 2341/10/1994
f 2287/10/1958 697/10/632 355/10/326 2391/10/2026
f 2443/10/2071 742/234/676 2024/10/1788 2026/10/1789
f 2735/10/2297 2024/10/1788 2670/149/2250
f 2735/381/2297 332/9/306 2723/25/2289
f 762/25/696 732/95/666 2025/11/705 771/381/705
f 2670/149/2250 692/10/627 332/10/306 2735/10/2297
f 333/9/307 732/11/666 733/95/667 2736/25/2298
f 335/9/309 2294/11/1965 2374/95/2014 2737/25/309
f 2293/9/1964 772/95/706 2710/11/2280
f 2267/10/1945 2738/149/2299 753/10/687
f 2738/149/2299 2386/10/2022 753/10/687
f 774/382/708 739/25/673 737/95/671
f 737/95/671 736/11/670 218/9/197 774/382/708
f 429/9/397 775/383/709 747/11/681
f 443/95/411 775/384/709 776/385/710 231/9/210
f 775/384/709 429/11/397 739/95/673 776/385/710
f 777/386/711 774/387/708 218/9/197
f 231/95/210 776/388/710 777/389/711 773/390/707
f 776/388/710 739/25/673 774/387/708 777/389/711
f 218/9/197 224/11/203 773/390/707 777/386/711
f 747/11/681 775/383/709 443/25/411 2721/95/2288
f 220/14/199 780/391/714 778/392/712 228/14/207
f 2740/391/2301 219/95/198 227/95/206 2739/392/2300
f 431/14/399 781/393/715 1902/14/1709
f 428/95/396 2741/394/2302 2742/395/2303 439/95/407
f 781/394/715 431/14/399 440/14/408 779/395/713
f 24/9/23 617/11/23 2743/95/2304 221/25/200
f 220/9/199 221/25/200 2743/95/2304 780/11/714
f 2572/9/2172 2573/11/2173 2744/95/2305
f 219/9/198 2740/25/2301 782/95/562 618/11/562
f 2745/396/2306 2739/397/2300 227/95/206
f 778/397/712 783/396/716 228/14/207
f 227/95/206 439/95/407 2742/398/2303 2745/396/2306
f 228/14/207 783/396/716 779/398/713 440/14/408
f 430/14/398 2741/393/2302 428/95/396 427/95/395
f 437/9/405 738/25/672 2720/95/2287 757/11/691
f 711/227/646 437/10/405 757/95/691 756/11/690
f 325/9/299 388/11/357 2746/95/2307
f 322/9/296 2746/95/2307 699/11/634
f 230/10/209 785/399/717 2748/400/2309 2545/228/2151
f 785/399/717 601/227/547 2547/228/2153 2748/400/2309
f 2544/228/2150 786/401/718 229/11/208
f 601/10/547 785/10/717 2747/10/2308 2403/10/2037
f 785/10/717 230/10/209 2130/10/1856 2747/10/2308
f 229/11/208 786/401/718 602/228/548 223/11/202
f 698/14/633 390/14/359 2173/11/1884 716/402/651
f 2697/11/2271 2751/16/2310 2696/403/2270
f 1964/11/319 347/14/319 2011/14/319 2749/120/319
f 349/10/321 2696/403/2270 2751/16/2310 1919/10/1722
f 1901/14/1708 735/380/669 2664/95/2244 327/14/301
f 360/10/331 2752/404/2311 792/405/724 363/10/334
f 789/404/721 361/9/332 362/9/333 2753/405/2312
f 2752/406/2311 360/10/331 2099/10/1834
f 418/9/386 2754/407/2313 2753/408/2312 362/9/333
f 791/407/723 419/10/387 363/10/334 792/408/724
f 419/10/387 791/409/723 2755/410/2314 2443/10/2071
f 2754/409/2313 418/9/386 389/9/358 790/410/722
f 2443/9/2071 2755/411/2314 740/25/674
f 2746/25/2307 790/411/722 389/11/358 699/95/634
f 373/10/344 793/234/725 2758/10/2316 374/10/345
f 793/234/725 371/10/342 370/10/341 2758/10/2316
f 793/10/725 2392/10/2027 359/10/330
f 371/10/342 793/10/725 359/10/330
f 793/10/725 373/10/344 2392/10/2027
f 423/10/391 2759/149/2317 796/10/727 370/10/341
f 794/149/726 424/10/392 374/10/345 2758/10/2316
f 424/10/392 794/10/726 2757/227/2015 2375/10/2015
f 2759/10/2317 423/10/391 2026/10/1789 2756/227/2315
f 379/10/348 378/9/348 361/9/332 789/406/721
f 720/403/318 346/11/318 2750/120/318 2698/11/318
f 787/412/719 797/11/728 2699/11/2272
f 797/413/728 787/412/719 2010/14/1780
f 2010/14/1780 2304/14/1968 414/11/383 797/413/728
f 348/9/320 797/25/728 414/95/383 412/11/381
f 345/9/317 797/95/728 788/11/720
f 348/9/320 788/11/720 797/95/728
f 393/9/362 333/9/307 2736/95/2298
f 395/11/364 795/414/364 393/9/362 2736/95/2298
f 712/10/647 800/149/731 798/10/729 436/10/404
f 800/149/731 706/10/641 434/10/402 798/10/729
f 436/10/404 798/10/729 799/10/730 713/10/648
f 798/10/729 434/10/402 707/10/642 799/10/730
f 799/10/730 384/10/353 755/10/689
f 2689/11/2265 801/415/732 802/416/733 710/95/645
f 710/25/645 802/417/733 433/9/401
f 442/10/410 803/149/734 805/227/736 2133/10/1858
f 803/10/734 442/10/410 801/10/732
f 800/10/731 803/10/734 801/10/732 706/10/641
f 441/11/409 2760/16/2318 599/16/545
f 801/415/732 442/9/410 2760/14/2318 802/417/733
f 802/417/733 2760/14/2318 441/11/409 433/9/401
f 2545/16/2151 804/16/735 2244/10/1933 230/10/209
f 807/227/738 444/10/412 233/10/212
f 708/11/643 806/418/737 2761/419/2319 2688/95/2264
f 2132/11/1857 2762/420/2320 807/421/738
f 444/9/412 807/421/738 438/25/406
f 438/25/406 807/421/738 2762/420/2320 2687/95/2263
f 2129/9/1855 2132/11/1857 807/95/738 233/25/212
f 225/9/204 784/422/211 232/11/211 2576/95/2176
f 803/149/734 800/10/731 712/10/647 805/10/736
f 806/418/737 445/9/413 2761/10/2319
f 726/343/660 384/10/353 799/10/730 707/10/642
f 386/10/355 713/10/648 799/10/730 755/10/689
f 808/423/739 578/424/528 809/425/740
f 568/200/518 808/423/739 809/425/740 101/7/98
f 578/209/528 808/426/739 1736/427/1585 1502/210/1372
f 808/426/739 568/200/518 981/116/905 1736/427/1585
f 809/428/740 578/11/528 2578/244/2178
f 2578/244/2178 564/25/514 101/9/98 809/428/740
f 2562/10/2165 2763/149/2321 1739/429/1588 1111/11/1015
f 2763/149/2321 2378/10/2018 1226/11/1124 1739/429/1588
f 17/9/17 20/11/20 810/430/741 619/431/563
f 615/25/560 619/431/563 810/430/741 217/95/196
f 495/56/449 2764/432/2322 811/433/742 1878/56/449
f 2764/432/2322 2485/134/2101 528/135/480 811/433/742
f 498/9/452 811/25/742 523/95/475 511/11/452
f 527/11/479 523/9/475 811/95/742 528/11/480
f 529/168/481 812/432/743 2220/56/1919 496/56/450
f 508/9/462 813/25/744 2481/95/2098 524/11/476
f 813/25/744 814/434/745 507/11/461 2767/9/2325
f 508/9/462 515/11/467 814/434/745 813/25/744
f 507/9/461 814/435/745 515/95/467 2467/11/2088
f 1393/9/1272 1746/436/1595 2766/437/2324 2454/25/2080
f 1746/436/1595 1412/11/1288 2765/95/2323 2766/437/2324
f 2771/438/2327 2482/11/2099 2481/95/2098
f 2773/9/2326 2774/25/2326 2769/95/2326 2768/11/2326
f 489/9/444 2772/11/2328 2767/95/2325 507/25/461
f 2779/439/2332 2775/440/2329 501/441/455 2776/442/455
f 818/95/749 2782/443/2334 2781/444/2333 2770/11/749
f 1412/11/1288 2786/445/2338 2784/446/2336 2765/95/2323
f 2781/9/2333 2782/11/2334 2783/95/2335 2790/25/2340
f 2481/95/2098 813/25/744 2767/9/2325 2771/438/2327
f 485/9/440 2777/447/2330 2772/95/2328 489/11/444
f 2778/448/2331 815/25/746 499/9/453 2783/9/2335
f 1756/445/1604 2789/449/1604 2787/450/2337 2785/446/2337
f 820/451/751 824/452/754 823/453/753
f 823/453/753 2775/95/2329 2779/454/2332 820/451/751
f 2792/9/1304 1428/11/1304 525/95/477 2483/25/477
f 2783/9/2335 825/25/755 2788/95/2339 2790/11/2340
f 499/9/453 825/95/755 2783/11/2335
f 1758/9/1606 2793/455/2342 1760/11/1608
f 822/95/752 829/456/758 816/25/747
f 816/25/747 829/456/758 817/11/748 504/9/458
f 822/9/752 2791/11/2341 828/95/757 829/25/758
f 1760/11/1608 2793/455/2342 826/11/756 827/95/756
f 1399/9/1277 2484/25/2100 2793/95/2342 1758/11/1606
f 526/9/478 817/11/748 829/95/758 828/25/757
f 502/25/456 2794/457/2343 485/9/440
f 2794/457/2343 2777/447/2330 485/9/440
f 2455/9/2081 830/95/759 2487/11/2103
f 500/9/454 815/11/746 2778/95/2331 2780/25/454
f 819/9/750 830/25/759 2455/95/2081 821/11/750
f 547/9/497 559/173/509 539/179/490 558/178/508
f 99/11/96 865/253/791 632/252/574
f 2062/10/43 46/10/43 2416/26/43
f 548/9/498 559/9/509 563/183/513 831/9/760
f 549/9/499 548/9/498 831/9/760 832/9/761
f 833/9/762 552/165/502 549/9/499 832/9/761
f 538/164/489 546/163/496 836/458/765 838/459/767
f 552/165/502 833/9/762 546/163/496 567/162/517
f 563/183/513 839/460/768 835/461/764 831/9/760
f 546/163/496 833/9/762 841/462/770 836/458/765
f 860/159/786 544/25/494 836/458/765 841/462/770
f 1768/463/1615 834/464/763 15/95/15 890/11/816
f 544/25/494 834/157/763 837/465/766 838/466/767
f 838/459/767 836/458/765 544/25/494
f 37/9/34 855/95/781 840/256/769 542/156/492
f 832/9/761 835/461/764 841/462/770 833/9/762
f 1773/155/1620 837/154/766 834/464/763 1768/463/1615
f 543/95/493 839/460/768 863/180/789 866/467/792
f 835/461/764 839/460/768 543/11/493
f 838/466/767 837/465/766 537/11/488 538/95/489
f 832/9/761 831/9/760 835/461/764
f 843/468/772 543/95/493 866/467/792 99/11/96
f 843/469/772 92/25/89 857/470/783 856/471/782
f 2431/10/2060 2063/10/1815 845/2/773 48/2/45
f 48/2/45 845/2/773 846/27/774 50/27/47
f 36/25/33 847/25/775 2262/24/775 40/9/37
f 2595/24/2189 848/24/776 2381/9/776 2598/9/2192
f 44/26/41 850/26/41 844/10/41
f 50/27/47 846/27/774 2346/28/1997 2498/28/2111
f 631/149/573 852/251/778 2370/25/2011 36/9/33
f 42/9/39 849/9/777 853/257/779 634/272/576
f 2608/278/2201 2607/274/2200 2390/26/2025 2417/26/2048
f 634/272/576 853/257/779 854/274/780 644/278/586
f 855/9/781 2628/28/2218 852/251/778 631/149/573
f 37/9/34 851/9/600 659/95/600 855/95/781
f 856/471/782 857/470/783 16/27/16 859/158/785
f 841/462/770 835/461/764 543/11/493 860/159/786
f 858/296/784 842/182/771 840/472/769
f 630/25/572 629/11/571 632/95/574
f 856/160/782 860/473/786 543/95/493 843/468/772
f 859/158/785 16/27/16 15/118/15
f 861/254/787 865/253/791 858/474/784 840/256/769
f 92/25/89 2629/219/2219 2535/218/2143 857/217/783
f 861/254/787 631/149/573 36/9/33 630/25/572
f 91/9/88 90/30/87 862/219/788 629/11/571
f 99/11/96 632/252/574 92/25/89 843/469/772
f 864/181/790 547/9/497 545/95/495
f 563/183/513 864/181/790 863/180/789 839/460/768
f 865/253/791 99/11/96 866/467/792 858/296/784
f 2874/1/2393 870/4/796 869/3/795 868/2/794
f 883/5/809 886/8/812 885/7/811 2272/6/1948
f 891/9/817 894/10/820 3334/8/2690 3196/5/2605
f 3275/11/2649 3182/14/2593 3016/13/2484 3156/12/2484
f 899/15/824 902/2/827 901/10/826 900/16/825
f 3172/17/2586 906/20/831 905/19/830 3290/18/2660
f 3196/21/2605 3197/23/2606 907/22/832 3015/13/2483
f 3177/24/2589 3297/25/2589 3327/25/2589 3233/24/2589
f 3178/9/2588 3176/24/2588 3234/24/2588 3337/9/2588
f 3043/10/2501 3367/26/2715 3346/26/2502 3044/10/2502
f 921/2/845 919/10/843 3045/10/2503 3163/2/2579
f 3395/27/2739 921/2/845 3163/2/2579 3323/27/2681
f 3309/28/2670 3395/27/2739 3323/27/2681 3306/28/2670
f 2843/28/2375 2844/28/2376 941/25/865 3160/25/2576
f 3295/24/2664 940/25/864 3180/25/2591 3361/24/2711
f 945/9/869 943/24/867 944/24/868 946/9/870
f 3276/9/2650 3286/9/2658 3089/26/2527 3088/26/2526
f 947/26/871 948/26/872 3105/10/2539 949/10/873
f 3104/10/2538 950/10/874 3246/2/2631 3224/2/2621
f 951/2/875 952/2/876 954/27/878 2958/27/2447
f 939/28/863 953/27/877 3322/27/2680 942/28/866
f 3086/28/2524 2843/28/2375 3160/25/2576 3161/25/2577
f 940/25/864 3295/24/2664 3296/24/2665 956/25/880
f 943/24/867 945/9/869 3277/9/2651 957/24/881
f 958/9/882 3276/9/2650 3088/26/2526 3264/26/2643
f 959/26/883 947/26/871 949/10/873 3300/10/2668
f 3299/10/2667 3104/10/2538 3224/2/2621 961/2/885
f 951/2/875 2958/27/2447 2959/27/2448 2822/2/2364
f 953/27/877 939/28/863 955/28/879 962/27/886
f 963/29/887 878/31/804 3250/15/2634 3249/30/2633
f 968/29/892 971/34/895 2800/33/2348 969/32/893
f 867/1/793 868/2/794 973/24/897 972/35/896
f 3269/29/2645 2931/32/2430 875/10/801 3403/31/2747
f 973/24/897 868/2/794 881/37/807 975/36/899
f 1809/38/1652 1985/39/1652 2937/32/2347 2799/33/2347
f 987/24/910 990/40/913 3355/25/2705 988/24/911
f 3320/24/2678 2839/24/2373 2841/9/2373 3231/41/2624
f 2811/42/2356 3398/10/2742 2814/10/2358 2817/2/2358
f 3050/27/2506 3053/27/2497 3035/28/2497 3032/28/2494
f 2954/43/2444 1006/24/927 3091/24/2529 2955/44/2445
f 1007/45/928 3389/9/2734 3377/9/2722 2917/46/2422
f 1009/9/930 1010/9/931 3102/26/2536 3100/26/2535
f 3101/26/2425 1012/26/933 2813/10/2357 2921/10/2425
f 2920/10/2424 1014/10/934 1016/2/936 3281/2/2654
f 3068/2/2462 3070/27/2462 2982/44/2462 3318/24/2462
f 3013/47/2481 3209/28/2495 3033/28/2495 3034/28/2496
f 3239/27/2509 3229/27/2509 3227/28/2509 3055/28/2509
f 3116/48/2548 3052/27/2507 3051/27/2384 2857/27/2384
f 3389/9/2734 1007/45/928 991/41/914 993/26/916
f 3102/26/2536 1010/9/931 3402/26/2746 995/10/918
f 2813/10/2357 1012/26/933 3398/10/2742 2811/42/2356
f 3260/46/2629 3262/10/2629 3243/2/2629 3241/24/2629
f 3220/24/2617 1007/45/928 2917/46/2422 3090/24/2528
f 3231/41/2624 1007/45/928 3220/24/2617 3320/24/2678
f 990/40/913 987/24/910 1006/24/927 2954/43/2444
f 3014/25/2482 1003/43/924 2957/44/2446 3212/25/2613
f 3123/27/2553 3198/28/2553 3265/25/2553 3125/44/2553
f 3304/10/2533 3098/46/2533 3096/9/2533 3301/26/2533
f 3003/24/2439 2948/44/2439 2955/44/2445 3091/24/2529
f 3284/2/2656 3004/24/2474 1005/24/926 3282/2/926
f 3330/27/2657 3285/2/2657 3283/2/2655 3248/27/2632
f 1044/44/958 3331/27/2687 1047/27/960 2956/44/960
f 1048/2/961 3057/10/961 2920/10/2424 3281/2/2654
f 3137/24/2563 3000/2/2472 1015/2/935 3092/24/935
f 1051/46/964 3138/24/964 3090/24/2528 2917/46/2422
f 3058/10/2511 3075/46/2517 2918/46/2423 2919/10/2423
f 2900/44/2409 3213/25/2409 3212/25/2613 2957/44/2446
f 2846/27/2378 1052/44/965 1004/44/925 3247/27/925
f 2926/28/2379 2847/27/2379 3248/27/2632 1056/28/968
f 3214/25/2614 2927/28/2427 2868/28/2390 1034/25/950
f 2802/26/2349 2895/9/2406 1009/9/930 3100/26/2535
f 2803/10/932 2801/26/932 1011/26/932 2922/10/932
f 2988/46/2466 1059/10/971 1013/10/929 1008/46/929
f 2896/9/2407 2987/46/2407 2917/46/2422 3377/9/2722
f 2949/44/2440 2947/44/957 1043/24/957 3319/24/2677
f 1062/24/973 3004/24/2474 3284/2/2656 1063/2/974
f 3357/27/2707 3270/2/2646 1045/2/959 1046/27/959
f 1061/44/972 1064/27/975 3331/27/2687 1044/44/958
f 2966/2/962 2969/10/962 1049/10/962 2999/2/962
f 3167/24/2582 2967/2/2452 3000/2/2472 3137/24/2563
f 3168/24/963 1050/24/963 3076/46/963 3078/46/963
f 3077/46/2518 3075/46/2517 3058/10/2511 2968/10/2453
f 2901/44/2410 3368/25/2716 1053/25/966 2899/44/966
f 1069/44/977 1052/44/965 2846/27/2378 2848/27/2380
f 1071/27/979 1054/27/967 1055/28/967 1072/28/980
f 1070/25/978 3392/28/2737 2927/28/2427 3214/25/2614
f 1073/26/981 2897/9/2408 2895/9/2406 2802/26/2349
f 3207/26/2612 1057/26/969 2804/10/969 3063/10/2514
f 3121/46/2552 1075/10/982 1059/10/971 2988/46/2466
f 3122/46/970 1060/46/970 1058/9/970 2898/9/970
f 2981/44/2461 2949/44/2440 3319/24/2677 3317/24/2461
f 1018/24/938 1062/24/973 1063/2/974 3069/2/938
f 3270/2/2646 3357/27/2707 3071/27/937 1017/2/937
f 1064/27/975 1061/44/972 1019/44/939 1020/27/939
f 1066/10/976 1065/2/976 3244/2/976 3263/10/976
f 2967/2/2452 3167/24/2582 3242/24/948 1031/2/948
f 1030/24/947 1067/24/947 1068/46/947 3261/46/947
f 1029/46/946 3077/46/2518 2968/10/2453 1032/10/946
f 3368/25/2716 2901/44/2410 3126/44/2554 3266/25/2554
f 1036/44/952 1069/44/977 2848/27/2380 3124/27/952
f 1035/27/951 1071/27/979 1072/28/980 3199/28/951
f 3392/28/2737 1070/25/978 1037/25/953 1038/28/953
f 2897/9/2408 1073/26/981 3302/26/2534 3097/9/2534
f 1040/26/955 3207/26/2612 3063/10/2514 3305/10/955
f 1075/10/982 3121/46/2552 3099/46/954 1039/10/954
f 1042/46/956 1076/46/956 1074/9/956 1041/9/956
f 3251/24/2635 3385/9/2730 2842/9/2374 2840/24/2374
f 2855/27/2382 2859/27/2385 3056/28/2510 3208/28/2382
f 1087/27/992 1086/27/991 2858/27/921 999/27/921
f 3365/28/2713 3325/27/2683 3050/27/2506 3032/28/2494
f 1085/28/990 1088/28/993 1000/28/922 1022/28/922
f 3240/27/2508 3054/28/2508 3056/28/2510 2859/27/2385
f 3230/27/941 1023/27/941 1086/27/991 1087/27/992
f 3228/28/943 1026/27/943 3325/27/2683 3365/28/2713
f 1024/28/942 1025/28/942 1088/28/993 1085/28/990
f 3378/40/2723 3013/47/2481 3034/28/2496 3354/25/2704
f 3378/40/2723 1003/43/924 3014/25/2482 3013/47/2481
f 3210/28/940 1021/47/940 1033/25/949 1089/49/994
f 2856/27/2383 3211/28/2383 2869/49/2391 1090/27/995
f 1089/49/994 1033/25/949 1034/25/950 2868/28/2390
f 1090/27/995 2869/49/2391 1056/28/968 3248/27/2632
f 3114/2/2547 1090/27/995 3248/27/2632 3283/2/2655
f 3114/2/2547 3115/48/945 1028/27/945 1090/27/995
f 1027/48/944 1016/2/936 1014/10/934 2812/42/944
f 3116/48/2548 997/42/920 2818/2/2360 3052/27/2507
f 3011/25/2479 3397/24/2741 3362/24/2712 1092/25/997
f 3022/10/2489 3021/10/2488 935/2/859 2888/2/2400
f 935/2/859 2916/27/2421 3259/27/2642 1097/2/1002
f 2915/27/2420 2914/28/2419 1091/28/996 1098/27/1003
f 3086/28/2524 3161/25/2577 3384/25/2729 1077/28/983
f 956/25/880 3296/24/2665 1079/24/985 1078/25/984
f 957/24/881 3277/9/2651 3385/9/2730 3251/24/2635
f 2822/2/2364 2959/27/2448 3391/27/2736 1083/2/988
f 962/27/886 955/28/879 3396/28/2740 1084/27/989
f 879/50/805 882/51/808 3387/10/2732 3372/26/2720
f 901/10/826 902/2/827 922/2/846 3388/10/2733
f 1100/10/1005 1103/9/1007 2123/9/1007 3359/10/2709
f 3150/11/2568 3152/11/2570 3273/14/2647 3183/14/2594
f 3343/10/1017 1116/10/1020 1117/11/1021 1113/11/1017
f 1119/14/1023 3273/14/2647 3152/11/2570 3329/11/2686
f 2808/52/2353 2809/55/2354 3164/54/2580 1126/53/1030
f 1129/56/1033 3370/56/2718 2290/57/1961 1130/57/1034
f 1133/39/1037 2091/39/1828 2911/32/2417 2938/32/2434
f 1137/39/1041 1140/39/1044 3038/32/2498 1138/32/1042
f 874/32/800 1142/32/1046 1141/39/1045 877/39/803
f 1135/32/1039 3324/29/2682 1143/29/1047 1134/32/1038
f 3345/32/2697 1139/32/1043 3084/29/1043 3379/29/2724
f 3269/29/2645 3119/29/2550 3120/32/2551 2931/32/2430
f 3245/29/2630 1149/59/1053 1148/58/1052 3221/29/2618
f 2835/29/2372 3201/30/2372 3133/60/2372 3083/29/2372
f 3249/30/2633 3203/30/2608 1147/29/1051 963/29/887
f 1142/32/1046 1156/32/1060 1155/39/1059 1141/39/1045
f 3119/29/2550 2834/29/2371 2837/32/2371 3120/32/2551
f 3203/30/2608 3200/30/1054 1150/29/1054 1147/29/1051
f 3371/29/2719 1161/62/1065 1160/61/1064 1144/29/1048
f 986/39/909 1133/39/1037 2938/32/2434 2936/32/2433
f 1134/32/1038 1143/29/1047 968/29/892 969/32/893
f 3171/17/2585 983/64/907 2363/24/907 3174/63/2585
f 3144/20/828 903/17/828 3175/63/2587 1164/30/1066
f 1148/58/1052 1165/65/1067 906/20/831 3094/30/2531
f 3087/30/2525 3103/67/2537 1168/66/1070 1167/30/1069
f 3005/30/2475 1173/69/1075 1172/68/1074 1171/30/1073
f 2902/70/2411 2903/73/2411 3386/72/2731 1175/71/1077
f 1158/57/1062 1131/57/1035 3369/56/2717 3488/56/2814
f 1178/74/1080 1181/77/1083 1180/76/1082 1179/75/1081
f 2845/71/2377 1183/79/1085 1182/78/1084 1174/70/1076
f 1180/76/1082 905/19/830 906/20/831 1165/65/1067
f 3028/30/2492 3289/30/2492 3316/30/2492 3030/30/2492
f 2805/30/2350 2806/30/2351 2832/30/2351 3064/30/2515
f 2823/80/2365 2824/80/2366 1184/81/1086 1203/81/1102
f 1205/82/1104 1185/82/1087 1178/74/1080 1206/74/1105
f 3042/66/1091 1208/83/1091 3288/30/1091 1189/30/1091
f 1174/70/1076 2887/85/2399 3216/84/2412 2904/73/2412
f 1149/59/1053 1160/61/1064 2833/30/2370 3315/30/2676
f 1165/65/1067 1148/58/1052 1192/30/1093 3279/83/2653
f 1202/80/1101 1197/86/1096 2886/85/1103 1204/80/1103
f 1173/69/1075 1212/86/1110 3130/80/2557 1210/81/1108
f 1213/74/1111 1169/67/1071 3366/68/2714 1214/82/1112
f 3280/83/2451 3041/66/2451 2965/75/2451 2964/75/2451
f 1165/65/1067 3279/83/2653 1179/75/1081 1180/76/1082
f 1160/61/1064 1149/59/1053 3245/29/2630 1144/29/1048
f 2174/39/1040 2912/32/2416 2910/32/2416 1136/39/1040
f 2913/32/2418 1159/29/1063 3324/29/2682 1135/32/1039
f 3103/67/2537 3087/30/2525 1171/30/1073 1172/68/1074
f 1173/69/1075 3005/30/2475 3006/30/2476 1212/86/1110
f 1181/77/1083 1178/74/1080 1185/82/1087 1186/87/1088
f 1187/88/1089 1188/91/1090 1209/90/1107 1219/89/1117
f 1190/30/1092 1191/30/1092 1195/30/1092 1196/30/1092
f 2862/30/2386 2805/30/2350 3064/30/2515 3065/30/2386
f 1203/81/1102 1184/81/1086 1185/82/1087 1205/82/1104
f 1206/74/1105 1178/74/1080 1179/75/1081 1215/75/1113
f 1161/62/1065 1194/30/1095 2833/30/2370 1160/61/1064
f 1148/58/1052 1149/59/1053 3315/30/2676 1192/30/1093
f 1173/69/1075 1210/81/1108 1214/82/1112 3366/68/2714
f 1169/67/1071 1213/74/1111 1220/75/1118 1168/66/1070
f 1166/30/1068 1167/30/1069 3029/30/2493 3031/30/1068
f 3238/30/2628 1166/30/1068 3031/30/1068 2807/30/2352
f 1170/30/1072 3238/30/2628 2807/30/2352 1193/30/1094
f 3007/30/2387 1170/30/1072 1193/30/1094 2863/30/2387
f 3132/86/2559 1218/30/1116 2864/30/1116 1197/86/1096
f 3131/80/2558 3132/86/2559 1197/86/1096 1202/80/1101
f 1210/81/1108 1211/80/1109 2823/80/2365 1203/81/1102
f 1214/82/1112 1210/81/1108 1203/81/1102 1205/82/1104
f 1213/74/1111 1214/82/1112 1205/82/1104 1206/74/1105
f 1220/75/1118 1213/74/1111 1206/74/1105 1215/75/1113
f 1168/66/1070 1220/75/1118 1215/75/1113 1207/66/1106
f 1167/30/1069 1168/66/1070 1207/66/1106 3029/30/2493
f 1148/58/1052 3094/30/2531 3093/34/2530 3221/29/2618
f 2800/33/2348 971/34/895 1164/30/1066 3175/63/2587
f 985/38/908 970/33/894 1162/63/894 1163/24/908
f 2913/32/2418 3345/32/2697 3379/29/2724 1159/29/1063
f 1216/39/1114 1137/39/1041 1138/32/1042 1217/32/1115
f 1221/92/1119 1183/79/1085 1223/9/1121 1222/93/1120
f 886/8/812 883/5/809 1225/9/1123 1224/10/1122
f 900/16/825 3060/94/2513 907/22/832 899/15/824
f 3196/21/2605 3015/13/2483 3181/14/2592 891/95/817
f 3154/96/2572 886/8/812 1224/10/1122 895/11/821
f 1226/11/1124 979/96/903 3335/8/2691 3336/10/2692
f 1835/9/1672 1100/10/1005 1224/10/1122 1225/9/1123
f 3275/11/2649 3150/11/2568 3183/14/2594 3182/14/2593
f 1224/10/1122 1100/10/1005 3151/11/2569 895/11/821
f 1227/95/1125 1662/95/1514 1232/14/1130 1231/14/1129
f 3380/10/2725 3143/10/2564 3382/10/2727 3255/10/2639
f 2870/97/2392 3141/98/2392 3139/10/2392 2872/10/2392
f 2825/99/2367 3363/100/2367 3272/95/2367 2827/95/2367
f 2851/10/2368 2853/10/2368 2830/10/2368 3024/10/2368
f 1259/10/1154 1262/10/1157 1261/10/1156 1260/10/1155
f 2905/10/2413 3358/10/2708 3205/10/2610 2908/10/2413
f 1266/95/1161 1267/95/1162 1270/14/1165 1269/14/1164
f 1269/14/1164 1270/14/1165 3106/11/2540 2953/11/2443
f 1275/10/1170 1268/10/1163 1265/10/1160 1276/10/1171
f 3206/10/2611 3191/10/2601 3169/10/2583 3326/10/2684
f 3312/10/2674 1280/10/1175 1277/10/1172 3311/10/2673
f 1281/10/1176 3081/10/2521 3147/9/2566 2998/9/2471
f 2993/14/2468 2996/95/2468 3145/95/2468 3118/14/2468
f 1263/10/1158 3079/10/2519 3081/10/2521 1281/10/1176
f 1232/14/1130 2889/14/2401 1288/11/1181 1234/11/1132
f 3380/10/2725 3255/10/2639 3258/10/2436 2944/10/2436
f 3222/9/2619 3184/97/2595 1303/101/1196 1302/9/1195
f 3048/99/2505 3222/95/2619 1302/95/1195 1306/102/1199
f 1307/14/1200 2929/14/2429 1309/14/1202 2962/14/2449
f 1313/10/1206 3321/10/2679 1316/10/1209 2992/10/2467
f 2906/10/2414 2909/10/2414 3026/10/2414 2924/10/2414
f 2929/14/2429 2994/14/2469 3267/14/2644 1309/14/1202
f 2997/9/2470 1306/103/1199 1302/9/1195 1303/101/1196
f 1263/10/1158 1281/10/1176 1316/10/1209 3321/10/2679
f 3253/10/2637 3303/10/2669 1314/10/1207 1311/10/1204
f 3027/10/2491 1259/10/1154 1260/10/1155 3348/10/2699
f 3146/95/2565 1266/95/1161 1269/14/1164 3117/14/2549
f 1325/14/1217 1270/14/1165 1267/95/1162 1323/95/1215
f 3117/14/2549 1269/14/1164 2953/11/2443 2950/11/2441
f 3106/11/2540 1270/14/1165 1325/14/1217 3107/11/2541
f 1276/10/1171 1265/10/1160 3082/10/2522 3080/10/2520
f 1268/10/1163 1275/10/1170 1328/10/1220 1324/10/1216
f 1262/10/1157 3206/10/2611 3326/10/2684 1261/10/1156
f 3170/10/2584 3169/10/2583 3191/10/2601 3192/10/2602
f 3311/10/2673 1277/10/1172 3205/10/2610 3358/10/2708
f 1280/10/1175 3312/10/2674 2946/10/2438 1330/10/1222
f 2889/14/2401 2890/14/2402 3193/11/2603 1288/11/1181
f 2970/11/2454 3193/11/2603 2890/14/2402 1336/14/1228
f 1336/14/1228 1345/14/1237 2971/11/2455 2970/11/2454
f 2925/11/2426 2923/10/1211 1318/10/1211 1322/10/1214
f 2877/10/1701 2974/98/2457 1352/104/1244 3218/10/1701
f 3268/14/2638 2925/11/2426 1322/10/1214 3254/10/2638
f 1321/10/1213 3252/10/2636 2963/14/2450 1320/14/1213
f 2881/10/2397 3232/10/2625 2990/10/2394 2876/10/2394
f 3062/10/1243 2882/10/1243 1351/10/1243 3219/10/1243
f 2831/10/2369 1356/10/1247 1312/10/1205 3356/10/2706
f 1355/10/1246 1357/10/1248 1313/10/1206 2992/10/2467
f 2852/10/2381 3025/10/2381 3232/10/2625 2881/10/2397
f 2854/10/1151 1255/10/1151 1354/10/1151 3061/10/1151
f 2829/10/1153 1258/10/1153 1356/10/1247 2831/10/2369
f 1256/10/1152 1257/10/1152 1357/10/1248 1355/10/1246
f 3073/9/2431 2940/9/2431 2932/97/2431 2934/98/2431
f 2883/100/2362 2820/99/2362 2849/14/2362 2860/14/2362
f 2880/10/1245 2978/98/1245 1353/98/1245 2875/10/1245
f 2983/10/2463 2879/10/2396 2878/10/2395 2991/10/2395
f 2986/97/2464 2984/10/2464 1315/10/1208 3184/97/2595
f 2976/98/2459 2985/97/2465 1304/97/1197 2975/98/2458
f 2891/95/2403 2893/100/2403 3039/100/2499 3225/95/2622
f 2796/95/2345 2892/95/2404 3226/95/2623 3223/95/2620
f 2797/99/2344 2795/95/2344 3222/95/2619 3048/99/2505
f 2894/100/2405 2798/99/2346 3049/99/2500 3040/100/2500
f 1376/9/1194 2960/97/1194 3185/97/1194 1301/9/1194
f 3313/9/2675 3226/9/2623 3223/9/2620 2941/9/2435
f 2977/98/1257 3314/9/1257 1371/9/1257 2973/98/1257
f 1377/97/1258 1304/97/1197 2975/98/2458 2980/98/2460
f 3162/14/2578 2821/99/2363 3048/99/2505 2928/14/2428
f 3148/14/2567 1379/14/1259 1307/14/1200 2962/14/2449
f 3002/100/2473 3149/14/2473 1308/14/1201 3039/100/2499
f 1380/99/1260 1382/100/1261 1372/100/1198 1305/99/1198
f 3140/10/1255 3142/98/1255 2979/98/1255 1366/10/1255
f 2873/10/1141 1243/10/1141 2879/10/2396 2983/10/2463
f 2871/97/1140 1242/10/1140 1368/10/1140 1369/97/1140
f 1244/98/1139 1241/97/1139 2985/97/2465 2976/98/2459
f 3271/95/1256 3364/100/1256 1373/100/1256 1370/95/1256
f 2828/95/1144 1247/95/1144 2892/95/2404 2796/95/2345
f 2826/99/1143 1246/95/1143 1374/95/1143 1375/99/1143
f 1248/100/1142 1245/99/1142 2798/99/2346 2894/100/2405
f 2939/9/2432 2933/97/2432 2961/97/2432 2942/9/2432
f 3074/9/1250 3313/9/2675 2941/9/2435 1359/9/1250
f 2935/98/1249 1367/98/1249 1378/9/1249 1358/9/1249
f 1360/97/1251 1377/97/1258 2980/98/2460 1361/98/1251
f 2850/14/2361 2819/99/2361 2821/99/2363 3162/14/2578
f 2861/14/1254 1364/14/1254 1379/14/1259 3148/14/2567
f 2884/100/1253 1363/14/1253 1381/14/1253 3001/100/1253
f 1365/99/1252 1362/100/1252 1382/100/1261 1380/99/1260
f 1303/101/1196 3184/97/2595 1315/10/1208 1316/10/1209
f 2998/9/2471 1303/101/1196 1316/10/1209 1281/10/1176
f 3072/102/1145 1282/95/1145 1249/14/1145 2930/14/1145
f 2928/14/2428 3048/99/2505 1306/102/1199 1310/14/1203
f 1352/104/1244 2974/98/2457 3225/95/2622 1383/105/1262
f 1383/105/1262 3225/95/2622 3039/100/2499 1308/14/1201
f 1384/106/1263 1383/105/1262 1308/14/1201 2963/14/2450
f 1385/107/1264 1384/106/1263 2963/14/2450 3252/10/2636
f 1384/106/1263 1385/107/1264 1352/104/1244 1383/105/1262
f 1323/9/1215 1294/9/1187 1295/14/1188 1325/14/1217
f 1325/14/1217 1295/14/1188 3153/11/2571 3107/11/2541
f 1328/10/1220 3010/10/2478 3400/10/2744 1324/10/1216
f 3192/10/2602 3257/10/2641 3332/10/2688 3170/10/2584
f 2946/10/2438 2943/10/1192 1299/10/1192 1330/10/1222
f 1186/87/1088 3294/109/2663 3188/108/2598 1181/77/1083
f 1221/92/1119 1389/111/1268 1388/110/1267 1219/89/1117
f 1219/89/1117 1388/110/1267 3390/112/2735 1187/88/1089
f 1180/76/1082 3190/114/2600 1397/113/1276 905/19/830
f 1396/56/1275 1394/112/1273 1388/110/1267 1395/56/1274
f 3381/56/2726 3189/108/2599 1387/109/1266 1390/56/1269
f 3017/56/2485 1397/113/1276 3190/114/2600 3019/56/2486
f 3290/18/2660 905/19/830 1397/113/1276 3017/56/2485
f 3195/56/2604 1406/56/1282 1408/57/1284 2387/57/2023
f 1181/77/1083 3188/108/2598 3190/114/2600 1180/76/1082
f 1187/88/1089 3390/112/2735 3294/109/2663 1186/87/1088
f 1394/112/1273 1396/56/1275 1390/56/1269 1387/109/1266
f 1386/108/1265 1391/56/1270 3020/56/2487 1398/114/1265
f 1389/111/1268 1221/92/1119 1222/93/1120 1409/115/1285
f 3012/25/2480 941/25/865 2844/28/2376 1091/28/996
f 3362/24/2712 3361/24/2711 3180/25/2591 1092/25/997
f 1094/9/999 946/9/870 944/24/868 1093/24/998
f 3135/26/2561 3089/26/2527 3286/9/2658 3287/9/2659
f 3023/10/2490 3105/10/2539 948/26/872 3136/26/2562
f 2888/2/2400 3246/2/2631 950/10/874 3022/10/2489
f 3259/27/2642 954/27/878 952/2/876 1097/2/1002
f 1091/28/996 942/28/866 3322/27/2680 1098/27/1003
f 2971/11/2455 1345/14/1237 1119/14/1023 3329/11/2686
f 3111/10/2542 3217/10/2616 1121/10/1025 3108/10/2542
f 867/1/793 972/35/896 884/6/810 2989/7/810
f 976/116/900 885/7/811 886/8/812 3155/96/2573
f 907/22/832 3060/94/2513 896/12/822 897/13/822
f 975/36/899 881/37/807 880/118/806 974/117/898
f 869/3/795 870/4/796 3059/120/2512 3274/119/2648
f 1879/57/1283 2865/56/2388 3194/56/2388 1407/57/1283
f 1409/115/1285 1222/93/1120 1125/52/1029 3095/114/2532
f 1222/93/1120 1223/9/1121 2810/55/2355 1125/52/1029
f 1182/78/1084 1183/79/1085 1221/92/1119 1219/89/1117
f 1209/90/1107 1182/78/1084 1219/89/1117
f 1209/90/1107 1188/91/1090 1184/81/1086 2824/80/2366
f 2810/55/2355 1223/9/1121 1183/79/1085 2845/71/2377
f 1408/57/1284 1406/56/1282 1129/56/1033 1130/57/1034
f 1406/56/1282 1126/53/1030 1129/56/1033
f 3386/72/2731 3165/52/1032 1128/55/1032 1175/71/1077
f 1146/29/1050 3037/32/1050 2838/32/1050 2836/29/1050
f 3038/32/2498 1140/39/1044 1155/39/1059 1156/32/1060
f 2808/52/2353 1126/53/1030 1404/114/1280
f 2887/85/2399 1174/70/1076 2824/80/2366
f 2885/86/2398 3215/84/2615 1198/85/1097
f 1185/82/1087 1184/81/1086 1188/91/1090
f 2453/9/2079 3408/25/2750 3410/95/2752 1393/11/1272
f 1395/9/1274 3420/11/2759 1421/95/1297 1396/25/1275
f 1209/90/1107 2824/80/2366 1174/70/1076 1182/78/1084
f 870/9/796 885/25/811 976/95/900 3059/11/2512
f 2874/9/2393 885/95/811 870/11/796
f 3412/9/2754 2458/11/2084 2459/95/2084 3414/25/2756
f 2866/9/2389 1411/11/1287 2464/122/1287 3415/121/2389
f 3416/121/2755 1430/122/1299 1423/95/1299 3413/25/2755
f 1422/9/1298 1435/11/1298 1432/95/1305 1426/25/1302
f 3412/56/2754 3414/125/2756 3425/124/2763 3424/123/2762
f 1426/56/1302 1432/125/1305 1440/127/1312 1439/126/1311
f 3424/123/2762 3425/124/2763 3428/129/2764 3426/128/2764
f 1441/128/1313 3427/129/2765 3420/56/2759
f 1439/126/1311 1440/127/1312 1443/131/1315 1442/130/1314
f 1442/130/1314 1443/131/1315 3421/56/2757 3418/132/2757
f 1417/9/1293 1438/25/1310 1444/95/1316 3417/11/1293
f 3431/24/2766 3429/133/2766 2476/95/2095 2479/25/2095
f 3436/134/2771 1449/135/1321 1409/115/1285 3095/114/2532
f 1438/9/1310 1441/25/1313 1448/95/1320 1444/11/1316
f 1456/9/1327 1448/25/1320 1441/95/1313 3420/11/2759
f 1456/9/1327 1409/11/1285 1449/95/1321 1448/25/1320
f 1433/11/1306 1434/95/1307 1451/137/1323 1452/136/1324
f 1452/136/1324 1451/137/1323 1424/25/1300 3430/24/2767
f 3423/138/2761 3419/140/2758 3437/139/2772
f 3422/9/2760 3423/138/2761 3437/142/2772 1453/141/1325
f 1453/141/1325 1454/142/1326 1437/143/1309 1433/25/1306
f 1433/11/1306 1452/145/1324 1453/144/1325
f 3422/9/2760 1453/25/1325 1452/95/1324 3430/11/2767
f 1186/87/1088 1185/82/1087 1188/91/1090 1187/88/1089
f 3411/9/2753 3407/25/2749 3405/95/2749 3438/11/2773
f 1392/9/1271 1403/25/1271 3440/95/2751 3409/11/2751
f 3406/9/1296 1420/11/1296 3441/95/1296
f 1395/9/1274 1456/95/1327 3420/11/2759
f 1389/9/1268 1409/11/1285 1456/95/1327
f 1388/9/1267 1389/11/1268 1456/95/1327 1395/25/1274
f 1427/140/1303 1431/146/1303 1437/143/1309 1454/139/1326
f 2493/147/2107 2282/64/1953 1457/148/1328
f 1401/11/1279 3439/132/2774 3443/149/2776 3018/9/1279
f 3439/132/2774 2491/57/2105 2495/11/2105 3443/149/2776
f 982/147/906 3442/150/2775 1458/132/1329 1402/57/906
f 3291/18/1278 1400/56/1278 1458/132/1329 3442/150/2775
f 2282/64/1953 3173/17/829 904/18/829 1457/148/1328
f 3381/25/2726 1390/9/1269 1416/11/1292 3404/151/2748
f 1391/56/1270 1419/153/1295 1455/152/1295 3020/56/2487
f 2885/86/2398 1201/30/1100 3066/30/1100 3215/84/2615
f 872/9/798 1773/155/1620 1772/154/1619 1459/25/1330
f 3447/156/2780 3446/28/2779 924/27/848
f 887/118/813 1795/158/1639 1466/25/1336 1769/157/1616
f 1466/25/1336 1795/161/1639 1792/160/1636 1796/159/1640
f 978/9/902 3449/25/2782 3448/95/2781 3447/11/2780
f 1491/162/1361 1460/164/1331 1468/163/1338
f 3445/7/2778 1476/166/1346 1491/162/1361 1474/165/1344
f 1474/165/1344 1471/9/1341 3457/167/2788 3445/7/2778
f 1126/53/1030 1406/56/1282 1450/168/1322 1404/114/1280
f 3451/169/2784 3453/170/2786 3452/1/2785 1099/35/1004
f 1470/9/1340 1473/170/1343 3457/167/2788 1471/9/1341
f 1475/171/1345 1476/166/1346 3445/95/2778 3444/172/2777
f 1470/9/1340 1481/173/1351 1461/1/1332 1473/170/1343
f 1477/174/1347 924/27/848 922/2/846
f 899/15/824 907/22/832 1478/175/1348
f 1099/176/1004 3452/179/2785 3454/178/2787 1479/177/1349
f 1479/177/1349 3454/178/2787 3449/2/2782 978/15/902
f 1799/180/1643 1778/182/1625 1467/95/1337 1800/181/1644
f 1481/9/1351 1486/183/1356 1800/181/1644 1469/9/1339
f 1478/184/1348 3450/176/2783 1479/186/1349 1482/185/1352
f 1482/185/1352 1479/186/1349 978/179/902 1477/187/1347
f 3447/156/2780 924/27/848 1477/174/1347 978/188/902
f 902/2/827 899/15/824 1478/184/1348 1482/189/1352
f 922/2/846 902/2/827 1482/189/1352 1477/174/1347
f 1475/190/1345 3444/1/2777 1483/191/1353 873/95/799
f 871/6/797 1463/7/797 3458/167/797 3455/192/797
f 3456/192/1355 1485/167/1355 3453/170/2786 3451/169/2784
f 1476/166/1346 1490/193/1360 1491/162/1361
f 1484/194/1354 1472/196/1342 1487/195/1357 980/7/904
f 3450/35/2783 3197/6/2606 1487/195/1357 1472/196/1342
f 907/22/832 3197/23/2606 3450/176/2783 1478/175/1348
f 1459/9/1330 1460/164/1331 1490/193/1360 1489/197/1359
f 1489/197/1359 1490/193/1360 1476/166/1346 1475/171/1345
f 1462/2/1333 1480/178/1350 1469/9/1339 1467/95/1337
f 1460/164/1331 1491/162/1361 1490/193/1360
f 872/11/798 1459/172/1330 1489/199/1359 1488/198/1358
f 1488/198/1358 1489/199/1359 1475/190/1345 873/95/799
f 3444/1/2777 1492/200/1362 981/116/905 1483/191/1353
f 1484/194/1354 980/7/904 1492/200/1362 3444/1/2777
f 3459/10/2789 1314/10/1207 3356/10/2706
f 1311/10/1204 1314/10/1207 3459/10/2789
f 3459/10/2789 3356/10/2706 1312/10/1205
f 1493/201/1363 1352/104/1244 1385/107/1264
f 3218/10/1701 1352/104/1244 1493/201/1363
f 1493/201/1363 1385/107/1264 3252/10/2636
f 3464/202/2794 1499/203/1369 928/28/852 927/25/851
f 935/2/859 3021/10/2488 3465/205/2795 1497/204/1367
f 2916/27/2421 935/2/859 1497/204/1367 3466/206/2796
f 3466/206/2796 1497/204/1367 936/2/860 3467/27/2797
f 925/28/849 937/27/861 1500/208/1370 1499/207/1369
f 1499/207/1369 1500/208/1370 938/27/862 928/28/852
f 3335/8/2691 979/96/903 1502/210/1372 1503/209/1373
f 1487/211/1357 3197/6/2606 1504/212/1374
f 3468/212/818 908/6/818 892/5/818
f 1145/9/1049 1510/25/1379 1161/95/1065 3371/11/2719
f 1177/9/1079 1199/11/1098 3067/95/2516
f 1161/9/1065 1510/213/1379 1200/95/1099 1194/11/1095
f 3472/214/2801 890/215/816 2264/95/1943
f 890/215/816 3472/214/2801 888/27/814 887/118/813
f 3480/9/2809 3471/11/2800 3470/95/2799 1515/25/1383
f 3478/216/2807 1126/53/1030 3164/54/2580
f 1126/53/1030 3478/216/2807 1132/56/1036 1129/56/1033
f 3369/9/2717 1516/25/1384 3477/95/2806 3476/11/2805
f 1507/9/1377 1514/11/1382 1515/95/1383 3470/25/2799
f 3469/9/2798 3474/11/2803 3475/95/2804 1506/25/1376
f 888/9/814 3472/25/2801 3474/95/2803 3469/11/2798
f 3479/9/2808 1200/11/1099 1510/95/1379 1517/25/1385
f 3480/9/2809 3479/25/2808 1517/95/1385 3471/11/2800
f 1145/9/1049 1517/95/1385 1510/11/1379
f 1145/9/1049 3085/11/2523 1509/95/1378 1517/25/1385
f 1516/95/1384 3166/9/2581 3481/95/2581 3477/11/2806
f 1127/9/1031 1176/11/1078 1518/95/1386 1519/25/1031
f 1177/11/1079 3067/11/2516 1518/95/1386 1176/9/1078
f 888/9/814 1505/25/1375 3482/95/2810 1793/217/1637
f 964/30/888 1798/219/1642 3483/218/1057 1153/95/1057
f 3469/9/2798 1506/11/1376 3204/95/2609 967/25/891
f 3134/9/2560 3202/11/2607 1507/95/1377 3470/25/2799
f 3085/9/2523 1151/9/1055 1508/11/1055 1509/95/1378
f 1512/95/1380 3473/11/2802 3487/27/2813
f 1513/95/1381 1512/95/1380 3487/221/2813 3485/220/2812
f 3484/220/2811 3486/221/2811 2265/9/1944 2358/9/1944
f 1511/11/815 889/9/815 984/25/815 1521/27/815
f 3488/95/2814 1520/222/1058 1154/9/1058 1158/11/1062
f 1506/9/1376 3475/11/2804 3489/224/2815 1522/223/1387
f 1522/223/1387 3489/224/2815 1514/95/1382 1507/25/1377
f 1507/25/1377 3202/9/2607 1522/225/1387
f 3488/11/2814 3369/9/2717 3476/25/2805 3490/226/2816
f 3485/222/2812 1157/11/1061 1523/226/1061 1513/25/1381
f 3491/16/2817 2972/11/2456 1120/11/1024
f 3359/10/2709 3360/10/2710 1526/10/1390
f 1526/227/1390 3494/228/2820 3493/16/2819 3359/10/2709
f 3151/11/2569 1100/10/1005 3495/229/2821
f 1528/230/1392 1110/11/1014 1109/11/1013
f 3359/10/2709 3493/228/2819 3495/229/2821 1100/10/1005
f 1527/228/1391 1110/11/1014 1528/230/1392 1525/16/1389
f 927/25/851 928/28/852 3502/28/2826 3508/231/2831
f 930/24/854 3463/25/2793 1536/25/1399 3506/24/1399
f 3503/232/2827 3505/24/2829 913/24/837 3179/9/2590
f 3460/26/2790 3542/9/2857 3544/233/2859 1535/26/1398
f 3498/234/2823 3507/26/2830 3367/26/2715 3043/10/2501
f 936/2/860 3500/10/2825 3499/235/2824 1533/2/1396
f 1533/2/1396 3499/235/2824 919/10/843 921/2/845
f 3467/27/2797 936/2/860 1533/2/1396 3496/236/2822
f 3496/236/2822 1533/2/1396 921/2/845 3395/27/2739
f 928/28/852 938/27/862 3497/208/1394 1531/28/1394
f 3501/28/847 1529/208/847 923/27/847 3310/28/847
f 1152/9/1056 3204/11/2609 1506/95/1376 1522/225/1387
f 2570/9/1775 3515/25/2836 3342/95/2695 2003/11/1775
f 3340/9/2694 3342/11/2695 3515/95/2836
f 3510/237/2833 1104/9/1008 1541/95/1404 3511/95/2834
f 1538/237/1401 1537/95/1400 3516/238/2837
f 3512/95/1405 3513/239/1405 3341/11/1405 1542/238/1405
f 3509/9/2832 1538/11/1401 1539/95/1402 1111/25/1015
f 1112/9/1016 1539/11/1402 1538/95/1401 3516/25/2837
f 3518/240/2839 3519/241/2840 3514/95/2835 3511/95/2834
f 891/9/817 3181/11/2592 3517/243/2838 1545/242/1407
f 1545/242/1407 3518/243/2839 3511/11/2834 1541/95/1404
f 1101/9/1006 1102/25/1006 1546/95/1408 1115/11/1019
f 1116/9/1020 1124/95/1028 3109/11/2543
f 1116/9/1020 3109/11/2543 2577/95/2177 1117/25/1021
f 1547/244/1409 1487/25/1357 1504/95/1374
f 3521/245/2842 893/11/819 1503/95/1373
f 3334/11/2690 1547/245/1409 1504/25/1374 3196/9/2605
f 3523/246/2844 3023/10/2490 3136/26/2562
f 3523/9/2844 3522/11/2843 3524/95/2845 3526/25/2845
f 3136/9/2562 3522/95/2843 3523/11/2844
f 3531/247/2846 3529/248/2846 3527/95/2846 3525/25/2846
f 1095/9/1000 3533/95/2849 1549/11/1410
f 3508/231/2831 3502/28/2826 912/28/836 1555/249/1415
f 3298/9/2666 1534/11/1397 3508/95/2831 1555/25/1415
f 909/9/833 913/11/837 3505/95/2829
f 1559/250/1419 966/25/890 3571/219/2882 1556/11/1416
f 3328/25/2685 3298/25/2666 1788/251/1632
f 1559/252/1419 1557/25/1417 1797/254/1641 1801/253/1645
f 3298/25/2666 1555/255/1415 3570/28/2881 1788/251/1632
f 1776/256/1623 1797/254/1641 1558/149/1418 1791/9/1635
f 965/9/889 1557/25/1417 1556/11/1416
f 3534/257/2693 3535/258/2850 915/9/839 3338/9/2693
f 3535/259/2850 3504/233/2828 915/9/839
f 880/118/806 881/37/807 1565/261/1425 1564/260/1424
f 1564/260/1424 1565/261/1425 882/51/808 879/50/805
f 1566/262/1426 875/27/801 3536/263/2851
f 1564/264/1424 1566/265/1426 3537/263/2852 880/118/806
f 3250/15/2634 878/31/804 3540/267/2855 3539/266/2854
f 3539/266/2854 3540/267/2855 3541/9/2856 3538/24/2853
f 1567/268/1427 1557/95/1417 965/11/889
f 3403/269/2747 1562/271/1422 1568/270/1428
f 1557/95/1417 1567/268/1427 914/9/838 910/25/834
f 1561/272/1421 916/9/840 1568/270/1428 1562/271/1422
f 875/27/801 1566/262/1426 1562/273/1422 3403/269/2747
f 2209/9/1423 974/11/898 880/95/806 1563/25/1423
f 874/9/800 877/11/803 1569/95/1429 875/25/801
f 875/9/801 1569/25/1429 876/95/802 3536/11/2851
f 3347/26/2698 917/26/841 3545/275/2860 3549/274/2863
f 1790/274/1634 3546/275/1420 1560/258/1420 1789/257/1633
f 1573/276/1433 1566/265/1426 1564/264/1424
f 1562/273/1422 1566/265/1426 1573/276/1433
f 1573/276/1433 1564/264/1424 879/50/805
f 879/50/805 3374/26/2721 3550/278/2864 1573/277/1433
f 1573/277/1433 1572/278/1432 1561/272/1421 1562/271/1422
f 1570/95/1430 1532/9/1395 3547/279/2861
f 917/9/841 3548/95/2862 3545/11/2860
f 917/9/841 1535/11/1398 3544/95/2859 3548/25/2862
f 3504/9/2828 3535/9/2850 1571/11/1431 1574/279/1431
f 3402/9/2746 3393/25/2359 2815/95/2359 995/11/918
f 991/9/914 992/11/915 3394/95/2738 993/25/916
f 1096/10/1001 1548/11/1001 1551/95/1412 933/10/857
f 1498/280/1368 933/9/857 1551/11/1412 3528/281/2847
f 3158/26/2574 3557/284/2870 3559/283/2870 1576/282/1435
f 3394/26/2738 992/9/915 1580/283/1439 3556/284/2869
f 992/9/915 1080/9/986 1576/282/1435 1580/283/1439
f 2816/10/917 994/26/917 3558/285/917 3555/234/917
f 1577/234/1436 1579/285/1438 3157/26/1438 3159/10/2575
f 3159/10/2575 3560/288/2871 3561/287/2872 1577/286/1436
f 1083/2/988 2818/2/2360 1581/287/1440 1578/288/1437
f 998/2/919 996/10/919 1577/286/1436 3561/287/2872
f 3264/26/2643 1576/289/1435 1080/9/986 958/9/882
f 3299/10/2667 961/2/885 1083/2/988 1578/290/1437
f 1082/10/987 1081/26/987 3562/26/2873 3563/10/2874
f 3563/10/2874 3562/26/2873 959/26/883 3300/10/2668
f 3158/26/2574 1576/289/1435 1582/26/1441
f 1582/26/1441 1576/289/1435 3264/26/2643
f 960/10/884 3560/290/2871 1583/291/1442
f 1583/291/1442 3560/290/2871 3159/10/2575
f 3564/292/2875 1091/28/996 2914/28/2419
f 3464/202/2794 3565/292/2876 925/28/849 1499/203/1369
f 1091/28/996 3564/292/2875 926/25/850 3012/25/2480
f 1495/293/1365 3463/25/2793 3568/117/2879
f 3011/9/2479 1496/95/1366 3397/11/2741
f 926/9/850 3564/11/2875 1585/95/1444 3567/25/2878
f 1495/9/1365 3568/95/2879 1584/11/1443
f 3567/294/2878 1585/117/1444 1586/294/1445
f 3568/117/2879 3463/25/2793 930/24/854 3569/294/2880
f 3551/9/2865 3566/294/2877 3569/295/2880 3554/9/2868
f 912/28/836 3307/9/2671 3570/95/2881 1555/255/1415
f 1464/156/1334 1467/95/1337 1778/182/1625 1776/256/1623
f 1778/182/1625 1799/180/1643 1802/297/1646 1794/296/1638
f 881/95/807 868/9/794 3572/298/2883
f 3572/298/2883 868/9/794 869/11/795
f 881/9/807 3572/11/2883 3573/95/2884 1565/25/1425
f 882/9/808 1565/11/1425 1589/95/1448 3387/25/2732
f 869/9/795 3274/25/2648 1589/95/1448 1588/11/1447
f 3274/9/2648 3387/11/2732 1589/95/1448
f 1549/9/1410 3533/25/2849 3532/95/2848 1550/11/1411
f 1077/28/983 3384/25/2729 3578/300/2885 3575/299/2885
f 3574/299/912 3577/300/912 989/25/912 3036/28/912
f 1591/301/1449 988/24/911 3355/25/2705
f 3052/27/2507 2818/2/2360 3579/27/2887
f 1084/27/989 3396/28/2740 3576/303/2886 3580/302/2886
f 1592/302/923 1590/303/923 1001/28/923 1002/27/923
f 2818/2/2360 1083/2/988 3391/27/2736 3579/27/2887
f 929/9/853 3581/25/2888 1094/95/999 1093/11/998
f 929/9/853 3566/11/2877 3551/95/2865 3581/25/2888
f 1595/304/1452 3135/11/2561 3287/9/2659
f 1554/95/1414 3135/11/2561 1595/304/1452
f 1595/304/1452 3287/9/2659 1593/25/1450
f 1595/305/1452 3582/11/2889 1554/9/1414
f 3582/11/2889 1595/305/1452 1593/25/1450 3552/95/2866
f 988/24/911 1591/301/1449 1078/25/984 1079/24/985
f 1594/306/1451 3553/25/2867 3583/307/2890
f 3532/9/2848 3533/11/2849 1594/309/1451 3583/308/2890
f 1597/24/1454 3584/307/2891 1501/25/1371
f 3462/310/2792 3585/312/2892 3586/311/2893
f 1501/313/1371 1575/314/1434 1598/311/1455 1597/312/1454
f 3542/9/2857 3460/26/2790 3462/310/2792 3586/311/2893
f 3530/11/1453 1596/307/1453 3585/24/2892 3462/9/2792
f 3587/315/2894 1497/204/1367 3465/205/2795
f 1497/204/1367 3587/315/2894 3500/10/2825 936/2/860
f 1498/11/1368 3528/248/2847 1600/234/1457
f 1600/316/1457 1599/317/1456 1498/280/1368
f 1552/248/1413 1553/247/1413 1494/9/1364 3588/234/2895
f 3590/318/2896 1530/234/1393 934/10/858
f 3461/9/2791 3589/25/2791 3588/95/2895 1494/11/1364
f 3498/234/2823 1601/318/856 932/26/856 3507/26/2830
f 934/9/858 1599/11/1456 1600/95/1457 3590/25/2896
f 930/9/854 3591/25/2897 3554/95/2868 3569/11/2880
f 930/9/854 3505/11/2829 3503/95/2827 3591/25/2897
f 1570/95/1430 3543/9/2858 3592/95/2858 1532/11/1395
f 1598/311/1455 1575/11/1434 1602/95/855 931/9/855
f 1229/10/1127 3596/10/2901 3594/320/2899 3593/319/2898
f 1229/10/1127 3599/10/2904 3597/234/2902 3596/234/2901
f 3350/10/2701 3351/9/2702 3600/321/2702 3606/234/2907
f 1611/234/1460 3601/321/2900 3595/320/2900 1605/10/1460
f 3602/322/2905 1606/319/1461 1609/320/1464
f 3598/234/2903 1604/10/1459 3603/227/2906
f 3604/234/1465 1611/10/1460 1605/234/1460 1610/234/1465
f 1229/10/1127 3593/324/2898 3609/323/2910 1614/149/1467
f 1614/149/1467 3609/323/2910 1607/325/1462 1603/149/1458
f 1607/325/1462 3609/328/2910 3612/327/2913 1616/326/1469
f 1662/9/1514 1227/9/1125 3611/326/2912 1619/327/1472
f 3599/10/2904 1229/10/1127 1614/10/1467 3610/10/2911
f 3610/10/2911 1614/10/1467 1603/10/1458 1608/10/1463
f 1608/10/1463 1618/149/1471 1620/10/1473 1617/234/1470
f 1237/10/1135 1604/10/1459 1617/234/1470 1620/10/1473
f 3616/10/2917 3615/10/2916 1623/10/1476 3619/10/2918
f 1295/14/1188 1294/95/1187 1627/95/1480 1626/298/1479
f 1626/298/1479 1627/95/1480 1227/95/1125 1231/14/1129
f 1603/9/1458 1630/95/1483 1608/11/1463
f 1603/9/1458 1607/11/1462 1629/95/1482 1630/25/1483
f 3399/9/2743 3622/25/2919 3623/329/2920 1632/149/1485
f 1632/149/1485 3623/329/2920 1630/95/1483 1629/11/1482
f 3399/9/2743 3401/11/2745 3622/95/2919
f 1604/10/1459 1237/10/1135 3614/10/2915 3603/227/2906
f 1621/10/1474 3617/10/1474 3621/10/1474 3605/227/1474
f 3624/10/2921 3625/234/2922 1642/331/1495 1637/330/1490
f 1288/11/1181 1337/11/1229 1637/330/1490 1642/331/1495
f 3632/10/2929 3624/10/2921 1637/330/1490 1638/332/1491
f 1638/332/1491 1637/330/1490 1337/11/1229 1338/11/1230
f 3627/10/2924 3628/10/2925 3629/10/2926 3626/234/2923
f 1342/10/1234 3127/10/1496 1643/10/1496 1639/10/1492
f 1636/10/1489 3628/227/2925 3627/10/2924 3631/10/2928
f 3634/9/2931 1628/25/1481 1647/95/1500 3635/11/2932
f 1271/11/1166 1272/11/1167 3643/334/2937 3644/333/2938
f 1650/333/1502 1649/334/1501 1274/10/1169 1273/10/1168
f 2951/11/2442 1271/11/1166 3644/336/2938 3638/335/2442
f 3639/335/2934 1650/336/1502 1273/10/1168 1254/10/1150
f 1327/10/1219 1274/10/1169 1649/338/1501 1651/337/1503
f 1651/337/1503 3643/338/2937 1272/11/1167 1326/11/1218
f 1326/11/1218 1296/11/1189 1652/228/1504 1651/339/1503
f 1327/10/1219 1651/339/1503 1652/228/1504 2945/10/2437
f 1644/11/1497 1626/9/1479 3645/340/2939
f 3633/9/2930 1653/341/1505 1645/11/1498 3636/95/2933
f 1234/11/1132 1288/11/1181 3646/343/2940 3647/342/2941
f 1656/342/1508 1654/343/1506 1289/10/1182 1236/10/1134
f 1233/9/1131 3648/25/2942 1645/95/1498 1653/11/1505
f 1296/9/1189 3633/11/2930 3636/95/2933 1652/25/1504
f 2945/9/2437 1652/25/1504 1646/95/1499 3637/11/1499
f 1231/9/1129 1233/11/1131 3645/95/2939 1626/25/1479
f 3625/234/2922 3646/343/2940 1288/11/1181 1642/331/1495
f 1235/9/1133 1297/25/1190 1647/95/1500 1628/11/1481
f 1628/9/1481 3634/11/2931 1655/95/1507 1235/25/1133
f 1613/234/1466 3620/10/1466 3350/10/2701 3606/10/2907
f 1233/11/1131 1231/14/1129 1657/344/1509
f 3648/345/2942 1233/11/1131 1657/347/1509 3649/346/2943
f 3649/346/2943 1657/347/1509 1234/11/1132 3647/348/2941
f 1658/346/1510 1235/10/1133 1655/345/1507
f 1231/14/1129 1232/14/1130 1234/11/1132 1657/344/1509
f 1235/10/1133 1658/346/1510 1656/348/1508 1236/10/1134
f 3256/10/2640 3383/10/2728 3650/10/2728 3653/10/2944
f 3602/322/2905 3608/9/2909 1662/349/1514 1606/319/1461
f 1606/324/1461 1662/349/1514 1619/327/1472 1615/328/1468
f 1228/9/1126 1612/322/1126 3352/9/1126 3654/350/1126
f 3278/9/2652 3186/9/2596 1665/352/1517 1664/351/1516
f 3186/9/2596 3187/9/2597 1667/354/1519 1665/353/1517
f 3607/9/2908 1232/11/1130 1662/95/1514
f 3611/25/2912 1227/9/1125 3689/356/2971 1669/355/1521
f 1669/355/1521 3689/356/2971 1230/11/1128 1632/95/1485
f 1632/95/1485 1629/11/1482 1669/357/1521
f 3008/9/2477 3613/25/2914 1671/359/1523 1670/358/1522
f 1670/358/1522 1671/359/1523 1633/95/1486 1631/11/1484
f 1671/360/1523 1630/25/1483 1633/95/1486
f 1631/10/1484 3400/10/2744 1670/234/1522
f 1608/9/1463 1630/25/1483 1671/360/1523 1618/11/1471
f 1607/9/1462 1616/25/1469 1669/357/1521 1629/11/1482
f 1105/9/1009 1540/11/1403 1664/95/1516
f 3520/361/2841 3278/9/2652 1664/95/1516 1540/25/1403
f 3293/9/2662 3292/9/2661 3656/363/2945 1672/362/1524
f 1672/362/1524 3187/9/2597 3293/9/2662
f 1334/9/1226 1672/11/1524 1674/95/1526 1675/25/1527
f 1676/9/1528 1675/25/1527 1674/95/1526 3660/11/2948
f 1331/9/1223 3658/25/2947 3656/95/2945 3292/11/2661
f 1340/10/1232 3661/9/2949 1676/95/1528 3659/10/1232
f 1679/10/1531 1666/10/1518 3657/10/2946 3619/10/2918
f 3375/9/2555 3626/25/2923 3629/95/2926 3128/11/2555
f 3657/9/2946 1673/11/1525 1678/364/1530
f 3662/364/2950 3658/11/2947 1677/95/1529
f 1331/9/1223 1677/95/1529 3658/11/2947
f 1334/9/1226 1667/11/1519 3187/95/2597 1672/25/1524
f 1342/10/1234 1666/11/1518 1679/95/1531 3129/10/2556
f 1349/10/1241 1124/10/1028 1681/10/1533 1680/10/1532
f 1680/10/1532 1681/10/1533 3236/10/2626 3237/10/2627
f 1343/10/1235 1349/10/1241 1680/10/1532 1682/234/1534
f 3382/10/2727 3143/10/2564 1289/10/1182 1683/10/1535
f 1685/10/1537 1684/10/1536 1343/10/1235 1682/234/1534
f 1676/11/1528 3661/9/2949 1686/14/1538
f 1675/9/1527 1676/25/1528 1686/366/1538 3664/365/2952
f 1687/365/1539 3663/366/2951 1685/95/1537 1682/11/1534
f 3237/9/2627 1687/25/1539 1682/95/1534 1680/11/1532
f 3344/10/2696 1681/10/1533 1124/10/1028 1116/10/1020
f 3129/9/2556 1679/25/1531 1689/95/1541 1688/11/1540
f 3619/9/2918 1623/25/1476 1689/95/1541 1679/11/1531
f 3376/9/1185 1292/11/1185 3665/95/1185 3651/25/1185
f 3652/10/1137 1239/10/1137 1683/10/1535 1291/10/1184
f 1659/9/1511 1688/25/1540 1660/95/1512 1661/11/1513
f 1237/9/1135 3666/25/2953 1623/95/1476 3615/11/2916
f 1660/9/1512 1688/11/1540 1689/95/1541 1690/25/1542
f 1623/9/1476 1690/95/1542 1689/11/1541
f 3672/10/2956 3667/367/2703 3353/9/2703 1285/10/1178
f 3668/95/2954 1335/14/1227 1287/14/1180
f 3618/9/1475 1622/11/1475 3669/368/1475
f 1624/11/1477 1290/9/1183 3670/370/1183 3673/369/2957
f 1285/9/1178 1624/11/1477 3673/372/2957 3672/371/2956
f 1639/227/1492 3630/10/2927 1343/10/1235 1684/149/1536
f 1331/10/1223 3292/9/2661 3674/373/2958 1696/227/1548
f 1696/227/1548 3674/373/2958 1691/367/1543 1692/10/1544
f 1693/369/1545 3671/370/2955 3676/375/2955 1697/374/1549
f 3677/374/2960 3675/375/2959 3662/25/2950 1677/95/1529
f 1692/371/1544 1693/372/1545 1697/377/1549 1696/376/1548
f 1696/376/1548 3677/377/2960 1677/95/1529 1331/25/1223
f 1694/368/1546 3619/11/2918 1698/378/1550
f 3619/11/2918 3657/95/2946 1678/25/1530 1698/378/1550
f 1332/95/1224 1335/14/1227 3668/95/2954 1695/379/1547
f 3655/380/1179 1286/95/1179 3668/95/2954 1287/14/1180
f 1264/10/1159 1625/234/1478 1260/10/1155 3349/10/2700
f 1264/10/1159 3303/10/2669 3253/10/2637 1625/234/1478
f 3253/10/2637 3348/10/2699 1260/10/1155 1625/10/1478
f 3400/10/2744 3010/10/2478 3008/10/2477 1670/234/1522
f 3678/10/2961 3613/149/2914 3008/10/2477
f 3678/381/2961 3666/25/2953 1237/9/1135
f 1690/25/1542 1699/381/1551 3009/11/1551 1660/95/1512
f 3613/149/2914 3678/10/2961 1237/10/1135 1620/10/1473
f 1238/9/1136 3679/25/2962 1661/95/1513 1660/11/1512
f 1240/9/1138 3680/25/1138 3332/95/2688 3257/11/2641
f 3256/9/2640 3653/11/2944 1700/95/1552
f 3236/10/2626 1681/10/1533 3681/149/2963
f 3681/149/2963 1681/10/1533 3344/10/2696
f 1702/382/1554 1665/95/1517 1667/25/1519
f 1665/95/1517 1702/382/1554 1105/9/1009 1664/11/1516
f 1334/9/1226 1675/11/1527 1703/383/1555
f 1348/95/1240 1122/9/1026 1704/385/1556 1703/384/1555
f 1703/384/1555 1704/385/1556 1667/95/1519 1334/11/1226
f 1705/386/1557 1105/9/1009 1702/387/1554
f 1122/95/1026 1701/390/1553 1705/389/1557 1704/388/1556
f 1704/388/1556 1705/389/1557 1702/387/1554 1667/25/1519
f 1105/9/1009 1705/386/1557 1701/390/1553 1114/11/1018
f 1675/11/1527 3664/95/2952 1348/25/1240 1703/383/1555
f 1107/14/1011 1119/14/1023 1706/392/1558 1708/391/1560
f 3683/391/2965 3682/392/2964 1118/95/1022 1106/95/1010
f 1336/14/1228 2890/14/2402 1709/393/1561
f 1333/95/1225 1344/95/1236 3685/395/2967 3684/394/2966
f 1709/394/1561 1707/395/1559 1345/14/1237 1336/14/1228
f 898/9/823 1108/25/1012 3686/95/2968 1543/11/823
f 1107/9/1011 1708/11/1560 3686/95/2968 1108/25/1012
f 3518/9/2839 3687/95/2969 3519/11/2840
f 1106/9/1010 1544/11/1406 1710/95/1406 3683/25/2965
f 3688/396/2970 1118/95/1022 3682/397/2964
f 1706/397/1558 1119/14/1023 1711/396/1562
f 1118/95/1022 3688/396/2970 3685/398/2967 1344/95/1236
f 1119/14/1023 1345/14/1237 1707/398/1559 1711/396/1562
f 1335/14/1227 1332/95/1224 1333/95/1225 3684/393/2966
f 1342/9/1234 1685/11/1537 3663/95/2951 1666/25/1518
f 1639/227/1492 1684/11/1536 1685/95/1537 1342/10/1234
f 1230/9/1128 3689/95/2971 1293/11/1186
f 1227/9/1125 1627/11/1480 3689/95/2971
f 1121/10/1025 3492/228/2818 3691/400/2973 1713/399/1563
f 1713/399/1563 3691/400/2973 3494/228/2820 1526/227/1390
f 3491/228/2817 1120/11/1024 1714/401/1564
f 1526/10/1390 3360/10/2710 3690/10/2972 1713/10/1563
f 1713/10/1563 3690/10/2972 3110/10/2544 1121/10/1025
f 1120/11/1024 1110/11/1014 1527/228/1391 1714/401/1564
f 1626/14/1479 1644/402/1497 3153/11/2571 1295/14/1188
f 3640/11/2935 3639/403/2934 3694/16/2974
f 2952/11/1148 3692/120/1148 2995/14/1148 1252/14/1148
f 1254/10/1150 2907/10/2415 3694/16/2974 3639/403/2934
f 2889/14/2401 1232/14/1130 3607/95/2908 1663/380/1515
f 1265/10/1160 1268/10/1163 1720/405/1570 3695/404/2975
f 1717/404/1567 3696/405/2976 1267/9/1162 1266/9/1161
f 3695/406/2975 3082/10/2522 1265/10/1160
f 1323/9/1215 1267/9/1162 3696/408/2976 3697/407/2977
f 1719/407/1569 1720/408/1570 1268/10/1163 1324/10/1216
f 1324/10/1216 3400/10/2744 3698/410/2978 1719/409/1569
f 3697/409/2977 1718/410/1568 1294/9/1187 1323/9/1215
f 3400/9/2744 1668/25/1520 3698/411/2978
f 3689/25/2971 1627/95/1480 1294/11/1187 1718/411/1568
f 1278/10/1173 1279/10/1174 3701/10/2980 1721/234/1571
f 1721/234/1571 3701/10/2980 1275/10/1170 1276/10/1171
f 1721/10/1571 1264/10/1159 3349/10/2700
f 1276/10/1171 1264/10/1159 1721/10/1571
f 1721/10/1571 3349/10/2700 1278/10/1173
f 1328/10/1220 1275/10/1170 1724/10/1573 3702/149/2981
f 1722/149/1572 3701/10/2980 1279/10/1174 1329/10/1221
f 1329/10/1221 3333/10/2689 3700/227/2689 1722/10/1572
f 3702/10/2981 3699/227/2979 3010/10/2478 1328/10/1220
f 1284/10/1177 1717/406/1567 1266/9/1161 1283/9/1177
f 1648/403/1147 3641/11/1147 3693/120/1147 1251/11/1147
f 1715/412/1565 3642/11/2936 1725/11/1574
f 1725/413/1574 2994/14/2469 1715/412/1565
f 2994/14/2469 1725/413/1574 1319/11/1212 3267/14/2644
f 1253/9/1149 1317/11/1210 1319/95/1212 1725/25/1574
f 1250/9/1146 1716/11/1566 1725/95/1574
f 1253/9/1149 1725/95/1574 1716/11/1566
f 1298/9/1191 3679/95/2962 1238/9/1136
f 1300/11/1193 3679/95/2962 1298/9/1191 1723/414/1193
f 1640/10/1493 1341/10/1233 1726/10/1575 1728/149/1577
f 1728/149/1577 1726/10/1575 1339/10/1231 1634/10/1487
f 1341/10/1233 1641/10/1494 1727/10/1576 1726/10/1575
f 1726/10/1575 1727/10/1576 1635/10/1488 1339/10/1231
f 1727/10/1576 1683/10/1535 1289/10/1182
f 3632/11/2929 1638/95/1491 1730/416/1579 1729/415/1578
f 1638/25/1491 1338/9/1230 1730/417/1579
f 1347/10/1239 3113/10/2546 1733/227/1582 1731/149/1580
f 1731/10/1580 1729/10/1578 1347/10/1239
f 1728/10/1577 1634/10/1487 1729/10/1578 1731/10/1580
f 1346/11/1238 1524/16/1388 3703/16/2982
f 1729/415/1578 1730/417/1579 3703/14/2982 1347/9/1239
f 1730/417/1579 1338/9/1230 1346/11/1238 3703/14/2982
f 3492/16/2818 1121/10/1025 3217/10/2616 1732/16/1581
f 1735/227/1584 1124/10/1028 1349/10/1241
f 1636/11/1489 3631/95/2928 3704/419/2983 1734/418/1583
f 3112/11/2545 1735/421/1584 3705/420/2984
f 1349/9/1241 1343/25/1235 1735/421/1584
f 1343/25/1235 3630/95/2927 3705/420/2984 1735/421/1584
f 3109/9/2543 1124/25/1028 1735/95/1584 3112/11/2545
f 1115/9/1019 1546/95/1408 1123/11/1027 1712/422/1027
f 1731/149/1580 1733/10/1582 1640/10/1493 1728/10/1577
f 1734/418/1583 3704/10/2983 1350/9/1242
f 1654/343/1506 1635/10/1488 1727/10/1576 1289/10/1182
f 1291/10/1184 1683/10/1535 1727/10/1576 1641/10/1494
f 1737/423/1586 1738/425/1587 1503/424/1373
f 1492/200/1362 980/7/904 1738/425/1587 1737/423/1586
f 1503/209/1373 1502/210/1372 1736/427/1585 1737/426/1586
f 1737/426/1586 1736/427/1585 981/116/905 1492/200/1362
f 1738/428/1587 3521/244/2842 1503/11/1373
f 3521/244/2842 1738/428/1587 980/9/904 1487/25/1357
f 3509/10/2832 1111/11/1015 1739/429/1588 3706/149/2985
f 3706/149/2985 1739/429/1588 1226/11/1124 3336/10/2692
f 891/9/817 1545/431/1407 1740/430/1589 894/11/820
f 1541/25/1404 1104/95/1008 1740/430/1589 1545/431/1407
f 1405/56/1281 2867/56/1281 1741/433/1590 3707/432/2986
f 3707/432/2986 1741/433/1590 1449/135/1321 3436/134/2771
f 1410/9/1286 1429/11/1286 1444/95/1316 1741/25/1590
f 1448/11/1320 1449/11/1321 1741/95/1590 1444/9/1316
f 1450/168/1322 1406/56/1282 3195/56/2604 1742/432/1591
f 1425/9/1301 1445/11/1317 3432/95/2768 1743/25/1592
f 1743/25/1592 3710/9/2989 1421/11/1297 1744/434/1593
f 1425/9/1301 1743/25/1592 1744/434/1593 1436/11/1308
f 1421/9/1297 3420/11/2759 1436/95/1308 1744/435/1593
f 1393/9/1272 3410/25/2752 3709/437/2988 1746/436/1595
f 1746/436/1595 3709/437/2988 3708/95/2987 1412/11/1288
f 3714/438/2991 3432/95/2768 3433/11/2769
f 3716/9/2990 3711/11/2990 3712/95/2990 3717/25/2990
f 1396/9/1275 1421/25/1297 3710/95/2989 3715/11/2992
f 3722/439/2996 3719/442/1291 1415/441/1291 3718/440/2993
f 1749/95/1598 3713/11/1598 3724/444/2997 3725/443/2998
f 1412/11/1288 3708/95/2987 3727/446/3000 2786/445/2338
f 3724/9/2997 3731/25/3003 3726/95/2999 3725/11/2998
f 3432/95/2768 3714/438/2991 3710/9/2989 1743/25/1592
f 1390/9/1269 1396/11/1275 3715/95/2992 3720/447/2994
f 3721/448/2995 3726/9/2999 1413/9/1289 1745/25/1594
f 1756/445/1604 3728/446/3001 3729/450/3001 2789/449/1604
f 1751/451/1600 1754/453/1602 1755/452/1603
f 1754/453/1602 1751/451/1600 3722/454/2996 3718/95/2993
f 2792/9/1304 3434/25/1318 1446/95/1318 1428/11/1304
f 3726/9/2999 3731/11/3003 3730/95/3002 1757/25/1605
f 1413/9/1289 3726/11/2999 1757/95/1605
f 1758/9/1606 1760/11/1608 3733/455/3005
f 1753/95/1601 1747/25/1596 1763/456/1610
f 1747/25/1596 1418/9/1294 1748/11/1597 1763/456/1610
f 1753/9/1601 1763/25/1610 1762/95/1609 3732/11/3004
f 1760/11/1608 1761/95/1607 1759/11/1607 3733/455/3005
f 1399/9/1277 1758/11/1606 3733/95/3005 3435/25/2770
f 1447/9/1319 1762/25/1609 1763/95/1610 1748/11/1597
f 1416/25/1292 1390/9/1269 3734/457/3006
f 3734/457/3006 1390/9/1269 3720/447/2994
f 3411/9/2753 3438/11/2773 1764/95/1611
f 1414/9/1290 3723/25/1290 3721/95/2995 1745/11/1594
f 1750/9/1599 1752/11/1599 3411/95/2753 1764/25/1611
f 1469/9/1339 1480/178/1350 1461/179/1332 1481/173/1351
f 977/11/901 1559/252/1419 1801/253/1645
f 3046/10/844 3373/26/844 920/10/844
f 1470/9/1340 1765/9/1612 1486/183/1356 1481/9/1351
f 1471/9/1341 1766/9/1613 1765/9/1612 1470/9/1340
f 1767/9/1614 1766/9/1613 1471/9/1341 1474/165/1344
f 1460/164/1331 1774/459/1621 1771/458/1618 1468/163/1338
f 1474/165/1344 1491/162/1361 1468/163/1338 1767/9/1614
f 1486/183/1356 1765/9/1612 1770/461/1617 1775/460/1622
f 1468/163/1338 1771/458/1618 1777/462/1624 1767/9/1614
f 1796/159/1640 1777/462/1624 1771/458/1618 1466/25/1336
f 1768/463/1615 890/11/816 887/95/813 1769/464/1616
f 1466/25/1336 1774/466/1621 1772/465/1619 1769/157/1616
f 1774/459/1621 1466/25/1336 1771/458/1618
f 911/9/835 1464/156/1334 1776/256/1623 1791/95/1635
f 1766/9/1613 1767/9/1614 1777/462/1624 1770/461/1617
f 1773/155/1620 1768/463/1615 1769/464/1616 1772/154/1619
f 1465/95/1335 1802/467/1646 1799/180/1643 1775/460/1622
f 1770/461/1617 1465/11/1335 1775/460/1622
f 1774/466/1621 1460/95/1331 1459/11/1330 1772/465/1619
f 1766/9/1613 1770/461/1617 1765/9/1612
f 1779/468/1626 977/11/901 1802/467/1646 1465/95/1335
f 1779/469/1626 1792/471/1636 1793/470/1637 966/25/890
f 3388/10/2733 922/2/846 1781/2/1627 3047/10/2504
f 922/2/846 924/27/848 1782/27/1628 1781/2/1627
f 910/25/834 914/9/838 3235/24/1629 1783/25/1629
f 3538/24/2853 3541/9/2856 3339/9/1630 1784/24/1630
f 918/26/842 1780/10/842 1786/26/842
f 924/27/848 3446/28/2779 3308/28/2672 1782/27/1628
f 1558/149/1418 910/9/834 3328/25/2685 1788/251/1632
f 916/9/840 1561/272/1421 1789/257/1633 1785/9/1631
f 3550/278/2864 3374/26/2721 3347/26/2698 3549/274/2863
f 1561/272/1421 1572/278/1432 1790/274/1634 1789/257/1633
f 1791/9/1635 1558/149/1418 1788/251/1632 3570/28/2881
f 911/9/835 1791/95/1635 1587/95/1446 1787/9/1446
f 1792/471/1636 1795/158/1639 888/27/814 1793/470/1637
f 1777/462/1624 1796/159/1640 1465/11/1335 1770/461/1617
f 1794/296/1638 1776/472/1623 1778/182/1625
f 1557/25/1417 1559/95/1419 1556/11/1416
f 1792/160/1636 1779/468/1626 1465/95/1335 1796/473/1640
f 1795/158/1639 887/118/813 888/27/814
f 1797/254/1641 1776/256/1623 1794/474/1638 1801/253/1645
f 966/25/890 1793/217/1637 3482/218/2810 3571/219/2882
f 1797/254/1641 1557/25/1417 910/9/834 1558/149/1418
f 965/9/889 1556/11/1416 1798/219/1642 964/30/888
f 977/11/901 1779/469/1626 966/25/890 1559/252/1419
f 1800/181/1644 1467/95/1337 1469/9/1339
f 1486/183/1356 1775/460/1622 1799/180/1643 1800/181/1644
f 1801/253/1645 1794/296/1638 1802/467/1646 977/11/901
f 661/95/602 12/9/12 2430/25/2059
f 661/95/602 2312/25/1973 3/9/3
o bodyMesh.002
v 3.000602 2.493669 -0.155827
v 3.052109 2.627049 -0.195436
v 3.104867 2.590648 -0.180619
v 3.081731 2.474418 -0.133789
v 3.062437 2.589367 0.177605
v 3.020244 3.020390 -0.137835
v 3.051084 2.930201 -0.183186
v 3.159469 2.995608 -0.124576
v 3.160196 2.761874 -0.208056
v 3.064704 2.795836 -0.206867
v 3.073592 2.706885 -0.212783
v 3.162502 2.736331 -0.203621
v 3.016567 2.377678 -0.118876
v 3.011251 2.292324 -0.095421
v 2.991989 2.861290 0.102344
v 3.013613 2.963549 0.051703
v 3.108815 2.214934 0.075500
v 3.091120 2.319789 0.095963
v 3.026024 2.331349 0.139086
v 3.021185 2.239895 0.154788
v 3.118999 2.220787 -0.091437
v 3.104743 2.280326 -0.073536
v 3.121528 2.318470 0.018748
v 3.142412 2.211112 0.015736
v 3.196044 2.548803 -0.007695
v 3.132871 2.447890 -0.084434
v 3.172017 2.611445 -0.140379
v 3.220865 2.619129 -0.029538
v 2.991230 3.592526 -0.004465
v 2.989887 3.568711 0.042944
v 3.009945 3.505644 0.029758
v 3.017406 3.523138 -0.009817
v 3.137139 2.406435 0.008217
v 3.139668 2.451677 0.091747
v 3.345467 2.774625 -0.029580
v 3.251282 2.908482 -0.016252
v 3.241056 2.769730 0.041716
v 3.274174 2.710388 -0.000011
v 3.356533 2.785006 -0.072631
v 3.260965 2.931528 -0.066375
v 3.353422 2.788771 -0.120538
v 3.259009 2.937061 -0.123342
v 3.266014 2.647911 -0.169920
v 3.196784 2.762836 -0.197215
v 3.217505 2.600977 -0.153482
v 3.192068 2.733382 -0.192122
v 3.238386 2.628641 -0.037217
v 3.235064 2.694638 -0.044830
v 3.258562 2.679618 -0.012173
v 3.241929 2.740125 0.019197
v 3.276161 2.303101 -0.023334
v 3.326708 2.323688 -0.039131
v 3.330702 2.561337 -0.018991
v 3.293474 2.552002 -0.015776
v 3.332655 2.327434 -0.060226
v 3.348398 2.561167 -0.078954
v 3.333687 2.548567 -0.159567
v 3.280895 2.494597 -0.164614
v 3.226198 2.307457 -0.101742
v 3.219984 2.474165 -0.138382
v 3.231046 2.278207 -0.052843
v 3.241676 2.531297 -0.041589
v 3.252689 2.304954 -0.022544
v 3.258289 2.542414 -0.020188
v 3.289038 2.044546 0.014575
v 3.314422 2.053861 0.011058
v 3.328853 2.161447 -0.002600
v 3.301424 2.159913 0.009680
v 3.330489 2.059561 -0.013489
v 3.348727 2.172704 -0.031325
v 3.321231 2.057011 -0.045815
v 3.338340 2.185006 -0.077514
v 3.298861 2.046680 -0.071791
v 3.307090 2.203476 -0.107790
v 3.257458 2.037730 -0.061960
v 3.248865 2.148420 -0.089413
v 3.247116 2.019465 -0.031881
v 3.240000 2.121230 -0.034610
v 3.260090 2.027787 0.002940
v 3.258441 2.132724 -0.001483
v 3.269278 1.941807 0.016147
v 3.288639 1.952402 0.018834
v 3.302549 1.955041 0.000339
v 3.294764 1.938928 -0.024794
v 3.281215 1.924878 -0.038734
v 3.262379 1.923077 -0.035478
v 3.249527 1.919196 -0.021490
v 3.253127 1.929989 0.003643
v 3.108213 3.034144 -0.093182
v 3.116653 2.989502 -0.019582
v 3.170769 2.994878 -0.051825
v 3.076425 2.973535 0.009162
v 3.042715 2.988272 0.001571
v 3.030366 3.431830 -0.080159
v 3.002335 3.449646 -0.118374
v 2.995607 3.522166 -0.094011
v 3.026588 3.471881 -0.069237
v 3.105105 2.377693 -0.072173
v 3.151659 2.882216 0.048669
v 3.214265 2.693820 0.083794
v 3.045467 2.516947 0.189432
v 3.310488 1.726601 0.027375
v 3.297417 1.781360 0.019869
v 3.281870 1.761963 0.041790
v 3.305466 1.699045 0.047789
v 3.309299 1.726022 0.001209
v 3.296677 1.782668 -0.003133
v 3.298676 1.720076 -0.016709
v 3.284756 1.768639 -0.011167
v 3.275997 1.737920 -0.020108
v 3.273864 1.763102 -0.013114
v 3.267574 1.719912 -0.003520
v 3.264244 1.762194 -0.006892
v 3.241210 1.700958 0.046302
v 3.266422 1.682176 0.067734
v 3.263912 1.741416 0.046785
v 3.254297 1.753371 0.018747
v 3.335417 1.636821 0.055762
v 3.353863 1.589543 0.060692
v 3.360100 1.601835 0.030969
v 3.340789 1.652874 0.028937
v 3.333762 1.666201 0.001701
v 3.353868 1.613251 -0.001814
v 3.344609 1.624796 -0.019383
v 3.320374 1.673766 -0.021874
v 3.331309 1.623450 -0.023736
v 3.305706 1.671488 -0.025961
v 3.339902 1.603227 -0.006411
v 3.295627 1.660175 -0.010242
v 3.347724 1.590322 0.024513
v 3.296222 1.654942 0.017743
v 3.364859 1.451732 0.029824
v 3.371374 1.438967 0.034845
v 3.365510 1.435680 0.044876
v 3.359368 1.448015 0.039604
v 3.293002 1.673629 0.063010
v 3.281842 1.651218 0.064760
v 3.256210 1.584471 0.056621
v 3.263006 1.582621 0.066736
v 3.255212 1.584870 0.069671
v 3.245274 1.588140 0.059293
v 3.271742 1.687782 0.015081
v 3.263594 1.664354 0.041734
v 3.364669 1.475432 -0.006590
v 3.364395 1.470475 0.003815
v 3.357364 1.482862 0.004520
v 3.357934 1.487269 -0.008169
v 3.311759 1.632567 0.070871
v 3.335602 1.591567 0.078952
v 3.371484 1.439109 0.078916
v 3.378418 1.435953 0.083128
v 3.372083 1.434816 0.092951
v 3.363827 1.439843 0.087373
v 3.339408 1.546702 -0.021835
v 3.339445 1.548936 -0.030093
v 3.346935 1.533404 -0.030113
v 3.345782 1.534390 -0.022380
v 3.386212 1.532727 0.045230
v 3.383051 1.525095 0.060038
v 3.373773 1.537008 0.038257
v 3.368482 1.526776 0.054656
v 3.341128 1.575408 0.054337
v 3.366247 1.553922 0.016858
v 3.370840 1.556230 0.001659
v 3.384755 1.539914 0.017715
v 3.383902 1.546059 0.004604
v 3.375821 1.530795 0.082693
v 3.366975 1.525037 0.095934
v 3.365213 1.528110 0.076718
v 3.358681 1.526203 0.085918
v 3.321460 1.587414 0.071787
v 3.351442 1.583702 -0.026419
v 3.362891 1.581702 -0.024927
v 3.352793 1.578979 -0.014758
v 3.365213 1.572697 -0.014135
v 3.382078 1.468138 0.054447
v 3.387876 1.474715 0.041259
v 3.376581 1.480066 0.036825
v 3.368082 1.474103 0.048161
v 3.372364 1.506631 0.009147
v 3.376211 1.514074 -0.001244
v 3.382915 1.495337 0.010220
v 3.382356 1.499803 -0.000615
v 3.382521 1.463977 0.083818
v 3.372095 1.462639 0.096739
v 3.372651 1.469946 0.079182
v 3.363918 1.470650 0.088152
v 3.348129 1.562824 -0.027762
v 3.360613 1.555743 -0.028735
v 3.346315 1.561282 -0.019794
v 3.361170 1.550341 -0.019790
v 3.259685 1.812072 0.035986
v 3.273766 1.819710 0.035737
v 3.286631 1.825380 0.014962
v 3.287959 1.814978 -0.008360
v 3.281431 1.797124 -0.019907
v 3.266034 1.789145 -0.018387
v 3.254469 1.799305 -0.001777
v 3.249204 1.802111 0.021755
v 3.268442 1.619221 0.065586
v 3.260284 1.623518 0.052348
v 3.243983 1.629680 0.054778
v 3.256717 1.622656 0.071129
v 3.292250 1.630312 0.066900
v 3.290976 1.637483 0.042232
v 3.285677 2.269965 -0.018447
v 3.323583 2.273280 -0.027725
v 3.334969 2.259537 -0.046772
v 3.331705 2.256341 -0.093253
v 3.288199 2.240620 -0.121601
v 3.240339 2.213955 -0.105615
v 3.230468 2.205543 -0.043125
v 3.249498 2.233234 -0.010776
v 3.168982 2.589594 0.113767
v 3.028194 2.070861 -0.126508
v 2.963869 1.939863 -0.158804
v 3.010492 2.063079 0.129759
v 2.989751 1.841922 0.080486
v 3.096928 1.973140 0.076352
v 3.135159 2.002544 0.010979
v 3.144266 2.102351 0.011353
v 3.133400 2.151227 -0.109966
v 3.112438 1.961975 -0.094812
v 2.957265 1.771157 0.064354
v 2.959524 1.785464 -0.158604
v 2.955645 1.705133 -0.044504
v 3.090659 1.861722 0.070685
v 3.131324 1.878936 0.003654
v 3.126008 1.817518 -0.078055
v 3.045257 1.676190 -0.148657
v 2.966847 1.673774 0.066166
v 2.961717 1.671707 -0.155671
v 2.961470 1.678898 -0.034405
v 3.019758 3.210311 0.059966
v 2.995489 3.178934 0.060247
v 3.020699 3.220838 0.017949
v 3.028269 3.232619 0.035384
v 2.973823 3.165185 0.063633
v 2.973661 3.157930 0.037237
v 3.007198 3.366284 -0.128085
v 3.003871 3.310054 -0.118696
v 2.986682 3.222855 -0.088283
v 2.987409 3.180844 -0.089084
v 3.000825 3.078230 -0.104807
v 3.032207 3.367788 -0.090467
v 3.033738 3.317815 -0.079719
v 3.014264 3.227750 -0.053263
v 3.017184 3.181140 -0.051715
v 3.068641 3.070804 -0.068665
v 3.033827 3.432399 -0.032569
v 3.040155 3.369710 -0.049106
v 3.033546 3.115760 -0.056531
v 3.023823 3.151043 -0.027494
v 3.031190 3.100465 -0.028106
v 3.044122 3.026084 -0.025538
v 2.991485 3.124923 -0.090455
v 2.975618 3.081695 0.028107
v 3.028094 3.276105 -0.058050
v 3.039233 3.328766 -0.051378
v 3.036746 3.291044 -0.032876
v 2.990683 3.573456 -0.054380
v 3.024597 3.501959 -0.048761
v 3.030677 3.450273 0.002778
v 3.056872 3.358417 -0.015820
v 3.052423 3.376572 -0.011732
v 3.046007 3.372427 -0.002657
v 3.046799 3.354434 -0.004670
v 3.053450 3.309222 -0.001992
v 3.057171 3.335290 -0.012274
v 3.048822 3.333533 0.000312
v 3.047247 3.311171 0.006974
v 3.034598 3.281291 0.025715
v 3.033447 3.264738 0.030181
v 3.025581 3.246176 0.013768
v 3.026959 3.266525 0.012658
v 3.038115 3.361346 0.027712
v 3.036722 3.387502 0.018395
v 3.023906 3.432268 0.042435
v 3.029891 3.383001 0.057393
v 3.034384 3.285380 0.047441
v 3.031172 3.264149 0.047939
v 3.042869 3.317798 0.034673
v 3.042121 3.341883 0.035459
v 3.032317 3.349941 0.064853
v 3.029407 3.321662 0.067355
v 3.038957 3.320538 0.046129
v 3.050769 3.386881 -0.013671
v 3.058208 3.361927 -0.025993
v 3.038550 3.364658 -0.029742
v 3.032823 3.393542 -0.015519
v 3.052567 3.303713 -0.008900
v 3.037279 3.300864 -0.009966
v 3.041930 3.333290 -0.027982
v 3.060397 3.334980 -0.025107
v 3.039744 3.287476 0.013148
v 3.035234 3.288412 0.017021
v 3.030920 3.282298 0.008227
v 3.035690 3.278348 0.001656
v 3.044629 3.283563 0.002258
v 3.040852 3.299063 0.022973
v 3.044939 3.316397 0.024492
v 3.038040 3.295660 0.031061
v 3.045136 3.339169 0.021706
v 3.041187 3.353246 0.017847
v 3.046828 3.387678 -0.000518
v 3.035233 3.397190 0.001950
v 3.035889 3.299497 0.048507
v 3.046246 3.311600 0.016228
v 3.045859 3.301592 0.017924
v 3.047620 3.296776 0.012055
v 3.045823 3.349511 0.009153
v 3.046328 3.331965 0.012084
v 3.042731 3.371707 0.010006
v 2.999274 3.267626 -0.092470
v 3.049800 3.293222 0.005118
v 3.027475 3.295806 0.066879
v 3.045782 3.361868 0.006738
v 3.021953 3.257109 0.067204
v 3.019559 3.235924 0.064697
v 3.027872 3.243657 0.046638
v 3.011614 2.195998 -0.110930
v 3.097251 0.993630 -0.047967
v 3.092104 1.108408 -0.022323
v 3.044593 1.069925 0.011270
v 3.048054 0.909977 -0.019940
v 3.109337 0.999551 -0.090574
v 3.106697 1.094406 -0.082591
v 3.112879 0.981533 -0.128636
v 3.113939 1.093025 -0.120201
v 3.063587 0.994440 -0.180515
v 3.062166 1.096884 -0.169438
v 2.983464 1.046524 -0.012698
v 2.982392 0.957795 -0.054302
v 3.006640 1.094055 -0.163099
v 3.003540 0.992241 -0.169085
v 3.051215 0.023447 0.115663
v 3.029482 0.023307 0.123492
v 3.028796 0.000000 0.121910
v 3.048894 0.002537 0.114476
v 3.076057 0.019828 0.079760
v 3.064922 0.020784 0.089761
v 3.063698 0.000443 0.086990
v 3.075055 0.000650 0.074850
v 3.058494 0.039939 -0.098324
v 3.053656 0.136426 -0.137925
v 3.043497 0.171481 -0.112888
v 3.033623 0.172631 -0.097733
v 3.022769 0.078202 -0.191242
v 3.022367 0.152428 -0.176597
v 3.023167 0.000000 0.130045
v 3.022117 0.040929 0.133022
v 2.998621 0.041807 0.135796
v 2.995915 0.000000 0.129507
v 2.982931 0.080036 -0.184978
v 2.973179 0.127294 -0.137245
v 2.963149 0.198008 -0.138914
v 2.985431 0.152184 -0.173686
v 2.986429 0.153469 -0.031139
v 2.972616 0.186929 -0.088586
v 3.005140 0.378239 -0.081387
v 3.036375 0.361929 -0.096166
v 3.058131 0.517050 -0.095518
v 3.019060 0.528122 -0.075383
v 3.045889 0.342935 -0.115177
v 3.072481 0.511471 -0.120772
v 3.046637 0.322711 -0.136429
v 3.080915 0.508778 -0.146291
v 3.022201 0.321674 -0.178971
v 3.047602 0.552603 -0.200466
v 2.998425 0.519236 -0.101716
v 2.985398 0.315883 -0.103583
v 2.988956 0.313279 -0.172330
v 2.979540 0.304330 -0.139623
v 2.980681 0.538446 -0.139204
v 2.979740 0.553254 -0.182860
v 3.004540 0.157484 -0.035673
v 3.035899 0.150905 -0.039128
v 3.025726 0.189274 -0.081763
v 2.997907 0.187186 -0.079505
v 3.055212 1.158497 0.031791
v 3.091909 1.166507 0.020755
v 3.124491 1.208706 -0.054548
v 3.118446 1.210200 -0.120511
v 3.069655 1.192408 -0.156828
v 2.972564 1.151916 0.017517
v 2.978287 1.185439 -0.147981
v 2.957684 1.212305 -0.113274
v 3.041259 0.828948 -0.037107
v 3.088655 0.815981 -0.066083
v 3.109404 0.820936 -0.102302
v 3.120874 0.816023 -0.136737
v 3.079873 0.813871 -0.222595
v 3.004953 0.825994 -0.068913
v 2.967856 0.816937 -0.201179
v 2.982997 0.809299 -0.103913
v 3.056431 0.052696 0.044156
v 3.051581 0.082277 0.007216
v 3.036476 0.099002 0.008775
v 3.037970 0.056257 0.067139
v 3.070434 0.052234 0.020437
v 3.064215 0.077005 -0.011077
v 3.085098 0.043970 -0.000361
v 3.085795 0.002531 0.011056
v 3.082504 0.000000 -0.034458
v 3.084138 0.042676 -0.027612
v 2.983620 0.003666 0.004542
v 2.984354 0.000000 0.059263
v 2.986930 0.065388 0.063158
v 2.988450 0.074778 0.030543
v 3.014632 0.062420 0.068169
v 3.011219 0.103605 0.015085
v 3.023977 0.000000 -0.185674
v 2.982177 0.000000 -0.179494
v 3.050693 0.000000 -0.144619
v 3.068486 0.000643 -0.083763
v 2.987271 0.045221 -0.063741
v 2.979243 -0.000636 -0.135589
v 3.078709 0.677307 -0.084487
v 3.035494 0.689164 -0.059763
v 3.093806 0.663457 -0.114750
v 3.102985 0.643801 -0.149867
v 3.073251 0.679146 -0.226706
v 3.004590 0.678850 -0.086437
v 2.978650 0.662461 -0.117669
v 2.970549 0.666305 -0.202101
v 3.060998 1.365441 0.070025
v 3.128600 1.406167 0.051453
v 3.128188 1.575732 0.075290
v 3.038059 1.639074 0.083239
v 3.161097 1.392882 -0.013182
v 3.169413 1.573372 0.004032
v 3.145462 1.376333 -0.105842
v 3.151125 1.577364 -0.096526
v 3.118940 1.373709 -0.164114
v 2.978319 1.308033 0.022868
v 2.984815 1.380292 -0.159923
v 2.958359 1.369902 -0.050548
v 2.956385 1.541174 -0.045057
v 3.097781 1.718893 0.076953
v 3.146658 1.716539 0.004837
v 3.133477 1.675613 -0.094655
v 3.058263 1.652201 -0.137565
v 2.972682 1.616711 0.066009
v 2.960643 1.613221 -0.036848
v 2.968058 1.649810 -0.137297
v 3.019028 0.000000 0.072301
v 3.034682 0.000000 0.036331
v 3.039871 0.000000 0.062905
v 3.021696 0.020880 0.089363
v 3.022335 0.050177 0.101817
v 2.988145 0.014682 0.086425
v 2.990787 0.047456 0.103946
v 3.065161 0.001825 0.094209
v 3.066281 0.020183 0.098730
v 3.051773 0.018274 0.105872
v 3.050094 0.001542 0.103212
v 3.070188 0.001858 0.056494
v 3.081078 0.002070 0.051895
v 3.083124 0.019020 0.054595
v 3.072964 0.021436 0.060025
v 3.026623 0.021401 0.094067
v 3.044055 0.021743 0.083689
v 3.024852 0.054147 0.095184
v 3.043854 0.052065 0.089777
v 3.057093 0.010541 0.062632
v 3.055869 0.001544 0.040570
v 3.069416 0.001787 0.026068
v 3.069809 0.010158 0.049314
v 3.058731 0.045260 0.069789
v 3.071581 0.043231 0.056830
v 3.057834 0.050350 0.071259
v 3.045254 0.051693 0.088291
v 3.054990 0.027970 0.062896
v 3.085213 0.036743 0.030724
v 3.072160 0.038210 0.047137
v 3.085857 0.008827 0.027490
v 3.072764 0.012482 0.042291
v 3.056650 0.001519 0.018305
v 3.054419 -0.001161 -0.007639
v 3.016732 0.000000 0.012951
v 3.016047 3.377598 0.086328
v 3.016240 3.349976 0.098349
v 3.009962 3.271709 0.092203
v 3.006052 3.245798 0.090932
v 2.975470 3.341536 0.115393
v 2.993249 3.380992 0.098991
v 3.014704 3.313716 0.097255
v 2.997246 3.275762 0.109564
v 2.983962 3.322769 0.116187
v 3.004903 3.486836 0.059974
v 3.011567 3.389258 0.090937
v 2.990756 3.509958 0.081792
v 2.996691 3.412513 0.110055
v 3.006234 3.192608 0.084991
v 2.966076 3.169593 0.133403
v 2.978879 3.171541 0.088579
v 3.003716 3.221651 0.094825
v 2.967882 3.199700 0.139340
v 2.958273 3.328298 0.155546
v 2.958353 3.357175 0.136504
v 2.967390 3.312012 0.129967
v 2.963064 3.360128 0.117543
v 2.966783 3.234387 0.141582
v 2.966443 3.299787 0.136207
v 2.963308 3.379714 0.107054
v 2.958463 3.381968 0.123131
v 2.982789 3.291916 0.125180
v 2.972255 3.270721 0.136642
v 2.965485 3.247296 0.136183
v 2.985522 3.248781 0.119605
v 2.968083 3.219402 0.130671
v 2.981688 3.248089 0.114748
v 2.964006 3.252136 0.126126
v 2.970485 3.244368 0.116097
v 2.979651 3.256048 0.126411
v 2.974505 3.246830 0.115299
v 2.974895 3.239752 0.134522
v 2.972743 3.247735 0.131756
v 2.971069 3.252148 0.125141
v 2.980104 3.243657 0.124388
v 2.977893 3.247447 0.125838
v 2.975206 3.250513 0.122839
v 2.974829 3.220488 0.126236
v 2.961836 3.275220 0.148864
v 2.960954 3.284743 0.143681
v 2.957869 3.296574 0.144781
v 2.987020 3.229975 0.118331
v 2.986937 3.206940 0.113944
v 2.988187 3.179577 0.109534
v 2.959491 3.256213 0.135850
v 2.970501 3.256004 0.129395
v 2.976676 3.252112 0.123518
v 2.962779 3.407551 0.120298
v 2.994879 3.240036 0.107279
v 2.969885 3.574959 0.045051
v 2.970657 3.513441 0.085448
v 2.978013 2.713113 0.170809
v 3.014595 2.710276 0.175238
v 3.174387 2.609324 0.142502
v 3.212286 2.693132 0.114311
v 3.081207 2.609763 0.195487
v 3.235154 2.767722 0.058115
v 3.135789 2.814970 0.097009
v 3.036285 2.815365 0.123677
v 3.207562 2.749740 0.100203
v 3.191594 2.733456 0.138956
v 3.088532 2.760117 0.166615
v 3.141591 2.768431 0.144929
v 3.105067 2.632710 0.205077
v 3.200555 2.688191 0.147070
v 3.174312 2.632431 0.169239
v 3.062798 2.706070 0.192932
v 3.122056 2.699260 0.202391
v 3.167537 2.669061 0.191223
v 3.177058 2.692195 0.182604
v 3.137022 2.670881 0.205973
v 3.150350 2.724368 0.183216
v 3.131980 2.717674 0.192119
v 3.168641 2.713342 0.180763
v 3.152985 2.697908 0.200536
v 3.132033 2.574258 0.144820
v 3.143733 2.595046 0.163800
v 3.151155 2.622227 0.183178
v 3.154868 2.665195 0.198420
v 3.019762 2.619700 0.182747
v 3.048320 2.635931 0.199376
v 3.079908 2.652671 0.206444
v 3.128618 2.681727 0.207216
v 3.233541 2.665646 0.039524
v 3.200818 2.562469 0.060578
v 3.198623 2.633968 0.097158
v 3.199875 2.642888 0.125986
v 3.192489 2.654151 0.157237
v 3.174482 2.678375 0.186397
v 3.220686 2.612455 0.050957
v 3.098874 2.571889 0.164584
v 3.112180 2.595209 0.182142
v 3.127410 2.623084 0.195653
v 3.145352 2.665728 0.202787
v 3.070863 2.460278 0.158989
v 2.990805 2.668652 0.184097
v 3.021590 2.671440 0.194337
v 3.060770 2.676473 0.204120
v 3.123705 2.689796 0.205565
v 3.017397 2.540341 0.197308
v 2.979980 0.000000 0.025546
v 3.284282 2.410553 -0.149609
v 3.311268 2.435648 -0.019907
v 3.335263 2.413246 -0.071784
v 3.237405 2.401167 -0.040960
v 3.220409 2.370888 -0.125011
v 3.281240 2.428689 -0.012738
v 3.253056 2.421019 -0.014723
v 3.326435 2.421134 -0.114929
v 3.031173 2.403249 0.162492
v 3.093454 2.400480 0.104407
v 3.016942 2.996609 0.037145
v 3.016656 3.035658 0.020042
v 3.017556 3.102967 0.005649
v 3.022080 3.152022 -0.003165
v 3.025451 3.204174 -0.010860
v 3.033700 3.261715 -0.022221
v 2.968840 2.969784 0.057236
v 2.979452 3.006501 0.044984
v 2.983587 3.041828 0.036396
v 3.000190 3.114699 0.024756
v 3.012445 3.161248 0.017394
v 2.994250 3.182726 0.025374
v 3.029375 3.235379 -0.015453
v 3.029495 3.242310 0.007399
v 3.024880 3.216223 0.011624
v 2.971210 3.038466 0.029346
v 2.965037 2.985885 0.041071
v 3.017371 3.066162 0.012822
v 2.990936 3.078886 0.029812
v 3.087816 1.745880 -0.134089
v 3.070080 1.975854 -0.148438
v 3.001880 1.795400 -0.162422
v 3.073717 1.834144 -0.147982
v 3.101190 2.063540 -0.135007
v 3.261630 2.633260 -0.016753
v 3.218480 2.556998 -0.157694
v 3.292439 2.642021 -0.017290
v 3.356576 2.627030 -0.113246
v 3.240377 2.591587 -0.034979
v 3.355632 2.629658 -0.068620
v 3.278427 2.579225 -0.175104
v 3.327359 2.651900 -0.026274
v 3.075693 2.049203 0.081553
v 2.990836 1.948511 0.093062
v 3.080771 2.027473 0.074021
v 3.064570 2.075888 0.096548
v 2.983059 1.873019 0.091836
v 3.115270 2.115357 0.085155
v 3.107026 2.056348 0.069278
v 3.073833 2.118264 0.096864
v 3.047907 2.417732 0.128864
v 3.255266 2.281213 -0.125156
v 3.286591 2.294501 -0.132017
v 3.287410 2.330797 -0.144966
v 3.241749 2.308393 -0.137490
v 3.242555 2.328227 -0.125517
v 3.293814 2.351712 -0.140647
v 3.294190 2.295631 -0.119524
v 3.293820 2.721838 0.000108
v 3.137555 2.979748 -0.010695
v 3.208491 2.961201 -0.020594
v 3.225048 2.865390 0.009971
v 3.170230 2.925860 0.001129
v 3.313228 2.765651 -0.173114
v 3.225410 2.877955 -0.174295
v 3.157919 2.949394 -0.159721
v 3.046632 2.896971 -0.198138
v 3.094566 2.793632 -0.206228
v 3.112165 2.718359 -0.208980
v 3.075148 2.911966 -0.187587
v 3.208664 2.985124 -0.058645
v 3.208236 2.981158 -0.123505
v 3.334732 2.610258 -0.164330
v 3.283937 2.712058 -0.178492
v 3.201425 2.810390 -0.199052
v 3.143209 2.846245 -0.201921
v 3.312434 2.661982 -0.160957
v 3.335761 2.485216 -0.126751
v 3.283328 1.807264 -0.013881
v 3.271101 1.776938 -0.013200
v 3.260643 1.789879 -0.016486
v 3.283976 1.782465 -0.012810
v 3.286951 1.790429 -0.009246
v 3.261864 1.773899 -0.012829
v 3.275806 1.822247 -0.023174
v 3.264982 1.817243 -0.024300
v 3.301408 2.325650 -0.030250
v 3.318223 2.421676 -0.058477
v 3.333856 2.458653 -0.081863
v 3.261031 2.772813 0.021249
v 3.093130 2.635594 -0.201662
v 3.138782 2.649774 -0.195415
v 3.259782 1.779626 0.032722
v 3.276569 1.787896 0.038724
v 3.252153 1.772767 0.017172
v 3.323564 2.320962 -0.092785
v 3.301584 2.333629 -0.113856
v 3.315458 2.307964 -0.105581
v 3.304610 2.359896 -0.130169
v 3.305246 2.412713 -0.141180
v 3.315592 2.460131 -0.147867
v 3.227602 2.429936 -0.131086
v 3.241776 2.393778 -0.143024
v 3.246045 2.480923 -0.156006
v 3.356226 2.557544 -0.118486
v 3.044792 1.012179 0.002213
v 3.011595 1.068307 0.010621
v 3.042870 1.108549 0.013568
v 3.074987 1.068784 0.007396
v 3.053908 1.015424 0.002937
v 3.034433 1.014294 0.002524
v 3.077668 1.106487 0.007074
v 3.007291 1.103432 0.012057
v 3.041698 1.123935 0.009035
v 3.083611 1.122851 -0.001584
v 3.000210 1.118586 0.006718
v 3.044532 1.038001 0.005514
v 3.066834 1.039884 0.002283
v 3.074561 0.990816 -0.006211
v 3.020930 1.037875 0.006926
v 3.010456 0.984619 -0.007323
v 3.077364 1.018671 -0.003985
v 3.002918 1.013893 -0.007098
v 2.975654 1.104139 -0.010519
v 2.960219 1.216402 -0.027163
v 2.955121 1.144265 -0.046483
v 2.997900 1.133781 0.025767
v 2.974561 0.125336 -0.102965
v 3.101343 0.950680 -0.093820
v 3.089627 0.919835 -0.055333
v 3.084163 0.954417 -0.170868
v 3.052241 0.978145 -0.006215
v 3.041603 0.977410 -0.000452
v 3.033942 0.908958 -0.019200
v 3.050146 0.934303 -0.015872
v 3.036724 0.933610 -0.014434
v 3.099227 1.559294 -0.151623
v 3.111721 1.275305 -0.155399
v 2.955919 1.582891 -0.125214
v 3.123182 1.379840 -0.137748
v 3.114296 1.571939 -0.129825
v 2.959481 1.382417 -0.124110
v 2.978103 1.571082 -0.151811
v 3.000305 1.283988 -0.159624
v 3.120887 1.309451 -0.134151
v 2.963686 1.313458 -0.128028
v 3.120147 0.919658 -0.128435
v 3.116731 0.966627 -0.158175
v 3.115324 0.925041 -0.162227
v 3.092323 0.916327 -0.181104
v 3.045097 0.193004 -0.137997
v 3.069754 0.513381 -0.170697
v 3.040674 0.320298 -0.158763
v 3.098410 0.649610 -0.179955
v 3.113902 0.814933 -0.168628
v 3.121002 0.961277 -0.126197
v 3.113500 1.199807 -0.149570
v 3.111749 0.989762 -0.148131
v 3.107712 1.098645 -0.142849
v 3.112876 1.013779 -0.128443
v 3.108917 1.014790 -0.144306
v 2.962181 1.119036 -0.138790
v 2.964452 1.044026 -0.093397
v 2.964098 1.039870 -0.124695
v 3.090597 1.061594 -0.025893
v 3.104980 1.158328 -0.013928
v 3.073733 1.966073 0.078446
v 3.059625 1.832202 0.078221
v 2.978505 1.371660 0.014363
v 3.054160 1.738597 0.076298
v 3.072097 0.934482 -0.034962
v 3.063717 0.956778 -0.016246
v 3.008649 0.932674 -0.030333
v 3.023150 0.958940 -0.010873
v 3.084672 1.618728 0.084637
v 3.027756 1.405569 0.071495
v 3.056755 1.513553 0.091304
v 3.015252 1.538268 0.084309
v 3.000945 1.441993 0.057126
v 3.030236 1.306748 0.065140
v 2.994598 1.291039 0.056607
v 2.958734 1.232657 -0.072864
v 2.965874 1.611403 0.015130
v 2.963763 1.679019 0.025574
v 2.958655 1.536973 0.014344
v 3.020932 1.188264 -0.161070
v 2.954576 1.463483 -0.064922
v 2.964804 1.456336 -0.006839
v 2.978606 1.451696 0.035531
v 2.978929 1.539947 0.066207
v 2.956364 1.131637 -0.098633
v 2.957333 1.140473 -0.075295
v 2.955295 1.057427 -0.060631
v 3.109913 1.259161 0.013788
v 3.068562 1.228143 0.031858
v 3.021615 1.210259 0.036278
v 2.985496 1.203566 0.028092
v 3.113733 1.295118 0.034949
v 3.071263 1.263317 0.050165
v 3.024625 1.244849 0.054867
v 2.988019 1.235910 0.048084
v 2.967590 1.002680 -0.050388
v 2.968647 0.947469 -0.102315
v 2.962598 1.720232 0.064619
v 3.016137 1.795057 0.080706
v 3.010200 1.625780 0.082548
v 2.998429 1.694012 0.075232
v 2.990861 1.761635 0.078732
v 3.125608 1.868494 0.050507
v 3.133046 1.718731 0.048941
v 3.129632 1.991817 0.057617
v 3.159081 1.543579 0.046536
v 3.125580 2.053622 0.064693
v 3.124565 1.794254 0.047605
v 2.957762 1.724617 -0.159658
v 3.022898 1.731423 -0.160190
v 3.080210 1.790090 -0.141364
v 3.054067 0.127733 -0.116607
v 3.043438 0.140502 -0.156992
v 3.014638 0.377105 -0.076838
v 3.058666 0.825779 -0.033090
v 3.042255 0.696532 -0.050089
v 3.029063 0.525899 -0.069072
v 2.981532 0.308027 -0.112234
v 2.994453 0.670667 -0.093814
v 2.989920 0.807470 -0.082333
v 2.991932 0.518525 -0.109303
v 3.048954 0.053035 -0.136542
v 3.052388 1.392658 -0.172320
v 3.059814 1.277664 -0.164489
v 3.043429 1.560072 -0.164185
v 3.083577 1.628476 -0.141141
v 3.101764 1.632637 -0.118958
v 3.039890 1.627548 -0.148849
v 3.099833 1.666652 -0.114507
v 2.977937 1.631430 -0.143441
v 2.959646 1.636994 -0.126279
v 2.960035 1.647944 -0.092160
v 3.005048 2.469090 0.183595
v 3.038433 2.470895 0.183176
v 3.016937 2.151487 0.145396
v 2.977632 3.202917 0.128103
v 2.976850 3.172938 0.122967
v 2.971981 3.282338 0.136748
v 2.978569 3.277355 0.129604
v 2.958962 3.339279 0.147575
v 2.966787 3.306701 0.141682
v 2.961915 3.297976 0.141685
v 2.966094 3.315972 0.136454
v 2.963946 3.322031 0.128008
v 2.961186 3.323174 0.147389
v 2.962394 3.324197 0.133833
v 2.964352 3.311371 0.149608
v 2.963371 3.318758 0.148217
v 2.958765 3.321074 0.154327
v 2.958219 3.322827 0.159372
v 2.959881 3.313242 0.157134
v 2.957759 3.314620 0.161116
v 2.957435 3.304735 0.154186
v 2.963588 3.305260 0.146313
v 2.963517 3.341079 0.122883
v 3.212618 2.670316 -0.140172
v 3.205559 2.659250 -0.138914
v 3.233524 2.676245 -0.028909
v 3.247598 2.739732 -0.001846
v 3.285085 2.865590 -0.017421
v 3.298291 2.889838 -0.070555
v 3.301977 2.888541 -0.123264
v 3.219077 2.752040 -0.191661
v 3.202119 2.728680 -0.185996
v 3.255437 2.756231 0.018821
v 3.270839 2.824925 0.004115
v 3.267565 2.831362 -0.179647
v 3.238280 2.779498 -0.195120
v 3.232086 2.791747 0.041725
v 2.903908 2.493669 -0.155827
v 2.852400 2.627049 -0.195436
v 2.799643 2.590648 -0.180619
v 2.822778 2.474418 -0.133789
v 2.842072 2.589367 0.177605
v 2.952255 2.712573 0.172282
v 2.952255 2.637654 0.188756
v 2.884265 3.020390 -0.137835
v 2.853425 2.930201 -0.183186
v 2.952255 2.906853 -0.170864
v 2.952255 3.013990 -0.132304
v 2.745040 2.995608 -0.124576
v 2.744314 2.761874 -0.208056
v 2.839805 2.795836 -0.206867
v 2.830918 2.706885 -0.212783
v 2.742008 2.736331 -0.203621
v 2.952255 2.282730 -0.104591
v 2.952255 2.383900 -0.106066
v 2.887942 2.377678 -0.118876
v 2.893258 2.292324 -0.095421
v 2.912521 2.861290 0.102344
v 2.890896 2.963548 0.051703
v 2.952255 2.969790 0.057008
v 2.952255 2.891530 0.083347
v 2.795694 2.214934 0.075500
v 2.813389 2.319789 0.095963
v 2.878486 2.331349 0.139086
v 2.883325 2.239895 0.154788
v 2.785510 2.220787 -0.091437
v 2.799766 2.280326 -0.073536
v 2.782981 2.318470 0.018748
v 2.762097 2.211112 0.015736
v 2.708466 2.548803 -0.007695
v 2.771638 2.447890 -0.084434
v 2.732493 2.611445 -0.140379
v 2.683644 2.619129 -0.029538
v 2.913279 3.592526 -0.004465
v 2.914622 3.568711 0.042944
v 2.894564 3.505644 0.029758
v 2.887104 3.523138 -0.009817
v 2.767370 2.406435 0.008217
v 2.764841 2.451677 0.091747
v 2.559043 2.774625 -0.029580
v 2.653228 2.908482 -0.016252
v 2.663454 2.769730 0.041716
v 2.630335 2.710388 -0.000011
v 2.547976 2.785006 -0.072631
v 2.643544 2.931528 -0.066375
v 2.551088 2.788771 -0.120538
v 2.645500 2.937060 -0.123342
v 2.638496 2.647911 -0.169920
v 2.707726 2.762836 -0.197215
v 2.687005 2.600977 -0.153482
v 2.712441 2.733382 -0.192122
v 2.666124 2.628641 -0.037217
v 2.669446 2.694638 -0.044830
v 2.645947 2.679618 -0.012173
v 2.662580 2.740125 0.019197
v 2.628348 2.303101 -0.023334
v 2.577801 2.323688 -0.039131
v 2.573807 2.561337 -0.018991
v 2.611036 2.552001 -0.015776
v 2.571855 2.327435 -0.060226
v 2.556112 2.561166 -0.078954
v 2.570822 2.548567 -0.159567
v 2.623615 2.494596 -0.164614
v 2.678311 2.307457 -0.101742
v 2.684526 2.474165 -0.138382
v 2.673463 2.278207 -0.052843
v 2.662834 2.531297 -0.041589
v 2.651820 2.304954 -0.022544
v 2.646220 2.542414 -0.020188
v 2.615471 2.044546 0.014575
v 2.590087 2.053861 0.011058
v 2.575656 2.161448 -0.002600
v 2.603085 2.159913 0.009680
v 2.574020 2.059561 -0.013489
v 2.555782 2.172704 -0.031325
v 2.583278 2.057012 -0.045815
v 2.566169 2.185006 -0.077514
v 2.605649 2.046680 -0.071791
v 2.597419 2.203477 -0.107790
v 2.647051 2.037730 -0.061960
v 2.655645 2.148421 -0.089413
v 2.657393 2.019465 -0.031881
v 2.664509 2.121230 -0.034610
v 2.644420 2.027787 0.002940
v 2.646068 2.132725 -0.001483
v 2.635231 1.941807 0.016147
v 2.615870 1.952402 0.018834
v 2.601960 1.955041 0.000339
v 2.609745 1.938928 -0.024794
v 2.623294 1.924878 -0.038734
v 2.642130 1.923077 -0.035478
v 2.654982 1.919196 -0.021490
v 2.651382 1.929989 0.003643
v 2.796296 3.034144 -0.093182
v 2.787857 2.989502 -0.019582
v 2.733740 2.994878 -0.051825
v 2.828084 2.973535 0.009162
v 2.861795 2.988272 0.001571
v 2.874144 3.431830 -0.080159
v 2.902175 3.449646 -0.118374
v 2.908902 3.522166 -0.094011
v 2.877921 3.471881 -0.069237
v 2.952255 2.485765 -0.140762
v 2.952255 2.615580 -0.170867
v 2.952255 2.825936 -0.190577
v 2.952255 2.745353 -0.185626
v 2.799405 2.377693 -0.072173
v 2.752851 2.882215 0.048669
v 2.690245 2.693820 0.083794
v 2.952255 2.327752 0.142499
v 2.859042 2.516947 0.189432
v 2.952255 2.540776 0.196790
v 2.952255 3.581208 0.046812
v 2.952255 3.608000 -0.002313
v 2.952255 2.978567 0.038015
v 2.952255 3.530510 -0.097277
v 2.952255 3.456610 -0.129247
v 2.594021 1.726601 0.027375
v 2.607093 1.781360 0.019869
v 2.622639 1.761963 0.041790
v 2.599044 1.699045 0.047789
v 2.595210 1.726022 0.001209
v 2.607833 1.782668 -0.003133
v 2.605833 1.720076 -0.016709
v 2.619754 1.768639 -0.011167
v 2.628512 1.737920 -0.020108
v 2.630646 1.763102 -0.013114
v 2.636935 1.719912 -0.003520
v 2.640265 1.762194 -0.006892
v 2.663299 1.700958 0.046302
v 2.638087 1.682176 0.067734
v 2.640598 1.741416 0.046785
v 2.650212 1.753371 0.018747
v 2.569093 1.636821 0.055762
v 2.550646 1.589543 0.060692
v 2.544409 1.601835 0.030969
v 2.563720 1.652874 0.028937
v 2.570748 1.666201 0.001701
v 2.550641 1.613251 -0.001814
v 2.559900 1.624796 -0.019383
v 2.584136 1.673766 -0.021874
v 2.573200 1.623450 -0.023736
v 2.598804 1.671488 -0.025961
v 2.564607 1.603227 -0.006411
v 2.608882 1.660175 -0.010242
v 2.556785 1.590322 0.024513
v 2.608287 1.654942 0.017743
v 2.539650 1.451732 0.029824
v 2.533136 1.438967 0.034845
v 2.538999 1.435680 0.044876
v 2.545142 1.448015 0.039604
v 2.611508 1.673629 0.063010
v 2.622668 1.651218 0.064760
v 2.648299 1.584471 0.056621
v 2.641503 1.582621 0.066736
v 2.649297 1.584870 0.069671
v 2.659235 1.588140 0.059293
v 2.632767 1.687782 0.015081
v 2.640915 1.664354 0.041734
v 2.539840 1.475432 -0.006590
v 2.540114 1.470475 0.003815
v 2.547146 1.482862 0.004520
v 2.546576 1.487269 -0.008169
v 2.592750 1.632567 0.070871
v 2.568907 1.591567 0.078952
v 2.533026 1.439109 0.078916
v 2.526092 1.435953 0.083128
v 2.532426 1.434816 0.092951
v 2.540683 1.439843 0.087373
v 2.565101 1.546702 -0.021835
v 2.565064 1.548936 -0.030093
v 2.557574 1.533404 -0.030113
v 2.558727 1.534390 -0.022380
v 2.518297 1.532727 0.045230
v 2.521459 1.525095 0.060038
v 2.530736 1.537008 0.038257
v 2.536028 1.526776 0.054656
v 2.563381 1.575408 0.054337
v 2.538262 1.553922 0.016858
v 2.533669 1.556230 0.001659
v 2.519754 1.539914 0.017715
v 2.520607 1.546059 0.004604
v 2.528689 1.530795 0.082693
v 2.537535 1.525037 0.095934
v 2.539296 1.528110 0.076718
v 2.545829 1.526203 0.085918
v 2.583050 1.587414 0.071787
v 2.553068 1.583702 -0.026419
v 2.541619 1.581702 -0.024927
v 2.551717 1.578979 -0.014758
v 2.539297 1.572697 -0.014135
v 2.522432 1.468138 0.054447
v 2.516634 1.474715 0.041259
v 2.527929 1.480066 0.036825
v 2.536428 1.474103 0.048161
v 2.532145 1.506631 0.009147
v 2.528299 1.514074 -0.001244
v 2.521594 1.495337 0.010220
v 2.522153 1.499803 -0.000615
v 2.521989 1.463977 0.083818
v 2.532414 1.462639 0.096739
v 2.531859 1.469946 0.079182
v 2.540591 1.470650 0.088152
v 2.556381 1.562824 -0.027762
v 2.543896 1.555743 -0.028735
v 2.558195 1.561282 -0.019794
v 2.543340 1.550341 -0.019790
v 2.644824 1.812072 0.035986
v 2.630744 1.819710 0.035737
v 2.617878 1.825380 0.014962
v 2.616550 1.814978 -0.008360
v 2.623078 1.797124 -0.019907
v 2.638476 1.789145 -0.018387
v 2.650041 1.799305 -0.001777
v 2.655306 1.802111 0.021755
v 2.636067 1.619221 0.065586
v 2.644225 1.623518 0.052348
v 2.660526 1.629680 0.054778
v 2.647793 1.622656 0.071129
v 2.612259 1.630312 0.066900
v 2.613534 1.637483 0.042232
v 2.618833 2.269966 -0.018447
v 2.580926 2.273280 -0.027725
v 2.569540 2.259538 -0.046771
v 2.572805 2.256341 -0.093253
v 2.616311 2.240621 -0.121601
v 2.664170 2.213955 -0.105615
v 2.674041 2.205544 -0.043125
v 2.655011 2.233235 -0.010776
v 2.735527 2.589594 0.113767
v 2.876315 2.070861 -0.126508
v 2.940640 1.939863 -0.158804
v 2.952255 1.937917 -0.137538
v 2.952255 2.066773 -0.122188
v 2.894018 2.063079 0.129759
v 2.914759 1.841922 0.080486
v 2.807581 1.973140 0.076352
v 2.769351 2.002544 0.010979
v 2.760244 2.102351 0.011353
v 2.771110 2.151227 -0.109966
v 2.792071 1.961975 -0.094812
v 2.952255 2.059544 0.134736
v 2.952255 1.872391 0.093030
v 2.952255 1.770724 0.064026
v 2.947244 1.771157 0.064354
v 2.944985 1.785464 -0.158604
v 2.948864 1.705133 -0.044504
v 2.952255 1.721701 -0.038754
v 2.813850 1.861722 0.070685
v 2.773185 1.878936 0.003654
v 2.778501 1.817518 -0.078055
v 2.859252 1.676190 -0.148657
v 2.937662 1.673774 0.066166
v 2.942792 1.671707 -0.155671
v 2.943039 1.678898 -0.034405
v 2.884751 3.210311 0.059966
v 2.909020 3.178934 0.060247
v 2.883811 3.220838 0.017949
v 2.876240 3.232619 0.035384
v 2.930686 3.165185 0.063633
v 2.952255 3.160096 0.071771
v 2.952255 3.154069 0.037956
v 2.930848 3.157930 0.037237
v 2.952255 3.367002 -0.136286
v 2.897311 3.366284 -0.128085
v 2.900638 3.310054 -0.118696
v 2.952255 3.309763 -0.127282
v 2.952255 3.222003 -0.088409
v 2.917828 3.222855 -0.088283
v 2.917101 3.180844 -0.089084
v 2.952255 3.175812 -0.090475
v 2.952255 3.077691 -0.105791
v 2.903684 3.078230 -0.104807
v 2.872303 3.367788 -0.090467
v 2.870772 3.317815 -0.079719
v 2.890245 3.227750 -0.053263
v 2.887326 3.181140 -0.051715
v 2.835869 3.070804 -0.068665
v 2.870683 3.432399 -0.032569
v 2.864354 3.369710 -0.049106
v 2.870964 3.115760 -0.056531
v 2.880686 3.151043 -0.027494
v 2.873319 3.100465 -0.028106
v 2.860387 3.026084 -0.025538
v 2.952255 3.034177 0.034045
v 2.952255 3.133532 -0.093263
v 2.913024 3.124923 -0.090455
v 2.928891 3.081695 0.028107
v 2.952255 3.081634 0.040897
v 2.876415 3.276105 -0.058050
v 2.865276 3.328766 -0.051378
v 2.867763 3.291044 -0.032876
v 2.913826 3.573456 -0.054380
v 2.952255 3.588985 -0.056104
v 2.879912 3.501959 -0.048761
v 2.873832 3.450273 0.002778
v 2.847637 3.358417 -0.015820
v 2.852086 3.376572 -0.011732
v 2.858502 3.372427 -0.002657
v 2.857710 3.354434 -0.004670
v 2.851060 3.309222 -0.001992
v 2.847338 3.335290 -0.012274
v 2.855688 3.333533 0.000312
v 2.857262 3.311171 0.006974
v 2.869912 3.281291 0.025715
v 2.871062 3.264738 0.030181
v 2.878929 3.246176 0.013768
v 2.877550 3.266525 0.012658
v 2.866395 3.361346 0.027712
v 2.867787 3.387502 0.018395
v 2.880603 3.432268 0.042435
v 2.874619 3.383001 0.057393
v 2.870126 3.285380 0.047441
v 2.873337 3.264149 0.047939
v 2.861640 3.317798 0.034673
v 2.862389 3.341883 0.035459
v 2.872192 3.349941 0.064853
v 2.875103 3.321662 0.067355
v 2.865552 3.320538 0.046129
v 2.853740 3.386881 -0.013671
v 2.846301 3.361927 -0.025993
v 2.865959 3.364658 -0.029742
v 2.871686 3.393542 -0.015519
v 2.851942 3.303713 -0.008900
v 2.867230 3.300864 -0.009966
v 2.862580 3.333290 -0.027982
v 2.844112 3.334980 -0.025107
v 2.864765 3.287476 0.013148
v 2.869275 3.288412 0.017021
v 2.873590 3.282298 0.008227
v 2.868820 3.278348 0.001656
v 2.859880 3.283563 0.002258
v 2.863657 3.299063 0.022973
v 2.859570 3.316397 0.024492
v 2.866469 3.295660 0.031061
v 2.859373 3.339169 0.021706
v 2.863323 3.353246 0.017847
v 2.857682 3.387678 -0.000518
v 2.869277 3.397190 0.001950
v 2.868620 3.299497 0.048507
v 2.858264 3.311600 0.016228
v 2.858650 3.301592 0.017924
v 2.856889 3.296776 0.012055
v 2.858686 3.349511 0.009153
v 2.858182 3.331965 0.012084
v 2.861778 3.371707 0.010006
v 2.952255 3.266281 -0.098655
v 2.905235 3.267626 -0.092470
v 2.854709 3.293222 0.005118
v 2.877034 3.295806 0.066879
v 2.858727 3.361868 0.006738
v 2.882556 3.257109 0.067204
v 2.884950 3.235924 0.064697
v 2.876638 3.243657 0.046638
v 2.892896 2.195998 -0.110930
v 2.952255 2.181798 -0.111616
v 2.952255 2.240183 0.166397
v 2.807258 0.993630 -0.047967
v 2.812405 1.108408 -0.022323
v 2.859917 1.069925 0.011270
v 2.856455 0.909977 -0.019940
v 2.795172 0.999551 -0.090574
v 2.797813 1.094406 -0.082591
v 2.791631 0.981533 -0.128636
v 2.790571 1.093025 -0.120201
v 2.840922 0.994440 -0.180515
v 2.842343 1.096884 -0.169438
v 2.921045 1.046524 -0.012698
v 2.922117 0.957795 -0.054302
v 2.897870 1.094055 -0.163099
v 2.900969 0.992241 -0.169085
v 2.853294 0.023447 0.115663
v 2.875027 0.023307 0.123492
v 2.875714 0.000000 0.121910
v 2.855615 0.002537 0.114476
v 2.828453 0.019828 0.079760
v 2.839587 0.020784 0.089761
v 2.840812 0.000443 0.086990
v 2.829454 0.000650 0.074850
v 2.846015 0.039939 -0.098324
v 2.850853 0.136426 -0.137925
v 2.861012 0.171481 -0.112888
v 2.870886 0.172631 -0.097733
v 2.881740 0.078202 -0.191242
v 2.882142 0.152428 -0.176597
v 2.881342 0.000000 0.130045
v 2.882393 0.040929 0.133022
v 2.905888 0.041807 0.135796
v 2.908594 0.000000 0.129507
v 2.921578 0.080036 -0.184978
v 2.931330 0.127294 -0.137245
v 2.941361 0.198008 -0.138914
v 2.919078 0.152184 -0.173686
v 2.918080 0.153469 -0.031139
v 2.931893 0.186929 -0.088586
v 2.899370 0.378239 -0.081387
v 2.868134 0.361929 -0.096166
v 2.846379 0.517050 -0.095518
v 2.885449 0.528122 -0.075383
v 2.858620 0.342935 -0.115177
v 2.832028 0.511471 -0.120772
v 2.857872 0.322711 -0.136429
v 2.823594 0.508778 -0.146291
v 2.882308 0.321674 -0.178971
v 2.856908 0.552603 -0.200466
v 2.906084 0.519236 -0.101716
v 2.919111 0.315883 -0.103583
v 2.915553 0.313279 -0.172330
v 2.924969 0.304330 -0.139623
v 2.923828 0.538446 -0.139204
v 2.924769 0.553254 -0.182860
v 2.899969 0.157484 -0.035673
v 2.868611 0.150905 -0.039128
v 2.878783 0.189274 -0.081763
v 2.906603 0.187186 -0.079505
v 2.849297 1.158497 0.031791
v 2.812601 1.166507 0.020755
v 2.780018 1.208706 -0.054548
v 2.786064 1.210200 -0.120511
v 2.834854 1.192408 -0.156828
v 2.931946 1.151916 0.017517
v 2.926222 1.185439 -0.147981
v 2.946826 1.212305 -0.113274
v 2.863251 0.828948 -0.037107
v 2.815854 0.815981 -0.066083
v 2.795105 0.820936 -0.102302
v 2.783635 0.816023 -0.136737
v 2.824637 0.813871 -0.222595
v 2.899556 0.825994 -0.068913
v 2.936653 0.816937 -0.201179
v 2.921513 0.809299 -0.103913
v 2.848079 0.052696 0.044156
v 2.852928 0.082277 0.007216
v 2.868033 0.099002 0.008775
v 2.866539 0.056257 0.067139
v 2.834075 0.052234 0.020437
v 2.840294 0.077005 -0.011077
v 2.819412 0.043970 -0.000361
v 2.818714 0.002531 0.011056
v 2.822005 0.000000 -0.034458
v 2.820371 0.042676 -0.027612
v 2.920889 0.003666 0.004542
v 2.920155 0.000000 0.059263
v 2.917579 0.065388 0.063158
v 2.916060 0.074778 0.030543
v 2.889877 0.062420 0.068169
v 2.893290 0.103605 0.015085
v 2.880532 0.000000 -0.185674
v 2.922332 0.000000 -0.179494
v 2.853816 0.000000 -0.144619
v 2.836024 0.000643 -0.083763
v 2.917238 0.045221 -0.063741
v 2.925266 -0.000636 -0.135589
v 2.825800 0.677307 -0.084487
v 2.869016 0.689164 -0.059763
v 2.810703 0.663457 -0.114750
v 2.801524 0.643801 -0.149867
v 2.831258 0.679146 -0.226706
v 2.899920 0.678850 -0.086437
v 2.925860 0.662461 -0.117669
v 2.933961 0.666305 -0.202101
v 2.843511 1.365441 0.070025
v 2.775909 1.406167 0.051453
v 2.776321 1.575732 0.075290
v 2.866450 1.639074 0.083239
v 2.743413 1.392882 -0.013182
v 2.735097 1.573372 0.004032
v 2.759048 1.376333 -0.105842
v 2.753385 1.577364 -0.096526
v 2.785569 1.373709 -0.164114
v 2.926190 1.308033 0.022868
v 2.919695 1.380292 -0.159923
v 2.946151 1.369902 -0.050548
v 2.948125 1.541174 -0.045057
v 2.806728 1.718893 0.076953
v 2.757851 1.716539 0.004837
v 2.771032 1.675613 -0.094655
v 2.846246 1.652201 -0.137565
v 2.931827 1.616711 0.066009
v 2.943866 1.613221 -0.036848
v 2.936451 1.649810 -0.137297
v 2.885482 0.000000 0.072301
v 2.869827 0.000000 0.036331
v 2.864639 0.000000 0.062905
v 2.882813 0.020880 0.089363
v 2.882174 0.050177 0.101817
v 2.916365 0.014682 0.086425
v 2.913722 0.047456 0.103946
v 2.839348 0.001825 0.094209
v 2.838229 0.020183 0.098730
v 2.852736 0.018274 0.105872
v 2.854416 0.001542 0.103212
v 2.834321 0.001858 0.056494
v 2.823432 0.002070 0.051895
v 2.821385 0.019020 0.054595
v 2.831545 0.021436 0.060025
v 2.877887 0.021401 0.094067
v 2.860454 0.021743 0.083689
v 2.879658 0.054147 0.095184
v 2.860655 0.052065 0.089777
v 2.847416 0.010541 0.062632
v 2.848641 0.001544 0.040570
v 2.835094 0.001787 0.026068
v 2.834701 0.010158 0.049314
v 2.845778 0.045260 0.069789
v 2.832929 0.043231 0.056830
v 2.846675 0.050350 0.071259
v 2.859256 0.051693 0.088291
v 2.849519 0.027970 0.062896
v 2.819296 0.036743 0.030724
v 2.832349 0.038210 0.047137
v 2.818652 0.008827 0.027490
v 2.831746 0.012482 0.042291
v 2.847859 0.001519 0.018305
v 2.850091 -0.001161 -0.007639
v 2.887777 0.000000 0.012951
v 2.888462 3.377598 0.086328
v 2.888269 3.349976 0.098349
v 2.894547 3.271709 0.092203
v 2.898457 3.245798 0.090932
v 2.929039 3.341536 0.115393
v 2.911260 3.380992 0.098991
v 2.952255 3.380993 0.123962
v 2.952255 3.357318 0.137475
v 2.889806 3.313716 0.097255
v 2.907264 3.275762 0.109564
v 2.920548 3.322769 0.116187
v 2.899607 3.486836 0.059974
v 2.892942 3.389258 0.090937
v 2.952255 3.296047 0.145984
v 2.913753 3.509958 0.081792
v 2.907818 3.412513 0.110055
v 2.952255 3.513266 0.087289
v 2.952255 3.406597 0.121473
v 2.898275 3.192608 0.084991
v 2.938433 3.169593 0.133403
v 2.925630 3.171541 0.088579
v 2.952255 3.169454 0.134522
v 2.952255 3.161499 0.093480
v 2.900793 3.221651 0.094825
v 2.936628 3.199700 0.139340
v 2.952255 3.200130 0.140980
v 2.952255 3.328634 0.156284
v 2.946236 3.328298 0.155546
v 2.946156 3.357175 0.136504
v 2.937120 3.312012 0.129967
v 2.941446 3.360128 0.117543
v 2.937727 3.234387 0.141582
v 2.938067 3.299787 0.136207
v 2.941201 3.379714 0.107054
v 2.946047 3.381968 0.123131
v 2.921721 3.291916 0.125180
v 2.952255 3.245604 0.138573
v 2.952255 3.233710 0.143216
v 2.952255 3.272230 0.147541
v 2.932254 3.270721 0.136642
v 2.939025 3.247296 0.136183
v 2.918988 3.248781 0.119605
v 2.952255 3.284812 0.143642
v 2.936427 3.219402 0.130671
v 2.952255 3.218577 0.131466
v 2.922821 3.248089 0.114748
v 2.940504 3.252136 0.126126
v 2.934024 3.244368 0.116097
v 2.952255 3.245210 0.124294
v 2.952255 3.250298 0.127095
v 2.924858 3.256048 0.126411
v 2.930004 3.246830 0.115299
v 2.929615 3.239752 0.134522
v 2.931766 3.247735 0.131756
v 2.933440 3.252148 0.125141
v 2.924406 3.243657 0.124388
v 2.926616 3.247447 0.125838
v 2.929303 3.250513 0.122839
v 2.929681 3.220488 0.126236
v 2.942673 3.275220 0.148864
v 2.943555 3.284743 0.143681
v 2.946640 3.296574 0.144781
v 2.917489 3.229975 0.118331
v 2.917573 3.206940 0.113944
v 2.916323 3.179577 0.109534
v 2.952255 3.255502 0.137818
v 2.945018 3.256213 0.135850
v 2.934009 3.256004 0.129395
v 2.927834 3.252112 0.123518
v 2.941731 3.407551 0.120298
v 2.909631 3.240036 0.107279
v 2.934624 3.574959 0.045051
v 2.933852 3.513441 0.085448
v 2.926497 2.713113 0.170809
v 2.889915 2.710276 0.175238
v 2.730123 2.609324 0.142502
v 2.692223 2.693132 0.114311
v 2.823302 2.609763 0.195487
v 2.669355 2.767722 0.058115
v 2.768720 2.814970 0.097009
v 2.868225 2.815365 0.123677
v 2.696948 2.749740 0.100203
v 2.712915 2.733456 0.138956
v 2.815978 2.760117 0.166615
v 2.762919 2.768431 0.144929
v 2.799442 2.632710 0.205077
v 2.703955 2.688191 0.147070
v 2.730198 2.632431 0.169239
v 2.841711 2.706070 0.192932
v 2.782454 2.699260 0.202391
v 2.736973 2.669061 0.191223
v 2.727452 2.692195 0.182604
v 2.767487 2.670881 0.205973
v 2.754159 2.724368 0.183216
v 2.772530 2.717674 0.192119
v 2.735868 2.713342 0.180763
v 2.751524 2.697908 0.200536
v 2.772477 2.574258 0.144820
v 2.760777 2.595046 0.163800
v 2.753355 2.622227 0.183178
v 2.749641 2.665195 0.198420
v 2.884748 2.619700 0.182747
v 2.856190 2.635931 0.199376
v 2.824602 2.652671 0.206444
v 2.775891 2.681727 0.207216
v 2.670968 2.665646 0.039524
v 2.703691 2.562469 0.060578
v 2.705887 2.633968 0.097158
v 2.704634 2.642888 0.125986
v 2.712021 2.654151 0.157237
v 2.730027 2.678375 0.186397
v 2.683824 2.612455 0.050957
v 2.952255 2.598025 0.188793
v 2.805635 2.571889 0.164584
v 2.792330 2.595209 0.182142
v 2.777100 2.623084 0.195653
v 2.759157 2.665728 0.202787
v 2.833647 2.460278 0.158989
v 2.952255 2.675067 0.184582
v 2.913705 2.668652 0.184097
v 2.882920 2.671440 0.194337
v 2.843740 2.676473 0.204120
v 2.780805 2.689796 0.205565
v 2.887112 2.540341 0.197308
v 2.924530 0.000000 0.025546
v 2.620227 2.410553 -0.149609
v 2.593241 2.435648 -0.019907
v 2.569247 2.413246 -0.071784
v 2.667105 2.401166 -0.040960
v 2.684100 2.370888 -0.125011
v 2.623270 2.428689 -0.012738
v 2.651454 2.421019 -0.014723
v 2.578074 2.421134 -0.114929
v 2.952255 2.406143 0.164401
v 2.873337 2.403249 0.162492
v 2.811056 2.400480 0.104407
v 2.887568 2.996609 0.037145
v 2.887853 3.035658 0.020042
v 2.886953 3.102967 0.005649
v 2.882429 3.152022 -0.003165
v 2.879058 3.204174 -0.010860
v 2.870810 3.261715 -0.022221
v 2.935669 2.969784 0.057236
v 2.925058 3.006501 0.044984
v 2.920923 3.041828 0.036396
v 2.904320 3.114699 0.024756
v 2.892064 3.161248 0.017394
v 2.910260 3.182726 0.025374
v 2.875134 3.235379 -0.015453
v 2.875014 3.242310 0.007399
v 2.879629 3.216223 0.011624
v 2.933299 3.038466 0.029346
v 2.939473 2.985885 0.041071
v 2.887139 3.066162 0.012822
v 2.913574 3.078886 0.029812
v 2.816694 1.745880 -0.134089
v 2.834429 1.975854 -0.148438
v 2.902630 1.795400 -0.162422
v 2.830793 1.834144 -0.147982
v 2.803320 2.063540 -0.135007
v 2.642880 2.633259 -0.016753
v 2.686030 2.556998 -0.157694
v 2.612071 2.642021 -0.017290
v 2.547934 2.627030 -0.113246
v 2.664133 2.591587 -0.034979
v 2.548877 2.629658 -0.068620
v 2.626083 2.579225 -0.175104
v 2.577151 2.651900 -0.026274
v 2.828817 2.049203 0.081553
v 2.913674 1.948511 0.093062
v 2.952255 1.937567 0.097869
v 2.823739 2.027473 0.074021
v 2.839940 2.075888 0.096548
v 2.921450 1.873019 0.091836
v 2.789239 2.115357 0.085155
v 2.797483 2.056348 0.069278
v 2.830677 2.118264 0.096864
v 2.952255 1.721285 -0.131523
v 2.856602 2.417732 0.128864
v 2.649243 2.281214 -0.125156
v 2.617918 2.294501 -0.132017
v 2.617099 2.330797 -0.144966
v 2.662760 2.308393 -0.137490
v 2.661954 2.328228 -0.125517
v 2.610695 2.351712 -0.140647
v 2.610319 2.295631 -0.119524
v 2.610690 2.721838 0.000108
v 2.766954 2.979748 -0.010695
v 2.696018 2.961201 -0.020594
v 2.679461 2.865389 0.009971
v 2.734279 2.925860 0.001129
v 2.591280 2.765650 -0.173114
v 2.679099 2.877955 -0.174295
v 2.746591 2.949394 -0.159721
v 2.857878 2.896971 -0.198138
v 2.809943 2.793632 -0.206228
v 2.792344 2.718359 -0.208980
v 2.829362 2.911965 -0.187587
v 2.695845 2.985124 -0.058645
v 2.696273 2.981158 -0.123505
v 2.952255 2.960422 -0.151176
v 2.569777 2.610258 -0.164330
v 2.620572 2.712057 -0.178492
v 2.703085 2.810390 -0.199052
v 2.761301 2.846245 -0.201921
v 2.592076 2.661981 -0.160956
v 2.568749 2.485216 -0.126751
v 2.621181 1.807264 -0.013881
v 2.633409 1.776938 -0.013200
v 2.643867 1.789879 -0.016486
v 2.620533 1.782465 -0.012810
v 2.617558 1.790429 -0.009246
v 2.642645 1.773899 -0.012829
v 2.628703 1.822247 -0.023174
v 2.639527 1.817243 -0.024300
v 2.603102 2.325650 -0.030250
v 2.586287 2.421676 -0.058477
v 2.570654 2.458652 -0.081863
v 2.643478 2.772813 0.021249
v 2.811379 2.635594 -0.201662
v 2.765727 2.649774 -0.195415
v 2.644727 1.779626 0.032722
v 2.627940 1.787895 0.038724
v 2.652356 1.772767 0.017172
v 2.580945 2.320962 -0.092785
v 2.602925 2.333630 -0.113856
v 2.589052 2.307964 -0.105581
v 2.599899 2.359896 -0.130169
v 2.599264 2.412713 -0.141180
v 2.588918 2.460131 -0.147867
v 2.676908 2.429936 -0.131086
v 2.662734 2.393778 -0.143024
v 2.658465 2.480923 -0.156006
v 2.548284 2.557544 -0.118486
v 2.859718 1.012179 0.002213
v 2.892915 1.068307 0.010621
v 2.861639 1.108549 0.013568
v 2.829522 1.068784 0.007396
v 2.850602 1.015424 0.002937
v 2.870077 1.014294 0.002524
v 2.826842 1.106487 0.007074
v 2.897219 1.103432 0.012057
v 2.862811 1.123935 0.009035
v 2.820898 1.122851 -0.001584
v 2.904299 1.118586 0.006718
v 2.859977 1.038001 0.005514
v 2.837676 1.039884 0.002283
v 2.829949 0.990816 -0.006211
v 2.883580 1.037875 0.006926
v 2.894053 0.984619 -0.007323
v 2.827146 1.018671 -0.003985
v 2.901592 1.013893 -0.007098
v 2.928855 1.104139 -0.010519
v 2.944290 1.216402 -0.027163
v 2.949388 1.144265 -0.046483
v 2.906610 1.133781 0.025767
v 2.929948 0.125336 -0.102965
v 2.803167 0.950680 -0.093820
v 2.814883 0.919835 -0.055333
v 2.820347 0.954417 -0.170868
v 2.852268 0.978145 -0.006215
v 2.862906 0.977410 -0.000452
v 2.870568 0.908958 -0.019200
v 2.854363 0.934303 -0.015872
v 2.867786 0.933610 -0.014434
v 2.805283 1.559294 -0.151623
v 2.792788 1.275305 -0.155399
v 2.948590 1.582891 -0.125214
v 2.781328 1.379840 -0.137748
v 2.790213 1.571939 -0.129825
v 2.945028 1.382417 -0.124110
v 2.926407 1.571082 -0.151811
v 2.904204 1.283988 -0.159624
v 2.783623 1.309451 -0.134151
v 2.940823 1.313458 -0.128028
v 2.784362 0.919658 -0.128435
v 2.787779 0.966627 -0.158175
v 2.789185 0.925041 -0.162226
v 2.812187 0.916327 -0.181104
v 2.859412 0.193004 -0.137997
v 2.834755 0.513381 -0.170697
v 2.863836 0.320298 -0.158763
v 2.806099 0.649610 -0.179955
v 2.790607 0.814933 -0.168628
v 2.783507 0.961277 -0.126197
v 2.791009 1.199807 -0.149570
v 2.792760 0.989762 -0.148131
v 2.796797 1.098645 -0.142849
v 2.791633 1.013779 -0.128443
v 2.795592 1.014790 -0.144306
v 2.942329 1.119036 -0.138790
v 2.940058 1.044026 -0.093397
v 2.940411 1.039870 -0.124695
v 2.813913 1.061594 -0.025893
v 2.799530 1.158328 -0.013928
v 2.830776 1.966073 0.078446
v 2.844885 1.832202 0.078221
v 2.926004 1.371660 0.014363
v 2.850349 1.738597 0.076298
v 2.832412 0.934482 -0.034962
v 2.840793 0.956778 -0.016246
v 2.895860 0.932674 -0.030333
v 2.881359 0.958940 -0.010873
v 2.819838 1.618728 0.084637
v 2.876753 1.405569 0.071495
v 2.847755 1.513553 0.091304
v 2.889257 1.538268 0.084309
v 2.903565 1.441993 0.057126
v 2.874274 1.306748 0.065140
v 2.909911 1.291039 0.056607
v 2.945776 1.232657 -0.072864
v 2.938635 1.611403 0.015130
v 2.940747 1.679019 0.025574
v 2.945854 1.536973 0.014344
v 2.883577 1.188264 -0.161070
v 2.949933 1.463483 -0.064922
v 2.939706 1.456336 -0.006839
v 2.925903 1.451696 0.035531
v 2.925581 1.539947 0.066207
v 2.948145 1.131637 -0.098633
v 2.947176 1.140473 -0.075295
v 2.949214 1.057427 -0.060631
v 2.794596 1.259161 0.013788
v 2.835947 1.228143 0.031858
v 2.882894 1.210259 0.036278
v 2.919014 1.203566 0.028092
v 2.790776 1.295118 0.034949
v 2.833246 1.263317 0.050165
v 2.879885 1.244849 0.054867
v 2.916490 1.235910 0.048084
v 2.936920 1.002680 -0.050388
v 2.935862 0.947469 -0.102315
v 2.941911 1.720232 0.064619
v 2.888372 1.795057 0.080706
v 2.894309 1.625780 0.082548
v 2.906080 1.694012 0.075232
v 2.913649 1.761635 0.078732
v 2.778902 1.868494 0.050507
v 2.771463 1.718731 0.048941
v 2.774877 1.991817 0.057617
v 2.745428 1.543579 0.046536
v 2.778929 2.053622 0.064693
v 2.779945 1.794254 0.047605
v 2.946747 1.724617 -0.159658
v 2.881612 1.731423 -0.160190
v 2.824300 1.790090 -0.141364
v 2.850442 0.127733 -0.116607
v 2.861071 0.140502 -0.156992
v 2.889871 0.377105 -0.076838
v 2.845843 0.825779 -0.033090
v 2.862254 0.696532 -0.050089
v 2.875446 0.525899 -0.069072
v 2.922977 0.308027 -0.112234
v 2.910056 0.670667 -0.093814
v 2.914589 0.807470 -0.082333
v 2.912578 0.518525 -0.109303
v 2.855555 0.053035 -0.136542
v 2.852122 1.392658 -0.172320
v 2.844695 1.277664 -0.164489
v 2.861081 1.560072 -0.164185
v 2.820933 1.628476 -0.141141
v 2.802745 1.632637 -0.118958
v 2.864619 1.627548 -0.148849
v 2.804676 1.666652 -0.114507
v 2.926573 1.631430 -0.143441
v 2.944863 1.636994 -0.126279
v 2.944474 1.647944 -0.092160
v 2.952255 2.473752 0.185535
v 2.899461 2.469090 0.183595
v 2.866076 2.470895 0.183176
v 2.952255 2.149863 0.153821
v 2.887573 2.151487 0.145396
v 2.926877 3.202917 0.128103
v 2.927660 3.172938 0.122967
v 2.932529 3.282338 0.136748
v 2.925940 3.277355 0.129604
v 2.945548 3.339279 0.147575
v 2.952255 3.339850 0.148044
v 2.937723 3.306701 0.141682
v 2.942594 3.297976 0.141685
v 2.938416 3.315972 0.136454
v 2.940563 3.322031 0.128008
v 2.943323 3.323174 0.147389
v 2.942115 3.324197 0.133833
v 2.940158 3.311371 0.149608
v 2.941138 3.318758 0.148217
v 2.945744 3.321074 0.154327
v 2.952255 3.322963 0.160099
v 2.946290 3.322827 0.159372
v 2.952255 3.303796 0.154799
v 2.944628 3.313242 0.157134
v 2.952255 3.314612 0.161663
v 2.946751 3.314620 0.161116
v 2.947074 3.304735 0.154186
v 2.940922 3.305260 0.146313
v 2.940993 3.341079 0.122883
v 2.691891 2.670316 -0.140172
v 2.698950 2.659250 -0.138914
v 2.670985 2.676245 -0.028909
v 2.656912 2.739732 -0.001846
v 2.619424 2.865589 -0.017421
v 2.606218 2.889837 -0.070555
v 2.602532 2.888541 -0.123264
v 2.685433 2.752040 -0.191661
v 2.702391 2.728680 -0.185996
v 2.649073 2.756231 0.018821
v 2.633671 2.824925 0.004115
v 2.636944 2.831362 -0.179647
v 2.666229 2.779498 -0.195121
v 2.672424 2.791747 0.041725
v 3.058731 0.045260 0.069789
v 3.058731 0.045260 0.069789
v 3.071581 0.043231 0.056830
v 3.071581 0.043231 0.056830
v 2.995607 3.522166 -0.094011
v 2.995607 3.522166 -0.094011
v 2.952255 3.530510 -0.097277
v 3.351442 1.583702 -0.026419
v 3.351442 1.583702 -0.026419
v 3.352793 1.578979 -0.014758
v 3.352793 1.578979 -0.014758
v 3.052567 3.303713 -0.008900
v 3.060397 3.334980 -0.025107
v 3.060397 3.334980 -0.025107
v 3.019758 3.210311 0.059966
v 3.028269 3.232619 0.035384
v 3.028269 3.232619 0.035384
v 3.267574 1.719912 -0.003520
v 3.267574 1.719912 -0.003520
v 3.295627 1.660175 -0.010242
v 3.273864 1.763102 -0.013114
v 3.273864 1.763102 -0.013114
v 3.273864 1.763102 -0.013114
v 3.264244 1.762194 -0.006892
v 3.264244 1.762194 -0.006892
v 3.072964 0.021436 0.060025
v 3.072964 0.021436 0.060025
v 3.072160 0.038210 0.047137
v 3.249527 1.919196 -0.021490
v 3.040852 3.299063 0.022973
v 3.038040 3.295660 0.031061
v 2.952255 2.066773 -0.122188
v 2.952255 2.066773 -0.122188
v 3.076057 0.019828 0.079760
v 3.076057 0.019828 0.079760
v 3.064922 0.020784 0.089761
v 3.064922 0.020784 0.089761
v 2.998621 0.041807 0.135796
v 2.998621 0.041807 0.135796
v 2.990787 0.047456 0.103946
v 3.104867 2.590648 -0.180619
v 3.041930 3.333290 -0.027982
v 3.041930 3.333290 -0.027982
v 3.033546 3.115760 -0.056531
v 3.033546 3.115760 -0.056531
v 3.033546 3.115760 -0.056531
v 2.991485 3.124923 -0.090455
v 2.991485 3.124923 -0.090455
v 3.289038 2.044546 0.014575
v 3.301424 2.159913 0.009680
v 3.033447 3.264738 0.030181
v 3.365213 1.528110 0.076718
v 3.365213 1.528110 0.076718
v 3.372651 1.469946 0.079182
v 3.083124 0.019020 0.054595
v 3.083124 0.019020 0.054595
v 3.023167 0.000000 0.130045
v 3.023167 0.000000 0.130045
v 2.995915 0.000000 0.129507
v 2.995915 0.000000 0.129507
v 3.263594 1.664354 0.041734
v 3.263594 1.664354 0.041734
v 3.263594 1.664354 0.041734
v 3.263594 1.664354 0.041734
v 3.260284 1.623518 0.052348
v 3.081078 0.002070 0.051895
v 3.081078 0.002070 0.051895
v 3.044629 3.283563 0.002258
v 3.044629 3.283563 0.002258
v 3.044629 3.283563 0.002258
v 2.967882 3.199700 0.139340
v 2.967882 3.199700 0.139340
v 2.967882 3.199700 0.139340
v 2.952255 3.200130 0.140980
v 3.321460 1.587414 0.071787
v 3.292250 1.630312 0.066900
v 3.051215 0.023447 0.115663
v 3.051215 0.023447 0.115663
v 3.029482 0.023307 0.123492
v 3.029482 0.023307 0.123492
v 3.000602 2.493669 -0.155827
v 3.019028 0.000000 0.072301
v 3.019028 0.000000 0.072301
v 3.019028 0.000000 0.072301
v 3.019028 0.000000 0.072301
v 3.026623 0.021401 0.094067
v 3.026623 0.021401 0.094067
v 3.021696 0.020880 0.089363
v 3.021696 0.020880 0.089363
v 3.070188 0.001858 0.056494
v 3.070188 0.001858 0.056494
v 3.039744 3.287476 0.013148
v 3.035234 3.288412 0.017021
v 3.035234 3.288412 0.017021
v 3.231046 2.278207 -0.052843
v 3.230468 2.205543 -0.043125
v 3.161097 1.392882 -0.013182
v 3.161097 1.392882 -0.013182
v 3.057093 0.010541 0.062632
v 3.057093 0.010541 0.062632
v 3.069809 0.010158 0.049314
v 3.069809 0.010158 0.049314
v 3.362891 1.581702 -0.024927
v 3.362891 1.581702 -0.024927
v 3.360613 1.555743 -0.028735
v 3.360613 1.555743 -0.028735
v 3.375821 1.530795 0.082693
v 3.375821 1.530795 0.082693
v 3.382521 1.463977 0.083818
v 3.022769 0.078202 -0.191242
v 3.022769 0.078202 -0.191242
v 3.022769 0.078202 -0.191242
v 2.982931 0.080036 -0.184978
v 2.982931 0.080036 -0.184978
v 3.003871 3.310054 -0.118696
v 3.003871 3.310054 -0.118696
v 2.999274 3.267626 -0.092470
v 2.999274 3.267626 -0.092470
v 3.353868 1.613251 -0.001814
v 3.353868 1.613251 -0.001814
v 3.339902 1.603227 -0.006411
v 3.339902 1.603227 -0.006411
v 3.339902 1.603227 -0.006411
v 3.339902 1.603227 -0.006411
v 3.023977 0.000000 -0.185674
v 3.023977 0.000000 -0.185674
v 3.050693 0.000000 -0.144619
v 3.358681 1.526203 0.085918
v 3.358681 1.526203 0.085918
v 3.085098 0.043970 -0.000361
v 3.084138 0.042676 -0.027612
v 3.084138 0.042676 -0.027612
v 3.020244 3.020390 -0.137835
v 3.108815 2.214934 0.075500
v 3.142412 2.211112 0.015736
v 3.142412 2.211112 0.015736
v 3.142412 2.211112 0.015736
v 3.051773 0.018274 0.105872
v 3.051773 0.018274 0.105872
v 3.050094 0.001542 0.103212
v 3.050094 0.001542 0.103212
v 3.002335 3.449646 -0.118374
v 3.002335 3.449646 -0.118374
v 3.007198 3.366284 -0.128085
v 3.066281 0.020183 0.098730
v 3.066281 0.020183 0.098730
v 3.057834 0.050350 0.071259
v 3.057834 0.050350 0.071259
v 3.079873 0.813871 -0.222595
v 3.073251 0.679146 -0.226706
v 3.383051 1.525095 0.060038
v 3.383051 1.525095 0.060038
v 3.382078 1.468138 0.054447
v 3.043497 0.171481 -0.112888
v 3.043497 0.171481 -0.112888
v 3.043497 0.171481 -0.112888
v 3.046637 0.322711 -0.136429
v 3.335417 1.636821 0.055762
v 3.353863 1.589543 0.060692
v 3.353863 1.589543 0.060692
v 3.353863 1.589543 0.060692
v 3.260090 2.027787 0.002940
v 3.253127 1.929989 0.003643
v 3.045254 0.051693 0.088291
v 3.045254 0.051693 0.088291
v 3.085795 0.002531 0.011056
v 3.082504 0.000000 -0.034458
v 3.091120 2.319789 0.095963
v 3.091120 2.319789 0.095963
v 3.121528 2.318470 0.018748
v 3.121528 2.318470 0.018748
v 3.036722 3.387502 0.018395
v 3.042731 3.371707 0.010006
v 3.372364 1.506631 0.009147
v 3.372364 1.506631 0.009147
v 3.376211 1.514074 -0.001244
v 3.376211 1.514074 -0.001244
v 3.151125 1.577364 -0.096526
v 3.133477 1.675613 -0.094655
v 3.133477 1.675613 -0.094655
v 2.952255 3.456610 -0.129247
v 3.039871 0.000000 0.062905
v 3.039871 0.000000 0.062905
v 3.039871 0.000000 0.062905
v 3.044055 0.021743 0.083689
v 3.044055 0.021743 0.083689
v 3.044055 0.021743 0.083689
v 3.044055 0.021743 0.083689
v 3.044055 0.021743 0.083689
v 3.365510 1.435680 0.044876
v 3.365510 1.435680 0.044876
v 3.024852 0.054147 0.095184
v 3.024852 0.054147 0.095184
v 3.043854 0.052065 0.089777
v 3.043854 0.052065 0.089777
v 3.365213 1.572697 -0.014135
v 3.365213 1.572697 -0.014135
v 2.952255 1.770724 0.064026
v 2.952255 1.770724 0.064026
v 2.952255 1.721701 -0.038754
v 2.952255 1.721701 -0.038754
v 2.952255 1.721701 -0.038754
v 3.016567 2.377678 -0.118876
v 3.014632 0.062420 0.068169
v 3.014632 0.062420 0.068169
v 3.014632 0.062420 0.068169
v 3.366247 1.553922 0.016858
v 3.366247 1.553922 0.016858
v 3.072764 0.012482 0.042291
v 3.072764 0.012482 0.042291
v 3.386212 1.532727 0.045230
v 3.386212 1.532727 0.045230
v 3.053450 3.309222 -0.001992
v 3.049800 3.293222 0.005118
v 3.049800 3.293222 0.005118
v 2.982392 0.957795 -0.054302
v 2.982392 0.957795 -0.054302
v 3.004953 0.825994 -0.068913
v 3.326708 2.323688 -0.039131
v 3.323583 2.273280 -0.027725
v 3.293002 1.673629 0.063010
v 3.311759 1.632567 0.070871
v 2.990756 3.509958 0.081792
v 2.990756 3.509958 0.081792
v 2.996691 3.412513 0.110055
v 2.996691 3.412513 0.110055
v 3.226198 2.307457 -0.101742
v 3.240339 2.213955 -0.105615
v 3.240339 2.213955 -0.105615
v 3.022117 0.040929 0.133022
v 3.022117 0.040929 0.133022
v 2.982177 0.000000 -0.179494
v 2.982177 0.000000 -0.179494
v 3.050769 3.386881 -0.013671
v 3.050769 3.386881 -0.013671
v 3.058208 3.361927 -0.025993
v 3.058208 3.361927 -0.025993
v 3.266422 1.682176 0.067734
v 3.266422 1.682176 0.067734
v 3.263912 1.741416 0.046785
v 3.263912 1.741416 0.046785
v 3.263912 1.741416 0.046785
v 2.987409 3.180844 -0.089084
v 3.069416 0.001787 0.026068
v 3.069416 0.001787 0.026068
v 3.046828 3.387678 -0.000518
v 3.046828 3.387678 -0.000518
v 3.217505 2.600977 -0.153482
v 3.217505 2.600977 -0.153482
v 3.202119 2.728680 -0.185996
v 3.070434 0.052234 0.020437
v 3.070434 0.052234 0.020437
v 3.241210 1.700958 0.046302
v 3.241210 1.700958 0.046302
v 3.254297 1.753371 0.018747
v 3.254297 1.753371 0.018747
v 3.254297 1.753371 0.018747
v 3.263006 1.582621 0.066736
v 3.263006 1.582621 0.066736
v 3.268442 1.619221 0.065586
v 3.370840 1.556230 0.001659
v 3.370840 1.556230 0.001659
v 3.132871 2.447890 -0.084434
v 3.105105 2.377693 -0.072173
v 2.988145 0.014682 0.086425
v 2.988145 0.014682 0.086425
v 3.346315 1.561282 -0.019794
v 3.037279 3.300864 -0.009966
v 3.035690 3.278348 0.001656
v 3.035690 3.278348 0.001656
v 3.035690 3.278348 0.001656
v 3.364859 1.451732 0.029824
v 3.364859 1.451732 0.029824
v 3.359368 1.448015 0.039604
v 3.359368 1.448015 0.039604
v 3.064215 0.077005 -0.011077
v 3.065161 0.001825 0.094209
v 3.065161 0.001825 0.094209
v 2.952255 3.309763 -0.127282
v 3.383902 1.546059 0.004604
v 3.383902 1.546059 0.004604
v 3.382356 1.499803 -0.000615
v 3.382356 1.499803 -0.000615
v 2.972616 0.186929 -0.088586
v 2.972616 0.186929 -0.088586
v 2.997907 0.187186 -0.079505
v 2.997907 0.187186 -0.079505
v 3.017184 3.181140 -0.051715
v 3.269278 1.941807 0.016147
v 3.056872 3.358417 -0.015820
v 3.298861 2.046680 -0.071791
v 3.307090 2.203476 -0.107790
v 3.360100 1.601835 0.030969
v 3.360100 1.601835 0.030969
v 3.360100 1.601835 0.030969
v 3.026588 3.471881 -0.069237
v 3.024597 3.501959 -0.048761
v 3.006234 3.192608 0.084991
v 3.346935 1.533404 -0.030113
v 3.346935 1.533404 -0.030113
v 3.345782 1.534390 -0.022380
v 3.345782 1.534390 -0.022380
v 3.331309 1.623450 -0.023736
v 3.331309 1.623450 -0.023736
v 3.305706 1.671488 -0.025961
v 3.046799 3.354434 -0.004670
v 3.139668 2.451677 0.091747
v 3.139668 2.451677 0.091747
v 3.168982 2.589594 0.113767
v 3.168982 2.589594 0.113767
v 3.168982 2.589594 0.113767
v 2.952255 1.937917 -0.137538
v 2.952255 1.937917 -0.137538
v 2.952255 1.937917 -0.137538
v 3.257458 2.037730 -0.061960
v 3.248865 2.148420 -0.089413
v 3.080915 0.508778 -0.146291
v 3.102985 0.643801 -0.149867
v 2.961717 1.671707 -0.155671
v 2.961717 1.671707 -0.155671
v 2.968058 1.649810 -0.137297
v 2.968058 1.649810 -0.137297
v 2.968058 1.649810 -0.137297
v 2.968058 1.649810 -0.137297
v 3.296222 1.654942 0.017743
v 3.271742 1.687782 0.015081
v 3.271742 1.687782 0.015081
v 3.271742 1.687782 0.015081
v 3.033623 0.172631 -0.097733
v 3.033623 0.172631 -0.097733
v 3.068641 3.070804 -0.068665
v 3.068641 3.070804 -0.068665
v 3.000825 3.078230 -0.104807
v 3.361170 1.550341 -0.019790
v 3.361170 1.550341 -0.019790
v 3.371484 1.439109 0.078916
v 3.371484 1.439109 0.078916
v 3.378418 1.435953 0.083128
v 3.378418 1.435953 0.083128
v 3.045859 3.301592 0.017924
v 3.045859 3.301592 0.017924
v 3.047620 3.296776 0.012055
v 3.011251 2.292324 -0.095421
v 3.046246 3.311600 0.016228
v 3.288199 2.240620 -0.121601
v 3.288199 2.240620 -0.121601
v 3.384755 1.539914 0.017715
v 3.384755 1.539914 0.017715
v 3.028796 0.000000 0.121910
v 3.028796 0.000000 0.121910
v 3.048894 0.002537 0.114476
v 3.048894 0.002537 0.114476
v 3.021185 2.239895 0.154788
v 3.021185 2.239895 0.154788
v 2.952255 2.240183 0.166397
v 3.062166 1.096884 -0.169438
v 3.017406 3.523138 -0.009817
v 3.025726 0.189274 -0.081763
v 3.025726 0.189274 -0.081763
v 3.025726 0.189274 -0.081763
v 3.044122 3.026084 -0.025538
v 3.085857 0.008827 0.027490
v 3.085857 0.008827 0.027490
v 3.133400 2.151227 -0.109966
v 3.133400 2.151227 -0.109966
v 3.112438 1.961975 -0.094812
v 3.120874 0.816023 -0.136737
v 2.952255 3.266281 -0.098655
v 3.104743 2.280326 -0.073536
v 3.104743 2.280326 -0.073536
v 3.314422 2.053861 0.011058
v 3.288639 1.952402 0.018834
v 3.085213 0.036743 0.030724
v 3.212618 2.670316 -0.140172
v 3.212618 2.670316 -0.140172
v 3.235064 2.694638 -0.044830
v 3.020699 3.220838 0.017949
v 3.020699 3.220838 0.017949
v 3.020699 3.220838 0.017949
v 2.986682 3.222855 -0.088283
v 2.986682 3.222855 -0.088283
v 3.014264 3.227750 -0.053263
v 3.382915 1.495337 0.010220
v 3.382915 1.495337 0.010220
v 2.991230 3.592526 -0.004465
v 2.991230 3.592526 -0.004465
v 2.991230 3.592526 -0.004465
v 2.990683 3.573456 -0.054380
v 2.990683 3.573456 -0.054380
v 3.328853 2.161447 -0.002600
v 3.144266 2.102351 0.011353
v 3.037970 0.056257 0.067139
v 3.037970 0.056257 0.067139
v 2.952255 2.906853 -0.170864
v 2.952255 2.825936 -0.190577
v 3.097781 1.718893 0.076953
v 3.016047 3.377598 0.086328
v 3.016047 3.377598 0.086328
v 3.011567 3.389258 0.090937
v 2.979740 0.553254 -0.182860
v 2.970549 0.666305 -0.202101
v 3.145462 1.376333 -0.105842
v 2.966076 3.169593 0.133403
v 2.966076 3.169593 0.133403
v 3.363827 1.439843 0.087373
v 3.363827 1.439843 0.087373
v 2.985431 0.152184 -0.173686
v 2.988956 0.313279 -0.172330
v 2.988956 0.313279 -0.172330
v 3.348129 1.562824 -0.027762
v 3.281842 1.651218 0.064760
v 3.281842 1.651218 0.064760
v 3.281842 1.651218 0.064760
v 3.281842 1.651218 0.064760
v 2.952255 2.615580 -0.170867
v 2.952255 2.745353 -0.185626
v 3.335602 1.591567 0.078952
v 3.366975 1.525037 0.095934
v 3.366975 1.525037 0.095934
v 2.955645 1.705133 -0.044504
v 3.026959 3.266525 0.012658
v 3.030920 3.282298 0.008227
v 3.030920 3.282298 0.008227
v 3.058263 1.652201 -0.137565
v 3.058263 1.652201 -0.137565
v 3.058263 1.652201 -0.137565
v 3.058494 0.039939 -0.098324
v 3.058494 0.039939 -0.098324
v 2.984354 0.000000 0.059263
v 2.984354 0.000000 0.059263
v 3.340789 1.652874 0.028937
v 3.030366 3.431830 -0.080159
v 3.056431 0.052696 0.044156
v 3.056431 0.052696 0.044156
v 3.247116 2.019465 -0.031881
v 3.055869 0.001544 0.040570
v 3.055869 0.001544 0.040570
v 3.255212 1.584870 0.069671
v 3.255212 1.584870 0.069671
v 3.245274 1.588140 0.059293
v 3.245274 1.588140 0.059293
v 3.309299 1.726022 0.001209
v 3.022335 0.050177 0.101817
v 2.952255 2.969790 0.057008
v 2.952255 2.969790 0.057008
v 2.952255 2.978567 0.038015
v 2.952255 2.978567 0.038015
v 2.966847 1.673774 0.066166
v 2.972682 1.616711 0.066009
v 3.057171 3.335290 -0.012274
v 3.256210 1.584471 0.056621
v 3.256210 1.584471 0.056621
v 3.364395 1.470475 0.003815
v 3.364395 1.470475 0.003815
v 3.357364 1.482862 0.004520
v 3.357364 1.482862 0.004520
v 3.032207 3.367788 -0.090467
v 3.240000 2.121230 -0.034610
v 3.341128 1.575408 0.054337
v 3.341128 1.575408 0.054337
v 2.952255 3.608000 -0.002313
v 3.297417 1.781360 0.019869
v 3.286631 1.825380 0.014962
v 3.108213 3.034144 -0.093182
v 3.108213 3.034144 -0.093182
v 2.983620 0.003666 0.004542
v 2.987271 0.045221 -0.063741
v 2.987271 0.045221 -0.063741
v 2.952255 3.154069 0.037956
v 2.952255 3.154069 0.037956
v 2.952255 3.081634 0.040897
v 3.003540 0.992241 -0.169085
v 3.003540 0.992241 -0.169085
v 2.967856 0.816937 -0.201179
v 3.252689 2.304954 -0.022544
v 3.249498 2.233234 -0.010776
v 3.364669 1.475432 -0.006590
v 3.364669 1.475432 -0.006590
v 3.357934 1.487269 -0.008169
v 3.357934 1.487269 -0.008169
v 3.281215 1.924878 -0.038734
v 3.372083 1.434816 0.092951
v 3.372083 1.434816 0.092951
v 3.068486 0.000643 -0.083763
v 3.068486 0.000643 -0.083763
v 3.376581 1.480066 0.036825
v 3.169413 1.573372 0.004032
v 3.063698 0.000443 0.086990
v 3.063698 0.000443 0.086990
v 3.172017 2.611445 -0.140379
v 3.035899 0.150905 -0.039128
v 3.035899 0.150905 -0.039128
v 3.118999 2.220787 -0.091437
v 3.321231 2.057011 -0.045815
v 3.294764 1.938928 -0.024794
v 3.035233 3.397190 0.001950
v 3.035233 3.397190 0.001950
v 3.347724 1.590322 0.024513
v 3.347724 1.590322 0.024513
v 3.347724 1.590322 0.024513
v 3.373773 1.537008 0.038257
v 3.373773 1.537008 0.038257
v 3.338340 2.185006 -0.077514
v 3.331705 2.256341 -0.093253
v 3.331705 2.256341 -0.093253
v 3.032823 3.393542 -0.015519
v 3.032823 3.393542 -0.015519
v 2.989887 3.568711 0.042944
v 2.989887 3.568711 0.042944
v 3.128600 1.406167 0.051453
v 3.128188 1.575732 0.075290
v 3.045257 1.676190 -0.148657
v 3.016240 3.349976 0.098349
v 3.330489 2.059561 -0.013489
v 3.302549 1.955041 0.000339
v 2.979540 0.304330 -0.139623
v 3.345467 2.774625 -0.029580
v 3.345467 2.774625 -0.029580
v 3.262379 1.923077 -0.035478
v 3.262379 1.923077 -0.035478
v 3.339445 1.548936 -0.030093
v 3.339445 1.548936 -0.030093
v 2.986429 0.153469 -0.031139
v 3.339408 1.546702 -0.021835
v 3.339408 1.546702 -0.021835
v 3.255437 2.756231 0.018821
v 3.255437 2.756231 0.018821
v 3.255437 2.756231 0.018821
v 3.274174 2.710388 -0.000011
v 3.022201 0.321674 -0.178971
v 3.047602 0.552603 -0.200466
v 3.054990 0.027970 0.062896
v 3.054990 0.027970 0.062896
v 3.038550 3.364658 -0.029742
v 3.038550 3.364658 -0.029742
v 3.371374 1.438967 0.034845
v 3.371374 1.438967 0.034845
v 3.387876 1.474715 0.041259
v 2.952255 3.034177 0.034045
v 2.952255 3.034177 0.034045
v 3.310488 1.726601 0.027375
v 2.988450 0.074778 0.030543
v 2.952255 2.485765 -0.140762
v 2.952255 3.588985 -0.056104
v 3.258441 2.132724 -0.001483
v 3.247598 2.739732 -0.001846
v 3.247598 2.739732 -0.001846
v 3.247598 2.739732 -0.001846
v 3.033738 3.317815 -0.079719
v 3.243983 1.629680 0.054778
v 3.126008 1.817518 -0.078055
v 3.368482 1.526776 0.054656
v 3.368482 1.526776 0.054656
v 3.026024 2.331349 0.139086
v 3.026024 2.331349 0.139086
v 3.026024 2.331349 0.139086
v 2.989751 1.841922 0.080486
v 2.989751 1.841922 0.080486
v 2.957265 1.771157 0.064354
v 2.957265 1.771157 0.064354
v 2.957265 1.771157 0.064354
v 2.952255 3.169454 0.134522
v 3.258562 2.679618 -0.012173
v 3.258562 2.679618 -0.012173
v 2.979243 -0.000636 -0.135589
v 2.963149 0.198008 -0.138914
v 3.055212 1.158497 0.031791
v 3.091909 1.166507 0.020755
v 3.091909 1.166507 0.020755
v 3.353422 2.788771 -0.120538
v 3.301977 2.888541 -0.123264
v 3.281870 1.761963 0.041790
v 3.281870 1.761963 0.041790
v 2.986930 0.065388 0.063158
v 3.368082 1.474103 0.048161
v 3.022367 0.152428 -0.176597
v 2.963869 1.939863 -0.158804
v 2.959524 1.785464 -0.158604
v 3.348727 2.172704 -0.031325
v 3.334969 2.259537 -0.046772
v 3.075055 0.000650 0.074850
v 3.075055 0.000650 0.074850
v 3.256717 1.622656 0.071129
v 3.048822 3.333533 0.000312
v 3.372095 1.462639 0.096739
v 2.973661 3.157930 0.037237
v 2.973661 3.157930 0.037237
v 3.344609 1.624796 -0.019383
v 3.305466 1.699045 0.047789
v 3.063587 0.994440 -0.180515
v 3.296677 1.782668 -0.003133
v 2.993249 3.380992 0.098991
v 3.266014 2.647911 -0.169920
v 3.266014 2.647911 -0.169920
v 3.006640 1.094055 -0.163099
v 3.273766 1.819710 0.035737
v 3.287959 1.814978 -0.008360
v 3.285085 2.865590 -0.017421
v 3.025581 3.246176 0.013768
v 3.320374 1.673766 -0.021874
v 3.014704 3.313716 0.097255
v 3.249204 1.802111 0.021755
v 3.363918 1.470650 0.088152
v 3.284756 1.768639 -0.011167
v 3.284756 1.768639 -0.011167
v 3.259685 1.812072 0.035986
v 3.076425 2.973535 0.009162
v 3.042715 2.988272 0.001571
v 3.042715 2.988272 0.001571
v 2.952255 2.327752 0.142499
v 3.332655 2.327434 -0.060226
v 3.275997 1.737920 -0.020108
v 3.048054 0.909977 -0.019940
v 3.041259 0.828948 -0.037107
v 3.041259 0.828948 -0.037107
v 3.298676 1.720076 -0.016709
v 3.159469 2.995608 -0.124576
v 2.963308 3.379714 0.107054
v 2.963308 3.379714 0.107054
v 2.963308 3.379714 0.107054
v 2.958463 3.381968 0.123131
v 2.958463 3.381968 0.123131
v 2.958463 3.381968 0.123131
v 2.952255 3.380993 0.123962
v 2.958353 3.357175 0.136504
v 2.966783 3.234387 0.141582
v 2.966783 3.234387 0.141582
v 2.952255 3.233710 0.143216
v 2.952255 3.245604 0.138573
v 2.965485 3.247296 0.136183
v 2.968083 3.219402 0.130671
v 2.968083 3.219402 0.130671
v 2.968083 3.219402 0.130671
v 2.952255 3.218577 0.131466
v 2.985522 3.248781 0.119605
v 2.985522 3.248781 0.119605
v 2.985522 3.248781 0.119605
v 2.981688 3.248089 0.114748
v 2.972255 3.270721 0.136642
v 2.979651 3.256048 0.126411
v 2.974895 3.239752 0.134522
v 2.972743 3.247735 0.131756
v 2.980104 3.243657 0.124388
v 2.977893 3.247447 0.125838
v 2.977893 3.247447 0.125838
v 2.952255 3.272230 0.147541
v 2.961836 3.275220 0.148864
v 2.961836 3.275220 0.148864
v 2.952255 3.284812 0.143642
v 2.960954 3.284743 0.143681
v 2.960954 3.284743 0.143681
v 2.957869 3.296574 0.144781
v 2.957869 3.296574 0.144781
v 2.957869 3.296574 0.144781
v 2.988187 3.179577 0.109534
v 2.963064 3.360128 0.117543
v 2.962779 3.407551 0.120298
v 2.962779 3.407551 0.120298
v 2.962779 3.407551 0.120298
v 2.952255 3.406597 0.121473
v 2.969885 3.574959 0.045051
v 2.952255 3.581208 0.046812
v 2.970657 3.513441 0.085448
v 2.952255 3.513266 0.087289
v 3.241056 2.769730 0.041716
v 3.241056 2.769730 0.041716
v 3.241056 2.769730 0.041716
v 3.235154 2.767722 0.058115
v 3.235154 2.767722 0.058115
v 3.207562 2.749740 0.100203
v 3.191594 2.733456 0.138956
v 3.132033 2.574258 0.144820
v 3.062437 2.589367 0.177605
v 3.019762 2.619700 0.182747
v 3.198623 2.633968 0.097158
v 3.220686 2.612455 0.050957
v 3.098874 2.571889 0.164584
v 3.098874 2.571889 0.164584
v 3.045467 2.516947 0.189432
v 3.045467 2.516947 0.189432
v 3.070863 2.460278 0.158989
v 2.990805 2.668652 0.184097
v 3.021590 2.671440 0.194337
v 3.017397 2.540341 0.197308
v 2.952255 2.540776 0.196790
v 2.979980 0.000000 0.025546
v 3.280895 2.494597 -0.164614
v 3.284282 2.410553 -0.149609
v 3.330702 2.561337 -0.018991
v 3.311268 2.435648 -0.019907
v 3.237405 2.401167 -0.040960
v 3.241676 2.531297 -0.041589
v 3.220409 2.370888 -0.125011
v 3.253056 2.421019 -0.014723
v 3.258289 2.542414 -0.020188
v 3.031173 2.403249 0.162492
v 3.093454 2.400480 0.104407
v 3.093454 2.400480 0.104407
v 3.016942 2.996609 0.037145
v 3.016942 2.996609 0.037145
v 3.016656 3.035658 0.020042
v 3.017556 3.102967 0.005649
v 3.022080 3.152022 -0.003165
v 3.025451 3.204174 -0.010860
v 2.968840 2.969784 0.057236
v 2.968840 2.969784 0.057236
v 2.979452 3.006501 0.044984
v 2.983587 3.041828 0.036396
v 3.000190 3.114699 0.024756
v 3.012445 3.161248 0.017394
v 2.994250 3.182726 0.025374
v 3.029495 3.242310 0.007399
v 3.024880 3.216223 0.011624
v 3.024880 3.216223 0.011624
v 2.971210 3.038466 0.029346
v 2.971210 3.038466 0.029346
v 2.965037 2.985885 0.041071
v 2.965037 2.985885 0.041071
v 2.975618 3.081695 0.028107
v 3.017371 3.066162 0.012822
v 2.990936 3.078886 0.029812
v 2.990936 3.078886 0.029812
v 3.087816 1.745880 -0.134089
v 3.070080 1.975854 -0.148438
v 3.073717 1.834144 -0.147982
v 3.101190 2.063540 -0.135007
v 3.261630 2.633260 -0.016753
v 3.218480 2.556998 -0.157694
v 3.218480 2.556998 -0.157694
v 3.219984 2.474165 -0.138382
v 3.356576 2.627030 -0.113246
v 3.356576 2.627030 -0.113246
v 3.240377 2.591587 -0.034979
v 3.278427 2.579225 -0.175104
v 3.327359 2.651900 -0.026274
v 3.327359 2.651900 -0.026274
v 3.355632 2.629658 -0.068620
v 3.010492 2.063079 0.129759
v 2.990836 1.948511 0.093062
v 2.990836 1.948511 0.093062
v 3.075693 2.049203 0.081553
v 3.080771 2.027473 0.074021
v 2.983059 1.873019 0.091836
v 2.983059 1.873019 0.091836
v 2.952255 1.872391 0.093030
v 2.952255 1.937567 0.097869
v 3.115270 2.115357 0.085155
v 3.115270 2.115357 0.085155
v 3.107026 2.056348 0.069278
v 2.952255 1.721285 -0.131523
v 3.047907 2.417732 0.128864
v 3.047907 2.417732 0.128864
v 3.286591 2.294501 -0.132017
v 3.255266 2.281213 -0.125156
v 3.287410 2.330797 -0.144966
v 3.287410 2.330797 -0.144966
v 3.241749 2.308393 -0.137490
v 3.241749 2.308393 -0.137490
v 3.242555 2.328227 -0.125517
v 3.242555 2.328227 -0.125517
v 3.293814 2.351712 -0.140647
v 3.293814 2.351712 -0.140647
v 3.293814 2.351712 -0.140647
v 3.294190 2.295631 -0.119524
v 3.293820 2.721838 0.000108
v 3.137555 2.979748 -0.010695
v 3.251282 2.908482 -0.016252
v 3.208491 2.961201 -0.020594
v 3.208491 2.961201 -0.020594
v 3.267565 2.831362 -0.179647
v 3.260965 2.931528 -0.066375
v 3.208664 2.985124 -0.058645
v 3.208664 2.985124 -0.058645
v 3.208664 2.985124 -0.058645
v 3.208236 2.981158 -0.123505
v 3.208236 2.981158 -0.123505
v 3.259009 2.937061 -0.123342
v 3.333687 2.548567 -0.159567
v 3.334732 2.610258 -0.164330
v 3.312434 2.661982 -0.160957
v 3.312434 2.661982 -0.160957
v 3.326435 2.421134 -0.114929
v 3.326435 2.421134 -0.114929
v 3.326435 2.421134 -0.114929
v 3.335761 2.485216 -0.126751
v 3.271101 1.776938 -0.013200
v 3.283976 1.782465 -0.012810
v 3.283976 1.782465 -0.012810
v 3.283976 1.782465 -0.012810
v 3.281431 1.797124 -0.019907
v 3.286951 1.790429 -0.009246
v 3.260643 1.789879 -0.016486
v 3.261864 1.773899 -0.012829
v 3.275806 1.822247 -0.023174
v 3.264982 1.817243 -0.024300
v 3.301408 2.325650 -0.030250
v 3.335263 2.413246 -0.071784
v 3.335263 2.413246 -0.071784
v 3.318223 2.421676 -0.058477
v 3.333856 2.458653 -0.081863
v 3.261031 2.772813 0.021249
v 3.261031 2.772813 0.021249
v 3.232086 2.791747 0.041725
v 3.232086 2.791747 0.041725
v 3.093130 2.635594 -0.201662
v 3.138782 2.649774 -0.195415
v 3.259782 1.779626 0.032722
v 3.259782 1.779626 0.032722
v 3.259782 1.779626 0.032722
v 3.276569 1.787896 0.038724
v 3.276569 1.787896 0.038724
v 3.252153 1.772767 0.017172
v 3.252153 1.772767 0.017172
v 3.323564 2.320962 -0.092785
v 3.301584 2.333629 -0.113856
v 3.304610 2.359896 -0.130169
v 3.304610 2.359896 -0.130169
v 3.305246 2.412713 -0.141180
v 3.315592 2.460131 -0.147867
v 3.227602 2.429936 -0.131086
v 3.241776 2.393778 -0.143024
v 3.246045 2.480923 -0.156006
v 3.356226 2.557544 -0.118486
v 3.074987 1.068784 0.007396
v 3.077668 1.106487 0.007074
v 3.077668 1.106487 0.007074
v 3.042870 1.108549 0.013568
v 3.007291 1.103432 0.012057
v 3.007291 1.103432 0.012057
v 3.011595 1.068307 0.010621
v 3.083611 1.122851 -0.001584
v 3.083611 1.122851 -0.001584
v 3.083611 1.122851 -0.001584
v 3.000210 1.118586 0.006718
v 3.000210 1.118586 0.006718
v 3.000210 1.118586 0.006718
v 3.041698 1.123935 0.009035
v 3.066834 1.039884 0.002283
v 3.074561 0.990816 -0.006211
v 3.077364 1.018671 -0.003985
v 3.010456 0.984619 -0.007323
v 2.975654 1.104139 -0.010519
v 2.975654 1.104139 -0.010519
v 2.972564 1.151916 0.017517
v 2.972564 1.151916 0.017517
v 2.997900 1.133781 0.025767
v 2.997900 1.133781 0.025767
v 3.033942 0.908958 -0.019200
v 3.036724 0.933610 -0.014434
v 3.118940 1.373709 -0.164114
v 3.111721 1.275305 -0.155399
v 2.978287 1.185439 -0.147981
v 3.000305 1.283988 -0.159624
v 2.984815 1.380292 -0.159923
v 2.959481 1.382417 -0.124110
v 2.963686 1.313458 -0.128028
v 2.957684 1.212305 -0.113274
v 2.955919 1.582891 -0.125214
v 2.978103 1.571082 -0.151811
v 3.099227 1.559294 -0.151623
v 3.120147 0.919658 -0.128435
v 3.116731 0.966627 -0.158175
v 3.116731 0.966627 -0.158175
v 3.115324 0.925041 -0.162227
v 3.115324 0.925041 -0.162227
v 3.045097 0.193004 -0.137997
v 3.045097 0.193004 -0.137997
v 3.053656 0.136426 -0.137925
v 3.053656 0.136426 -0.137925
v 3.069754 0.513381 -0.170697
v 3.040674 0.320298 -0.158763
v 3.121002 0.961277 -0.126197
v 3.121002 0.961277 -0.126197
v 3.113500 1.199807 -0.149570
v 3.107712 1.098645 -0.142849
v 3.111749 0.989762 -0.148131
v 3.108917 1.014790 -0.144306
v 2.962181 1.119036 -0.138790
v 2.964098 1.039870 -0.124695
v 3.056755 1.513553 0.091304
v 3.027756 1.405569 0.071495
v 3.027756 1.405569 0.071495
v 2.978505 1.371660 0.014363
v 2.994598 1.291039 0.056607
v 2.978606 1.451696 0.035531
v 2.978929 1.539947 0.066207
v 2.955295 1.057427 -0.060631
v 3.109913 1.259161 0.013788
v 3.109913 1.259161 0.013788
v 2.985496 1.203566 0.028092
v 2.985496 1.203566 0.028092
v 2.985496 1.203566 0.028092
v 3.068562 1.228143 0.031858
v 3.021615 1.210259 0.036278
v 3.113733 1.295118 0.034949
v 3.113733 1.295118 0.034949
v 2.988019 1.235910 0.048084
v 2.988019 1.235910 0.048084
v 3.071263 1.263317 0.050165
v 3.024625 1.244849 0.054867
v 2.967590 1.002680 -0.050388
v 2.968647 0.947469 -0.102315
v 2.968647 0.947469 -0.102315
v 2.962598 1.720232 0.064619
v 3.125608 1.868494 0.050507
v 3.129632 1.991817 0.057617
v 3.159081 1.543579 0.046536
v 3.133046 1.718731 0.048941
v 3.125580 2.053622 0.064693
v 3.125580 2.053622 0.064693
v 3.124565 1.794254 0.047605
v 3.072097 0.934482 -0.034962
v 2.957762 1.724617 -0.159658
v 3.080210 1.790090 -0.141364
v 3.054067 0.127733 -0.116607
v 3.054067 0.127733 -0.116607
v 3.014638 0.377105 -0.076838
v 3.029063 0.525899 -0.069072
v 3.042255 0.696532 -0.050089
v 3.058666 0.825779 -0.033090
v 2.989920 0.807470 -0.082333
v 2.994453 0.670667 -0.093814
v 3.083577 1.628476 -0.141141
v 3.099833 1.666652 -0.114507
v 2.977937 1.631430 -0.143441
v 2.959646 1.636994 -0.126279
v 2.959646 1.636994 -0.126279
v 2.960035 1.647944 -0.092160
v 3.038433 2.470895 0.183176
v 3.038433 2.470895 0.183176
v 3.016937 2.151487 0.145396
v 2.976850 3.172938 0.122967
v 2.958273 3.328298 0.155546
v 2.958962 3.339279 0.147575
v 2.966443 3.299787 0.136207
v 2.966443 3.299787 0.136207
v 2.966787 3.306701 0.141682
v 2.961915 3.297976 0.141685
v 2.967390 3.312012 0.129967
v 2.967390 3.312012 0.129967
v 2.966094 3.315972 0.136454
v 2.963946 3.322031 0.128008
v 2.963946 3.322031 0.128008
v 2.961186 3.323174 0.147389
v 2.962394 3.324197 0.133833
v 2.964352 3.311371 0.149608
v 2.958219 3.322827 0.159372
v 2.958219 3.322827 0.159372
v 2.952255 3.322963 0.160099
v 2.957759 3.314620 0.161116
v 2.957759 3.314620 0.161116
v 2.952255 3.314612 0.161663
v 2.959881 3.313242 0.157134
v 2.959881 3.313242 0.157134
v 2.952255 3.296047 0.145984
v 2.957435 3.304735 0.154186
v 2.963517 3.341079 0.122883
v 3.205559 2.659250 -0.138914
v 3.241929 2.740125 0.019197
v 2.845778 0.045260 0.069789
v 2.845778 0.045260 0.069789
v 2.832929 0.043231 0.056830
v 2.832929 0.043231 0.056830
v 2.908902 3.522166 -0.094011
v 2.908902 3.522166 -0.094011
v 2.553068 1.583702 -0.026419
v 2.553068 1.583702 -0.026419
v 2.551717 1.578979 -0.014758
v 2.551717 1.578979 -0.014758
v 2.851942 3.303713 -0.008900
v 2.844112 3.334980 -0.025107
v 2.844112 3.334980 -0.025107
v 2.884751 3.210311 0.059966
v 2.876240 3.232619 0.035384
v 2.876240 3.232619 0.035384
v 2.636935 1.719912 -0.003520
v 2.636935 1.719912 -0.003520
v 2.608882 1.660175 -0.010242
v 2.630646 1.763102 -0.013114
v 2.630646 1.763102 -0.013114
v 2.630646 1.763102 -0.013114
v 2.640265 1.762194 -0.006892
v 2.640265 1.762194 -0.006892
v 2.831545 0.021436 0.060025
v 2.831545 0.021436 0.060025
v 2.832349 0.038210 0.047137
v 2.654982 1.919196 -0.021490
v 2.863657 3.299063 0.022973
v 2.866469 3.295660 0.031061
v 2.828453 0.019828 0.079760
v 2.828453 0.019828 0.079760
v 2.839587 0.020784 0.089761
v 2.839587 0.020784 0.089761
v 2.905888 0.041807 0.135796
v 2.905888 0.041807 0.135796
v 2.913722 0.047456 0.103946
v 2.799643 2.590648 -0.180619
v 2.862580 3.333290 -0.027982
v 2.862580 3.333290 -0.027982
v 2.870964 3.115760 -0.056531
v 2.870964 3.115760 -0.056531
v 2.870964 3.115760 -0.056531
v 2.913024 3.124923 -0.090455
v 2.913024 3.124923 -0.090455
v 2.615471 2.044546 0.014575
v 2.603085 2.159913 0.009680
v 2.871062 3.264738 0.030181
v 2.539296 1.528110 0.076718
v 2.539296 1.528110 0.076718
v 2.531859 1.469946 0.079182
v 2.821385 0.019020 0.054595
v 2.821385 0.019020 0.054595
v 2.881342 0.000000 0.130045
v 2.881342 0.000000 0.130045
v 2.908594 0.000000 0.129507
v 2.908594 0.000000 0.129507
v 2.640915 1.664354 0.041734
v 2.640915 1.664354 0.041734
v 2.640915 1.664354 0.041734
v 2.640915 1.664354 0.041734
v 2.644225 1.623518 0.052348
v 2.823432 0.002070 0.051895
v 2.823432 0.002070 0.051895
v 2.859880 3.283563 0.002258
v 2.859880 3.283563 0.002258
v 2.859880 3.283563 0.002258
v 2.936628 3.199700 0.139340
v 2.936628 3.199700 0.139340
v 2.936628 3.199700 0.139340
v 2.583050 1.587414 0.071787
v 2.612259 1.630312 0.066900
v 2.853294 0.023447 0.115663
v 2.853294 0.023447 0.115663
v 2.875027 0.023307 0.123492
v 2.875027 0.023307 0.123492
v 2.903908 2.493669 -0.155827
v 2.885482 0.000000 0.072301
v 2.885482 0.000000 0.072301
v 2.885482 0.000000 0.072301
v 2.885482 0.000000 0.072301
v 2.877887 0.021401 0.094067
v 2.877887 0.021401 0.094067
v 2.882813 0.020880 0.089363
v 2.882813 0.020880 0.089363
v 2.834321 0.001858 0.056494
v 2.834321 0.001858 0.056494
v 2.864765 3.287476 0.013148
v 2.869275 3.288412 0.017021
v 2.869275 3.288412 0.017021
v 2.673463 2.278207 -0.052843
v 2.674041 2.205544 -0.043125
v 2.743413 1.392882 -0.013182
v 2.743413 1.392882 -0.013182
v 2.847416 0.010541 0.062632
v 2.847416 0.010541 0.062632
v 2.834701 0.010158 0.049314
v 2.834701 0.010158 0.049314
v 2.541619 1.581702 -0.024927
v 2.541619 1.581702 -0.024927
v 2.543896 1.555743 -0.028735
v 2.543896 1.555743 -0.028735
v 2.528689 1.530795 0.082693
v 2.528689 1.530795 0.082693
v 2.521989 1.463977 0.083818
v 2.881740 0.078202 -0.191242
v 2.881740 0.078202 -0.191242
v 2.881740 0.078202 -0.191242
v 2.921578 0.080036 -0.184978
v 2.921578 0.080036 -0.184978
v 2.900638 3.310054 -0.118696
v 2.900638 3.310054 -0.118696
v 2.905235 3.267626 -0.092470
v 2.905235 3.267626 -0.092470
v 2.550641 1.613251 -0.001814
v 2.550641 1.613251 -0.001814
v 2.564607 1.603227 -0.006411
v 2.564607 1.603227 -0.006411
v 2.564607 1.603227 -0.006411
v 2.564607 1.603227 -0.006411
v 2.880532 0.000000 -0.185674
v 2.880532 0.000000 -0.185674
v 2.853816 0.000000 -0.144619
v 2.545829 1.526203 0.085918
v 2.545829 1.526203 0.085918
v 2.819412 0.043970 -0.000361
v 2.820371 0.042676 -0.027612
v 2.820371 0.042676 -0.027612
v 2.884265 3.020390 -0.137835
v 2.795694 2.214934 0.075500
v 2.762097 2.211112 0.015736
v 2.762097 2.211112 0.015736
v 2.762097 2.211112 0.015736
v 2.852736 0.018274 0.105872
v 2.852736 0.018274 0.105872
v 2.854416 0.001542 0.103212
v 2.854416 0.001542 0.103212
v 2.902175 3.449646 -0.118374
v 2.902175 3.449646 -0.118374
v 2.897311 3.366284 -0.128085
v 2.838229 0.020183 0.098730
v 2.838229 0.020183 0.098730
v 2.846675 0.050350 0.071259
v 2.846675 0.050350 0.071259
v 2.824637 0.813871 -0.222595
v 2.831258 0.679146 -0.226706
v 2.521459 1.525095 0.060038
v 2.521459 1.525095 0.060038
v 2.522432 1.468138 0.054447
v 2.861012 0.171481 -0.112888
v 2.861012 0.171481 -0.112888
v 2.861012 0.171481 -0.112888
v 2.857872 0.322711 -0.136429
v 2.569093 1.636821 0.055762
v 2.550646 1.589543 0.060692
v 2.550646 1.589543 0.060692
v 2.550646 1.589543 0.060692
v 2.644420 2.027787 0.002940
v 2.651382 1.929989 0.003643
v 2.859256 0.051693 0.088291
v 2.859256 0.051693 0.088291
v 2.818714 0.002531 0.011056
v 2.822005 0.000000 -0.034458
v 2.813389 2.319789 0.095963
v 2.813389 2.319789 0.095963
v 2.782981 2.318470 0.018748
v 2.782981 2.318470 0.018748
v 2.867787 3.387502 0.018395
v 2.861778 3.371707 0.010006
v 2.532145 1.506631 0.009147
v 2.532145 1.506631 0.009147
v 2.528299 1.514074 -0.001244
v 2.528299 1.514074 -0.001244
v 2.753385 1.577364 -0.096526
v 2.771032 1.675613 -0.094655
v 2.771032 1.675613 -0.094655
v 2.864639 0.000000 0.062905
v 2.864639 0.000000 0.062905
v 2.864639 0.000000 0.062905
v 2.860454 0.021743 0.083689
v 2.860454 0.021743 0.083689
v 2.860454 0.021743 0.083689
v 2.860454 0.021743 0.083689
v 2.860454 0.021743 0.083689
v 2.538999 1.435680 0.044876
v 2.538999 1.435680 0.044876
v 2.879658 0.054147 0.095184
v 2.879658 0.054147 0.095184
v 2.860655 0.052065 0.089777
v 2.860655 0.052065 0.089777
v 2.539297 1.572697 -0.014135
v 2.539297 1.572697 -0.014135
v 2.887942 2.377678 -0.118876
v 2.889877 0.062420 0.068169
v 2.889877 0.062420 0.068169
v 2.889877 0.062420 0.068169
v 2.538262 1.553922 0.016858
v 2.538262 1.553922 0.016858
v 2.831746 0.012482 0.042291
v 2.831746 0.012482 0.042291
v 2.518297 1.532727 0.045230
v 2.518297 1.532727 0.045230
v 2.851060 3.309222 -0.001992
v 2.854709 3.293222 0.005118
v 2.854709 3.293222 0.005118
v 2.922117 0.957795 -0.054302
v 2.922117 0.957795 -0.054302
v 2.899556 0.825994 -0.068913
v 2.577801 2.323688 -0.039131
v 2.580926 2.273280 -0.027725
v 2.611508 1.673629 0.063010
v 2.592750 1.632567 0.070871
v 2.913753 3.509958 0.081792
v 2.913753 3.509958 0.081792
v 2.907818 3.412513 0.110055
v 2.907818 3.412513 0.110055
v 2.678311 2.307457 -0.101742
v 2.664170 2.213955 -0.105615
v 2.664170 2.213955 -0.105615
v 2.882393 0.040929 0.133022
v 2.882393 0.040929 0.133022
v 2.922332 0.000000 -0.179494
v 2.922332 0.000000 -0.179494
v 2.853740 3.386881 -0.013671
v 2.853740 3.386881 -0.013671
v 2.846301 3.361927 -0.025993
v 2.846301 3.361927 -0.025993
v 2.638087 1.682176 0.067734
v 2.638087 1.682176 0.067734
v 2.640598 1.741416 0.046785
v 2.640598 1.741416 0.046785
v 2.640598 1.741416 0.046785
v 2.917101 3.180844 -0.089084
v 2.835094 0.001787 0.026068
v 2.835094 0.001787 0.026068
v 2.857682 3.387678 -0.000518
v 2.857682 3.387678 -0.000518
v 2.687005 2.600977 -0.153482
v 2.687005 2.600977 -0.153482
v 2.702391 2.728680 -0.185996
v 2.834075 0.052234 0.020437
v 2.834075 0.052234 0.020437
v 2.663299 1.700958 0.046302
v 2.663299 1.700958 0.046302
v 2.650212 1.753371 0.018747
v 2.650212 1.753371 0.018747
v 2.650212 1.753371 0.018747
v 2.641503 1.582621 0.066736
v 2.641503 1.582621 0.066736
v 2.636067 1.619221 0.065586
v 2.533669 1.556230 0.001659
v 2.533669 1.556230 0.001659
v 2.771638 2.447890 -0.084434
v 2.799405 2.377693 -0.072173
v 2.916365 0.014682 0.086425
v 2.916365 0.014682 0.086425
v 2.558195 1.561282 -0.019794
v 2.867230 3.300864 -0.009966
v 2.868820 3.278348 0.001656
v 2.868820 3.278348 0.001656
v 2.868820 3.278348 0.001656
v 2.539650 1.451732 0.029824
v 2.539650 1.451732 0.029824
v 2.545142 1.448015 0.039604
v 2.545142 1.448015 0.039604
v 2.840294 0.077005 -0.011077
v 2.839348 0.001825 0.094209
v 2.839348 0.001825 0.094209
v 2.520607 1.546059 0.004604
v 2.520607 1.546059 0.004604
v 2.522153 1.499803 -0.000615
v 2.522153 1.499803 -0.000615
v 2.931893 0.186929 -0.088586
v 2.931893 0.186929 -0.088586
v 2.906603 0.187186 -0.079505
v 2.906603 0.187186 -0.079505
v 2.887326 3.181140 -0.051715
v 2.635231 1.941807 0.016147
v 2.847637 3.358417 -0.015820
v 2.605649 2.046680 -0.071791
v 2.597419 2.203477 -0.107790
v 2.544409 1.601835 0.030969
v 2.544409 1.601835 0.030969
v 2.544409 1.601835 0.030969
v 2.877921 3.471881 -0.069237
v 2.879912 3.501959 -0.048761
v 2.898275 3.192608 0.084991
v 2.557574 1.533404 -0.030113
v 2.557574 1.533404 -0.030113
v 2.558727 1.534390 -0.022380
v 2.558727 1.534390 -0.022380
v 2.573200 1.623450 -0.023736
v 2.573200 1.623450 -0.023736
v 2.598804 1.671488 -0.025961
v 2.857710 3.354434 -0.004670
v 2.764841 2.451677 0.091747
v 2.764841 2.451677 0.091747
v 2.735527 2.589594 0.113767
v 2.735527 2.589594 0.113767
v 2.735527 2.589594 0.113767
v 2.647051 2.037730 -0.061960
v 2.655645 2.148421 -0.089413
v 2.823594 0.508778 -0.146291
v 2.801524 0.643801 -0.149867
v 2.942792 1.671707 -0.155671
v 2.942792 1.671707 -0.155671
v 2.936451 1.649810 -0.137297
v 2.936451 1.649810 -0.137297
v 2.936451 1.649810 -0.137297
v 2.936451 1.649810 -0.137297
v 2.608287 1.654942 0.017743
v 2.632767 1.687782 0.015081
v 2.632767 1.687782 0.015081
v 2.632767 1.687782 0.015081
v 2.870886 0.172631 -0.097733
v 2.870886 0.172631 -0.097733
v 2.835869 3.070804 -0.068665
v 2.835869 3.070804 -0.068665
v 2.903684 3.078230 -0.104807
v 2.543340 1.550341 -0.019790
v 2.543340 1.550341 -0.019790
v 2.533026 1.439109 0.078916
v 2.533026 1.439109 0.078916
v 2.526092 1.435953 0.083128
v 2.526092 1.435953 0.083128
v 2.858650 3.301592 0.017924
v 2.858650 3.301592 0.017924
v 2.856889 3.296776 0.012055
v 2.893258 2.292324 -0.095421
v 2.858264 3.311600 0.016228
v 2.616311 2.240621 -0.121601
v 2.616311 2.240621 -0.121601
v 2.519754 1.539914 0.017715
v 2.519754 1.539914 0.017715
v 2.875714 0.000000 0.121910
v 2.875714 0.000000 0.121910
v 2.855615 0.002537 0.114476
v 2.855615 0.002537 0.114476
v 2.883325 2.239895 0.154788
v 2.883325 2.239895 0.154788
v 2.842343 1.096884 -0.169438
v 2.887104 3.523138 -0.009817
v 2.878783 0.189274 -0.081763
v 2.878783 0.189274 -0.081763
v 2.878783 0.189274 -0.081763
v 2.860387 3.026084 -0.025538
v 2.818652 0.008827 0.027490
v 2.818652 0.008827 0.027490
v 2.771110 2.151227 -0.109966
v 2.771110 2.151227 -0.109966
v 2.792071 1.961975 -0.094812
v 2.783635 0.816023 -0.136737
v 2.799766 2.280326 -0.073536
v 2.799766 2.280326 -0.073536
v 2.590087 2.053861 0.011058
v 2.615870 1.952402 0.018834
v 2.819296 0.036743 0.030724
v 2.691891 2.670316 -0.140172
v 2.691891 2.670316 -0.140172
v 2.669446 2.694638 -0.044830
v 2.883811 3.220838 0.017949
v 2.883811 3.220838 0.017949
v 2.883811 3.220838 0.017949
v 2.917828 3.222855 -0.088283
v 2.917828 3.222855 -0.088283
v 2.890245 3.227750 -0.053263
v 2.521594 1.495337 0.010220
v 2.521594 1.495337 0.010220
v 2.913279 3.592526 -0.004465
v 2.913279 3.592526 -0.004465
v 2.913279 3.592526 -0.004465
v 2.913826 3.573456 -0.054380
v 2.913826 3.573456 -0.054380
v 2.575656 2.161448 -0.002600
v 2.760244 2.102351 0.011353
v 2.866539 0.056257 0.067139
v 2.866539 0.056257 0.067139
v 2.806728 1.718893 0.076953
v 2.888462 3.377598 0.086328
v 2.888462 3.377598 0.086328
v 2.892942 3.389258 0.090937
v 2.924769 0.553254 -0.182860
v 2.933961 0.666305 -0.202101
v 2.759048 1.376333 -0.105842
v 2.938433 3.169593 0.133403
v 2.938433 3.169593 0.133403
v 2.540683 1.439843 0.087373
v 2.540683 1.439843 0.087373
v 2.919078 0.152184 -0.173686
v 2.915553 0.313279 -0.172330
v 2.915553 0.313279 -0.172330
v 2.556381 1.562824 -0.027762
v 2.622668 1.651218 0.064760
v 2.622668 1.651218 0.064760
v 2.622668 1.651218 0.064760
v 2.622668 1.651218 0.064760
v 2.568907 1.591567 0.078952
v 2.537535 1.525037 0.095934
v 2.537535 1.525037 0.095934
v 2.948864 1.705133 -0.044504
v 2.877550 3.266525 0.012658
v 2.873590 3.282298 0.008227
v 2.873590 3.282298 0.008227
v 2.846246 1.652201 -0.137565
v 2.846246 1.652201 -0.137565
v 2.846246 1.652201 -0.137565
v 2.846015 0.039939 -0.098324
v 2.846015 0.039939 -0.098324
v 2.920155 0.000000 0.059263
v 2.920155 0.000000 0.059263
v 2.563720 1.652874 0.028937
v 2.874144 3.431830 -0.080159
v 2.848079 0.052696 0.044156
v 2.848079 0.052696 0.044156
v 2.657393 2.019465 -0.031881
v 2.848641 0.001544 0.040570
v 2.848641 0.001544 0.040570
v 2.649297 1.584870 0.069671
v 2.649297 1.584870 0.069671
v 2.659235 1.588140 0.059293
v 2.659235 1.588140 0.059293
v 2.595210 1.726022 0.001209
v 2.882174 0.050177 0.101817
v 2.937662 1.673774 0.066166
v 2.931827 1.616711 0.066009
v 2.847338 3.335290 -0.012274
v 2.648299 1.584471 0.056621
v 2.648299 1.584471 0.056621
v 2.540114 1.470475 0.003815
v 2.540114 1.470475 0.003815
v 2.547146 1.482862 0.004520
v 2.547146 1.482862 0.004520
v 2.872303 3.367788 -0.090467
v 2.664509 2.121230 -0.034610
v 2.563381 1.575408 0.054337
v 2.563381 1.575408 0.054337
v 2.607093 1.781360 0.019869
v 2.617878 1.825380 0.014962
v 2.796296 3.034144 -0.093182
v 2.796296 3.034144 -0.093182
v 2.920889 0.003666 0.004542
v 2.917238 0.045221 -0.063741
v 2.917238 0.045221 -0.063741
v 2.900969 0.992241 -0.169085
v 2.900969 0.992241 -0.169085
v 2.936653 0.816937 -0.201179
v 2.651820 2.304954 -0.022544
v 2.655011 2.233235 -0.010776
v 2.539840 1.475432 -0.006590
v 2.539840 1.475432 -0.006590
v 2.546576 1.487269 -0.008169
v 2.546576 1.487269 -0.008169
v 2.623294 1.924878 -0.038734
v 2.532426 1.434816 0.092951
v 2.532426 1.434816 0.092951
v 2.836024 0.000643 -0.083763
v 2.836024 0.000643 -0.083763
v 2.527929 1.480066 0.036825
v 2.735097 1.573372 0.004032
v 2.840812 0.000443 0.086990
v 2.840812 0.000443 0.086990
v 2.732493 2.611445 -0.140379
v 2.868611 0.150905 -0.039128
v 2.868611 0.150905 -0.039128
v 2.785510 2.220787 -0.091437
v 2.583278 2.057012 -0.045815
v 2.609745 1.938928 -0.024794
v 2.869277 3.397190 0.001950
v 2.869277 3.397190 0.001950
v 2.556785 1.590322 0.024513
v 2.556785 1.590322 0.024513
v 2.556785 1.590322 0.024513
v 2.530736 1.537008 0.038257
v 2.530736 1.537008 0.038257
v 2.566169 2.185006 -0.077514
v 2.572805 2.256341 -0.093253
v 2.572805 2.256341 -0.093253
v 2.871686 3.393542 -0.015519
v 2.871686 3.393542 -0.015519
v 2.914622 3.568711 0.042944
v 2.914622 3.568711 0.042944
v 2.775909 1.406167 0.051453
v 2.776321 1.575732 0.075290
v 2.859252 1.676190 -0.148657
v 2.888269 3.349976 0.098349
v 2.574020 2.059561 -0.013489
v 2.601960 1.955041 0.000339
v 2.924969 0.304330 -0.139623
v 2.559043 2.774625 -0.029580
v 2.559043 2.774625 -0.029580
v 2.642130 1.923077 -0.035478
v 2.642130 1.923077 -0.035478
v 2.565064 1.548936 -0.030093
v 2.565064 1.548936 -0.030093
v 2.918080 0.153469 -0.031139
v 2.565101 1.546702 -0.021835
v 2.565101 1.546702 -0.021835
v 2.649073 2.756231 0.018821
v 2.649073 2.756231 0.018821
v 2.649073 2.756231 0.018821
v 2.630335 2.710388 -0.000011
v 2.882308 0.321674 -0.178971
v 2.856908 0.552603 -0.200466
v 2.849519 0.027970 0.062896
v 2.849519 0.027970 0.062896
v 2.865959 3.364658 -0.029742
v 2.865959 3.364658 -0.029742
v 2.533136 1.438967 0.034845
v 2.533136 1.438967 0.034845
v 2.516634 1.474715 0.041259
v 2.594021 1.726601 0.027375
v 2.916060 0.074778 0.030543
v 2.646068 2.132725 -0.001483
v 2.656912 2.739732 -0.001846
v 2.656912 2.739732 -0.001846
v 2.656912 2.739732 -0.001846
v 2.870772 3.317815 -0.079719
v 2.660526 1.629680 0.054778
v 2.778501 1.817518 -0.078055
v 2.536028 1.526776 0.054656
v 2.536028 1.526776 0.054656
v 2.878486 2.331349 0.139086
v 2.878486 2.331349 0.139086
v 2.878486 2.331349 0.139086
v 2.914759 1.841922 0.080486
v 2.914759 1.841922 0.080486
v 2.947244 1.771157 0.064354
v 2.947244 1.771157 0.064354
v 2.947244 1.771157 0.064354
v 2.645947 2.679618 -0.012173
v 2.645947 2.679618 -0.012173
v 2.925266 -0.000636 -0.135589
v 2.941361 0.198008 -0.138914
v 2.849297 1.158497 0.031791
v 2.812601 1.166507 0.020755
v 2.812601 1.166507 0.020755
v 2.551088 2.788771 -0.120538
v 2.602532 2.888541 -0.123264
v 2.622639 1.761963 0.041790
v 2.622639 1.761963 0.041790
v 2.917579 0.065388 0.063158
v 2.536428 1.474103 0.048161
v 2.882142 0.152428 -0.176597
v 2.940640 1.939863 -0.158804
v 2.944985 1.785464 -0.158604
v 2.555782 2.172704 -0.031325
v 2.569540 2.259538 -0.046771
v 2.829454 0.000650 0.074850
v 2.829454 0.000650 0.074850
v 2.647793 1.622656 0.071129
v 2.855688 3.333533 0.000312
v 2.532414 1.462639 0.096739
v 2.930848 3.157930 0.037237
v 2.930848 3.157930 0.037237
v 2.559900 1.624796 -0.019383
v 2.599044 1.699045 0.047789
v 2.840922 0.994440 -0.180515
v 2.607833 1.782668 -0.003133
v 2.911260 3.380992 0.098991
v 2.638496 2.647911 -0.169920
v 2.638496 2.647911 -0.169920
v 2.897870 1.094055 -0.163099
v 2.630744 1.819710 0.035737
v 2.616550 1.814978 -0.008360
v 2.619424 2.865589 -0.017421
v 2.878929 3.246176 0.013768
v 2.584136 1.673766 -0.021874
v 2.889806 3.313716 0.097255
v 2.655306 1.802111 0.021755
v 2.540591 1.470650 0.088152
v 2.619754 1.768639 -0.011167
v 2.619754 1.768639 -0.011167
v 2.644824 1.812072 0.035986
v 2.828084 2.973535 0.009162
v 2.861795 2.988272 0.001571
v 2.861795 2.988272 0.001571
v 2.571855 2.327435 -0.060226
v 2.628512 1.737920 -0.020108
v 2.856455 0.909977 -0.019940
v 2.863251 0.828948 -0.037107
v 2.863251 0.828948 -0.037107
v 2.605833 1.720076 -0.016709
v 2.745040 2.995608 -0.124576
v 2.941201 3.379714 0.107054
v 2.941201 3.379714 0.107054
v 2.941201 3.379714 0.107054
v 2.946047 3.381968 0.123131
v 2.946047 3.381968 0.123131
v 2.946047 3.381968 0.123131
v 2.946156 3.357175 0.136504
v 2.937727 3.234387 0.141582
v 2.937727 3.234387 0.141582
v 2.939025 3.247296 0.136183
v 2.936427 3.219402 0.130671
v 2.936427 3.219402 0.130671
v 2.936427 3.219402 0.130671
v 2.918988 3.248781 0.119605
v 2.918988 3.248781 0.119605
v 2.918988 3.248781 0.119605
v 2.922821 3.248089 0.114748
v 2.932254 3.270721 0.136642
v 2.924858 3.256048 0.126411
v 2.929615 3.239752 0.134522
v 2.931766 3.247735 0.131756
v 2.924406 3.243657 0.124388
v 2.926616 3.247447 0.125838
v 2.926616 3.247447 0.125838
v 2.942673 3.275220 0.148864
v 2.942673 3.275220 0.148864
v 2.943555 3.284743 0.143681
v 2.943555 3.284743 0.143681
v 2.946640 3.296574 0.144781
v 2.946640 3.296574 0.144781
v 2.946640 3.296574 0.144781
v 2.916323 3.179577 0.109534
v 2.941446 3.360128 0.117543
v 2.941731 3.407551 0.120298
v 2.941731 3.407551 0.120298
v 2.941731 3.407551 0.120298
v 2.934624 3.574959 0.045051
v 2.933852 3.513441 0.085448
v 2.663454 2.769730 0.041716
v 2.663454 2.769730 0.041716
v 2.663454 2.769730 0.041716
v 2.669355 2.767722 0.058115
v 2.669355 2.767722 0.058115
v 2.696948 2.749740 0.100203
v 2.712915 2.733456 0.138956
v 2.772477 2.574258 0.144820
v 2.842072 2.589367 0.177605
v 2.884748 2.619700 0.182747
v 2.705887 2.633968 0.097158
v 2.683824 2.612455 0.050957
v 2.805635 2.571889 0.164584
v 2.805635 2.571889 0.164584
v 2.859042 2.516947 0.189432
v 2.859042 2.516947 0.189432
v 2.833647 2.460278 0.158989
v 2.913705 2.668652 0.184097
v 2.882920 2.671440 0.194337
v 2.887112 2.540341 0.197308
v 2.924530 0.000000 0.025546
v 2.623615 2.494596 -0.164614
v 2.620227 2.410553 -0.149609
v 2.573807 2.561337 -0.018991
v 2.593241 2.435648 -0.019907
v 2.667105 2.401166 -0.040960
v 2.662834 2.531297 -0.041589
v 2.684100 2.370888 -0.125011
v 2.651454 2.421019 -0.014723
v 2.646220 2.542414 -0.020188
v 2.873337 2.403249 0.162492
v 2.811056 2.400480 0.104407
v 2.811056 2.400480 0.104407
v 2.887568 2.996609 0.037145
v 2.887568 2.996609 0.037145
v 2.887853 3.035658 0.020042
v 2.886953 3.102967 0.005649
v 2.882429 3.152022 -0.003165
v 2.879058 3.204174 -0.010860
v 2.935669 2.969784 0.057236
v 2.935669 2.969784 0.057236
v 2.925058 3.006501 0.044984
v 2.920923 3.041828 0.036396
v 2.904320 3.114699 0.024756
v 2.892064 3.161248 0.017394
v 2.910260 3.182726 0.025374
v 2.875014 3.242310 0.007399
v 2.879629 3.216223 0.011624
v 2.879629 3.216223 0.011624
v 2.933299 3.038466 0.029346
v 2.933299 3.038466 0.029346
v 2.939473 2.985885 0.041071
v 2.939473 2.985885 0.041071
v 2.928891 3.081695 0.028107
v 2.887139 3.066162 0.012822
v 2.913574 3.078886 0.029812
v 2.913574 3.078886 0.029812
v 2.816694 1.745880 -0.134089
v 2.834429 1.975854 -0.148438
v 2.830793 1.834144 -0.147982
v 2.803320 2.063540 -0.135007
v 2.642880 2.633259 -0.016753
v 2.686030 2.556998 -0.157694
v 2.686030 2.556998 -0.157694
v 2.684526 2.474165 -0.138382
v 2.547934 2.627030 -0.113246
v 2.547934 2.627030 -0.113246
v 2.664133 2.591587 -0.034979
v 2.626083 2.579225 -0.175104
v 2.577151 2.651900 -0.026274
v 2.577151 2.651900 -0.026274
v 2.548877 2.629658 -0.068620
v 2.894018 2.063079 0.129759
v 2.913674 1.948511 0.093062
v 2.913674 1.948511 0.093062
v 2.828817 2.049203 0.081553
v 2.823739 2.027473 0.074021
v 2.921450 1.873019 0.091836
v 2.921450 1.873019 0.091836
v 2.789239 2.115357 0.085155
v 2.789239 2.115357 0.085155
v 2.797483 2.056348 0.069278
v 2.856602 2.417732 0.128864
v 2.856602 2.417732 0.128864
v 2.617918 2.294501 -0.132017
v 2.649243 2.281214 -0.125156
v 2.617099 2.330797 -0.144966
v 2.617099 2.330797 -0.144966
v 2.662760 2.308393 -0.137490
v 2.662760 2.308393 -0.137490
v 2.661954 2.328228 -0.125517
v 2.661954 2.328228 -0.125517
v 2.610695 2.351712 -0.140647
v 2.610695 2.351712 -0.140647
v 2.610695 2.351712 -0.140647
v 2.610319 2.295631 -0.119524
v 2.610690 2.721838 0.000108
v 2.766954 2.979748 -0.010695
v 2.653228 2.908482 -0.016252
v 2.696018 2.961201 -0.020594
v 2.696018 2.961201 -0.020594
v 2.636944 2.831362 -0.179647
v 2.643544 2.931528 -0.066375
v 2.695845 2.985124 -0.058645
v 2.695845 2.985124 -0.058645
v 2.695845 2.985124 -0.058645
v 2.696273 2.981158 -0.123505
v 2.696273 2.981158 -0.123505
v 2.645500 2.937060 -0.123342
v 2.570822 2.548567 -0.159567
v 2.569777 2.610258 -0.164330
v 2.592076 2.661981 -0.160956
v 2.592076 2.661981 -0.160956
v 2.578074 2.421134 -0.114929
v 2.578074 2.421134 -0.114929
v 2.578074 2.421134 -0.114929
v 2.568749 2.485216 -0.126751
v 2.633409 1.776938 -0.013200
v 2.620533 1.782465 -0.012810
v 2.620533 1.782465 -0.012810
v 2.620533 1.782465 -0.012810
v 2.623078 1.797124 -0.019907
v 2.617558 1.790429 -0.009246
v 2.643867 1.789879 -0.016486
v 2.642645 1.773899 -0.012829
v 2.628703 1.822247 -0.023174
v 2.639527 1.817243 -0.024300
v 2.603102 2.325650 -0.030250
v 2.569247 2.413246 -0.071784
v 2.569247 2.413246 -0.071784
v 2.586287 2.421676 -0.058477
v 2.570654 2.458652 -0.081863
v 2.643478 2.772813 0.021249
v 2.643478 2.772813 0.021249
v 2.672424 2.791747 0.041725
v 2.672424 2.791747 0.041725
v 2.811379 2.635594 -0.201662
v 2.765727 2.649774 -0.195415
v 2.644727 1.779626 0.032722
v 2.644727 1.779626 0.032722
v 2.644727 1.779626 0.032722
v 2.627940 1.787895 0.038724
v 2.627940 1.787895 0.038724
v 2.652356 1.772767 0.017172
v 2.652356 1.772767 0.017172
v 2.580945 2.320962 -0.092785
v 2.602925 2.333630 -0.113856
v 2.599899 2.359896 -0.130169
v 2.599899 2.359896 -0.130169
v 2.599264 2.412713 -0.141180
v 2.588918 2.460131 -0.147867
v 2.676908 2.429936 -0.131086
v 2.662734 2.393778 -0.143024
v 2.658465 2.480923 -0.156006
v 2.548284 2.557544 -0.118486
v 2.829522 1.068784 0.007396
v 2.826842 1.106487 0.007074
v 2.826842 1.106487 0.007074
v 2.861639 1.108549 0.013568
v 2.897219 1.103432 0.012057
v 2.897219 1.103432 0.012057
v 2.892915 1.068307 0.010621
v 2.820898 1.122851 -0.001584
v 2.820898 1.122851 -0.001584
v 2.820898 1.122851 -0.001584
v 2.904299 1.118586 0.006718
v 2.904299 1.118586 0.006718
v 2.904299 1.118586 0.006718
v 2.862811 1.123935 0.009035
v 2.837676 1.039884 0.002283
v 2.829949 0.990816 -0.006211
v 2.827146 1.018671 -0.003985
v 2.894053 0.984619 -0.007323
v 2.928855 1.104139 -0.010519
v 2.928855 1.104139 -0.010519
v 2.931946 1.151916 0.017517
v 2.931946 1.151916 0.017517
v 2.906610 1.133781 0.025767
v 2.906610 1.133781 0.025767
v 2.870568 0.908958 -0.019200
v 2.867786 0.933610 -0.014434
v 2.785569 1.373709 -0.164114
v 2.792788 1.275305 -0.155399
v 2.926222 1.185439 -0.147981
v 2.904204 1.283988 -0.159624
v 2.919695 1.380292 -0.159923
v 2.945028 1.382417 -0.124110
v 2.940823 1.313458 -0.128028
v 2.946826 1.212305 -0.113274
v 2.948590 1.582891 -0.125214
v 2.926407 1.571082 -0.151811
v 2.805283 1.559294 -0.151623
v 2.784362 0.919658 -0.128435
v 2.787779 0.966627 -0.158175
v 2.787779 0.966627 -0.158175
v 2.789185 0.925041 -0.162226
v 2.789185 0.925041 -0.162226
v 2.859412 0.193004 -0.137997
v 2.859412 0.193004 -0.137997
v 2.850853 0.136426 -0.137925
v 2.850853 0.136426 -0.137925
v 2.834755 0.513381 -0.170697
v 2.863836 0.320298 -0.158763
v 2.783507 0.961277 -0.126197
v 2.783507 0.961277 -0.126197
v 2.791009 1.199807 -0.149570
v 2.796797 1.098645 -0.142849
v 2.792760 0.989762 -0.148131
v 2.795592 1.014790 -0.144306
v 2.942329 1.119036 -0.138790
v 2.940411 1.039870 -0.124695
v 2.847755 1.513553 0.091304
v 2.876753 1.405569 0.071495
v 2.876753 1.405569 0.071495
v 2.926004 1.371660 0.014363
v 2.909911 1.291039 0.056607
v 2.925903 1.451696 0.035531
v 2.925581 1.539947 0.066207
v 2.949214 1.057427 -0.060631
v 2.794596 1.259161 0.013788
v 2.794596 1.259161 0.013788
v 2.919014 1.203566 0.028092
v 2.919014 1.203566 0.028092
v 2.919014 1.203566 0.028092
v 2.835947 1.228143 0.031858
v 2.882894 1.210259 0.036278
v 2.790776 1.295118 0.034949
v 2.790776 1.295118 0.034949
v 2.916490 1.235910 0.048084
v 2.916490 1.235910 0.048084
v 2.833246 1.263317 0.050165
v 2.879885 1.244849 0.054867
v 2.936920 1.002680 -0.050388
v 2.935862 0.947469 -0.102315
v 2.935862 0.947469 -0.102315
v 2.941911 1.720232 0.064619
v 2.778902 1.868494 0.050507
v 2.774877 1.991817 0.057617
v 2.745428 1.543579 0.046536
v 2.771463 1.718731 0.048941
v 2.778929 2.053622 0.064693
v 2.778929 2.053622 0.064693
v 2.779945 1.794254 0.047605
v 2.832412 0.934482 -0.034962
v 2.946747 1.724617 -0.159658
v 2.824300 1.790090 -0.141364
v 2.850442 0.127733 -0.116607
v 2.850442 0.127733 -0.116607
v 2.889871 0.377105 -0.076838
v 2.875446 0.525899 -0.069072
v 2.862254 0.696532 -0.050089
v 2.845843 0.825779 -0.033090
v 2.914589 0.807470 -0.082333
v 2.910056 0.670667 -0.093814
v 2.820933 1.628476 -0.141141
v 2.804676 1.666652 -0.114507
v 2.926573 1.631430 -0.143441
v 2.944863 1.636994 -0.126279
v 2.944863 1.636994 -0.126279
v 2.944474 1.647944 -0.092160
v 2.866076 2.470895 0.183176
v 2.866076 2.470895 0.183176
v 2.887573 2.151487 0.145396
v 2.927660 3.172938 0.122967
v 2.946236 3.328298 0.155546
v 2.945548 3.339279 0.147575
v 2.938067 3.299787 0.136207
v 2.938067 3.299787 0.136207
v 2.937723 3.306701 0.141682
v 2.942594 3.297976 0.141685
v 2.937120 3.312012 0.129967
v 2.937120 3.312012 0.129967
v 2.938416 3.315972 0.136454
v 2.940563 3.322031 0.128008
v 2.940563 3.322031 0.128008
v 2.943323 3.323174 0.147389
v 2.942115 3.324197 0.133833
v 2.940158 3.311371 0.149608
v 2.946290 3.322827 0.159372
v 2.946290 3.322827 0.159372
v 2.946751 3.314620 0.161116
v 2.946751 3.314620 0.161116
v 2.944628 3.313242 0.157134
v 2.944628 3.313242 0.157134
v 2.947074 3.304735 0.154186
v 2.940993 3.341079 0.122883
v 2.698950 2.659250 -0.138914
v 2.662580 2.740125 0.019197
vn -0.2420 -0.2704 -0.9318
vn -0.1290 -0.2549 -0.9583
vn 0.5362 -0.4124 -0.7365
vn 0.3896 -0.3681 -0.8442
vn 0.2589 0.2224 0.9399
vn -0.1166 0.4527 -0.8840
vn -0.0028 0.4936 -0.8697
vn 0.2921 0.9543 0.0637
vn 0.1458 -0.0781 -0.9862
vn -0.0376 0.0390 -0.9985
vn -0.0599 -0.0820 -0.9948
vn 0.2179 -0.1592 -0.9629
vn 0.3584 -0.2536 -0.8985
vn 0.3477 -0.1136 -0.9307
vn 0.0781 0.4961 0.8647
vn 0.2661 0.4844 0.8334
vn 0.6553 0.1403 0.7423
vn 0.8878 0.2112 0.4089
vn 0.9237 -0.1438 0.3551
vn 0.1492 -0.1011 0.9836
vn 0.1254 0.3137 -0.9412
vn 0.9497 0.2217 -0.2210
vn 0.9139 0.1861 0.3607
vn 0.9551 -0.2669 -0.1290
vn 0.9248 -0.2945 -0.2410
vn 0.9159 -0.2926 -0.2748
vn 0.9550 -0.2486 -0.1618
vn 0.1776 0.9476 0.2654
vn 0.9059 0.2939 0.3048
vn 0.9472 0.2578 0.1905
vn 0.9801 -0.1986 0.0056
vn 0.4130 -0.0363 0.9100
vn 0.9677 0.0013 0.2522
vn 0.7506 0.5237 0.4029
vn 0.7520 -0.0701 0.6554
vn 0.1854 -0.2773 0.9427
vn 0.9707 0.1816 0.1571
vn 0.7488 0.5271 0.4018
vn 0.7550 0.1147 -0.6456
vn 0.4391 0.4057 -0.8016
vn 0.1571 0.1959 -0.9680
vn 0.2064 -0.1883 -0.9602
vn -0.3523 0.0356 -0.9352
vn 0.3663 -0.3344 -0.8684
vn -0.8823 -0.1730 0.4378
vn 0.9499 -0.3064 -0.0613
vn -0.0810 -0.2404 0.9673
vn 0.6597 -0.6264 0.4153
vn 0.1017 0.1197 0.9876
vn 0.3635 0.3370 0.8685
vn 0.1681 0.0727 0.9831
vn 0.0399 0.0367 0.9985
vn 0.9484 0.2564 -0.1864
vn 0.9707 0.1437 0.1925
vn 0.8949 0.1472 -0.4212
vn -0.1902 -0.1577 -0.9690
vn -0.7074 -0.3193 -0.6306
vn -0.5858 -0.3074 -0.7499
vn -0.8610 -0.0411 0.5070
vn -0.9555 -0.2431 0.1672
vn -0.8413 -0.1163 0.5279
vn -0.0922 0.0026 0.9957
vn -0.4145 -0.0347 0.9094
vn 0.8093 0.2315 0.5399
vn 0.2749 0.2849 0.9183
vn -0.2440 0.1075 0.9638
vn 0.9707 0.0883 -0.2234
vn 0.9682 0.1337 -0.2116
vn 0.9693 0.0874 -0.2297
vn 0.9678 0.1766 -0.1794
vn -0.1375 -0.3549 -0.9248
vn -0.0934 -0.3550 -0.9302
vn -0.1349 -0.3484 -0.9276
vn -0.9013 -0.3807 -0.2067
vn -0.8800 -0.3469 0.3246
vn -0.8472 -0.2631 0.4615
vn -0.4270 -0.0394 0.9034
vn -0.8475 -0.2662 0.4592
vn -0.6376 -0.0161 0.7702
vn 0.8028 0.2436 0.5443
vn 0.9805 0.1336 -0.1440
vn 0.8100 0.0138 -0.5862
vn -0.0913 -0.3059 -0.9477
vn -0.4455 -0.3035 -0.8423
vn -0.7832 -0.4163 -0.4618
vn -0.6518 -0.0092 0.7584
vn 0.4858 0.7114 0.5079
vn 0.2665 0.8368 0.4783
vn 0.2895 0.9247 0.2472
vn 0.1371 0.8285 0.5430
vn 0.8450 0.2567 0.4691
vn 0.8171 0.1051 -0.5669
vn 0.8172 0.1035 -0.5670
vn 0.1459 0.7924 -0.5923
vn 0.7979 0.3685 -0.4770
vn 0.4220 -0.2664 -0.8666
vn 0.4246 0.5264 0.7366
vn 0.9505 -0.0854 0.2986
vn 0.4464 -0.4638 0.7653
vn 0.7521 0.1393 0.6441
vn 0.7157 0.2567 0.6495
vn -0.2035 0.3793 0.9026
vn 0.7986 0.0980 0.5939
vn 0.7820 0.1107 -0.6134
vn 0.6546 0.0042 -0.7560
vn 0.8020 0.1190 -0.5854
vn 0.1186 -0.1006 -0.9878
vn 0.2446 0.2663 -0.9323
vn -0.2548 -0.3920 -0.8840
vn -0.9414 0.1124 -0.3179
vn -0.3367 0.0621 -0.9396
vn 0.2525 -0.3430 0.9048
vn -0.9112 0.2267 0.3439
vn 0.5308 0.1033 0.8412
vn 0.4937 -0.3575 -0.7928
vn 0.4561 -0.2165 -0.8632
vn 0.8759 -0.0126 0.4823
vn 0.9751 0.0178 -0.2210
vn -0.1335 -0.4371 0.8894
vn 0.2579 0.0562 -0.9645
vn 0.2736 0.0911 -0.9575
vn -0.9936 -0.0725 -0.0866
vn -0.7632 -0.1651 -0.6247
vn -0.8988 -0.3924 -0.1955
vn -0.2455 -0.3510 0.9036
vn -0.8967 -0.4014 -0.1865
vn -0.6834 0.6656 -0.2999
vn 0.4501 -0.1041 -0.8869
vn -0.5197 0.0380 0.8535
vn -0.1425 0.0676 0.9875
vn -0.2162 0.1086 -0.9703
vn 0.3580 -0.3945 0.8463
vn -0.7183 0.3217 0.6169
vn -0.6186 -0.4873 -0.6164
vn 0.2710 -0.0186 -0.9624
vn 0.6089 -0.7710 -0.1867
vn -0.1659 -0.1135 0.9796
vn -0.2291 0.0103 0.9734
vn -0.4571 0.0018 0.8894
vn -0.7044 0.2486 -0.6649
vn 0.4540 -0.0888 -0.8865
vn -0.6801 0.0342 0.7324
vn -0.0775 -0.0992 0.9920
vn -0.5889 0.8082 0.0076
vn 0.5220 -0.8493 -0.0791
vn 0.8617 -0.4317 0.2666
vn -0.3578 -0.1053 0.9278
vn -0.8149 0.4157 -0.4039
vn -0.3256 -0.1585 0.9321
vn -0.9713 -0.2060 -0.1190
vn -0.8695 0.3885 -0.3050
vn 0.8703 -0.4889 -0.0592
vn 0.9986 -0.0524 0.0052
vn 0.4840 -0.2380 -0.8421
vn 0.7570 -0.2793 0.5907
vn -0.7370 0.2341 -0.6341
vn -0.8255 -0.4266 -0.3695
vn -0.7071 0.7062 0.0377
vn 0.7810 -0.6028 -0.1631
vn -0.1467 -0.3348 0.9308
vn -0.4456 -0.0080 0.8952
vn 0.4512 -0.0807 -0.8888
vn 0.4509 -0.0866 -0.8884
vn -0.4700 0.0069 0.8827
vn -0.6132 0.7862 0.0769
vn 0.4552 -0.0766 -0.8871
vn -0.7088 0.0890 0.6997
vn -0.7219 0.2410 -0.6487
vn -0.7200 0.2418 -0.6505
vn 0.0475 0.0961 -0.9942
vn -0.1120 -0.1545 0.9816
vn -0.1670 0.1001 0.9809
vn 0.7565 0.3098 0.5759
vn 0.7645 0.3014 0.5698
vn 0.7359 0.0202 -0.6768
vn 0.8736 0.0778 -0.4803
vn -0.0719 -0.4493 -0.8905
vn -0.9347 -0.2292 -0.2718
vn -0.7981 -0.0574 0.5998
vn 0.2918 -0.3627 0.8851
vn -0.2906 0.0803 -0.9535
vn -0.2704 0.0881 -0.9587
vn 0.3162 -0.3746 0.8716
vn -0.2129 0.0211 0.9769
vn -0.7748 -0.5136 -0.3686
vn 0.1114 0.2666 0.9573
vn 0.8607 0.3001 0.4114
vn 0.9591 0.2413 -0.1478
vn 0.7822 0.2916 -0.5505
vn 0.8609 -0.0018 -0.5087
vn -0.6855 -0.3327 -0.6476
vn -0.8605 -0.0840 0.5025
vn -0.1004 0.2061 0.9734
vn 0.8650 -0.4784 0.1517
vn -0.0518 0.3878 -0.9203
vn -0.9470 0.0259 -0.3201
vn 0.5487 -0.1960 0.8127
vn -0.1018 0.0337 0.9942
vn 0.3016 0.1660 0.9389
vn 0.9843 0.1760 0.0112
vn 0.9308 0.1914 0.3114
vn 0.7979 0.0239 -0.6023
vn 0.7821 0.1287 -0.6098
vn -0.3953 -0.0943 0.9137
vn -0.9557 0.0071 -0.2942
vn -0.6530 -0.7228 0.2259
vn 0.3602 0.0559 0.9312
vn 0.9875 0.1571 -0.0109
vn 0.8005 0.0893 -0.5926
vn 0.3245 -0.3784 -0.8669
vn -0.3282 -0.1701 0.9292
vn 0.0482 -0.4044 -0.9133
vn -0.9915 -0.1225 0.0435
vn 0.9136 -0.1531 0.3768
vn 0.5704 -0.8213 0.0064
vn 0.8184 -0.0998 0.5660
vn 0.9209 -0.3037 -0.2441
vn 0.3327 -0.9389 0.0878
vn 0.5349 -0.8446 0.0208
vn 0.8042 -0.1715 -0.5691
vn 0.7370 -0.4316 -0.5202
vn 0.7336 -0.3955 -0.5525
vn 0.0383 0.0311 -0.9988
vn -0.0067 0.4264 -0.9045
vn 0.8033 -0.1768 -0.5687
vn 0.9521 -0.2497 -0.1765
vn 0.8781 -0.2871 -0.3829
vn 0.7456 0.0969 -0.6594
vn 0.7998 0.3000 0.5199
vn 0.9992 -0.0385 0.0050
vn 0.9929 -0.1069 -0.0530
vn 0.9966 0.0583 0.0579
vn 0.9226 0.1577 0.3522
vn 0.8535 0.2101 0.4768
vn 0.0635 0.1977 -0.9782
vn -0.3078 0.1566 0.9385
vn 0.8399 -0.4256 -0.3367
vn 0.9653 -0.2340 -0.1161
vn 0.9467 -0.3039 -0.1065
vn 0.7834 0.5605 -0.2687
vn 0.9868 0.0580 0.1509
vn 0.9782 -0.0077 0.2074
vn 0.9107 -0.0676 0.4075
vn 0.9110 -0.1687 0.3763
vn 0.9892 -0.0994 0.1081
vn 0.9018 -0.4291 0.0509
vn 0.7796 0.0756 0.6217
vn 0.8001 0.0532 0.5974
vn 0.9397 -0.0411 0.3395
vn 0.9436 -0.3142 -0.1041
vn 0.9200 -0.2333 -0.3148
vn 0.8116 -0.0869 0.5777
vn 0.8035 -0.0789 0.5901
vn 0.9714 0.0955 0.2174
vn 0.9756 0.0131 0.2193
vn 0.9444 0.1127 0.3089
vn 0.9364 0.0967 0.3374
vn 0.9351 -0.2709 0.2283
vn 0.9416 -0.2290 0.2469
vn 0.9335 -0.2639 0.2429
vn 0.9716 0.0051 0.2364
vn 0.9266 -0.0527 0.3723
vn 0.8837 -0.2324 0.4063
vn 0.9137 -0.2349 0.3318
vn 0.3316 0.9404 -0.0750
vn 0.1660 -0.0738 -0.9834
vn 0.9888 -0.1237 0.0831
vn 0.9040 -0.4239 0.0561
vn 0.9743 -0.2247 -0.0127
vn 0.5884 -0.7103 0.3863
vn 0.1674 -0.9233 0.3458
vn 0.7949 -0.0930 0.5995
vn 0.9757 -0.2188 0.0147
vn 0.2232 -0.8923 0.3924
vn 0.5965 -0.7250 0.3442
vn 0.9414 -0.2479 0.2287
vn 0.5978 -0.7532 0.2743
vn 0.9841 0.0464 0.1717
vn 0.9580 0.0924 0.2714
vn 0.9169 -0.1708 0.3607
vn 0.9067 -0.3017 0.2946
vn 0.8481 -0.3151 0.4259
vn 0.9513 -0.0156 0.3078
vn 0.9709 -0.0106 0.2395
vn 0.9846 -0.0566 0.1655
vn 0.9388 -0.0718 0.3368
vn 0.0785 -0.2513 -0.9647
vn 0.5763 -0.7036 0.4157
vn 0.8721 -0.2516 0.4197
vn 0.9586 -0.1088 0.2632
vn 0.8761 -0.2134 0.4323
vn 0.9019 -0.1660 0.3989
vn 0.9406 -0.2150 0.2628
vn 0.0645 0.2524 -0.9655
vn 0.9156 -0.1264 0.3816
vn 0.9210 -0.1813 0.3447
vn 0.0714 -0.1310 0.9888
vn 0.6350 -0.3019 0.7111
vn 0.9744 -0.0146 0.2243
vn 0.9849 -0.0666 0.1600
vn 0.9806 0.1803 0.0771
vn 0.9975 -0.0053 -0.0699
vn 0.5420 0.2454 -0.8037
vn 0.4630 0.0851 -0.8822
vn -0.7039 -0.2187 0.6758
vn -0.9478 -0.1925 0.2544
vn -0.5444 0.0080 -0.8388
vn -0.9902 0.1047 -0.0926
vn 0.9733 -0.0077 -0.2292
vn 0.1767 0.8475 0.5005
vn -0.9933 -0.0510 0.1034
vn 0.9776 0.0029 -0.2105
vn 0.4280 0.8052 0.4104
vn -0.9565 -0.0089 0.2915
vn 0.7964 0.2776 0.5373
vn 0.9971 -0.0591 -0.0481
vn 0.9282 0.3438 0.1421
vn 0.8746 0.0259 -0.4841
vn 0.7250 0.2533 -0.6405
vn 0.0686 -0.9659 -0.2498
vn -0.0068 0.9903 0.1388
vn -0.9765 0.0065 0.2155
vn -0.9803 -0.0507 -0.1911
vn -0.9913 -0.1027 -0.0822
vn -0.8965 0.0792 -0.4359
vn -0.9229 0.0093 -0.3848
vn -0.0949 0.8686 0.4864
vn -0.9817 -0.0590 0.1812
vn -0.6228 0.0120 0.7823
vn 0.6981 -0.0829 0.7112
vn 0.7454 -0.1646 0.6460
vn -0.6644 -0.0287 0.7468
vn 0.9179 -0.0810 0.3883
vn 0.8964 -0.1731 0.4080
vn 0.9723 -0.0636 -0.2247
vn 0.9221 -0.1975 -0.3327
vn 0.7631 -0.0437 -0.6448
vn 0.7021 -0.2323 -0.6732
vn -0.7517 -0.0265 0.6590
vn -0.7915 0.0790 0.6060
vn -0.1710 0.0326 -0.9847
vn -0.8732 0.1286 -0.4700
vn -0.9863 -0.0611 0.1533
vn -0.2217 -0.1121 -0.9686
vn 0.0164 0.8817 0.4716
vn 0.1326 0.8706 0.4738
vn 0.3756 -0.0120 0.9267
vn 0.1422 -0.0690 0.9874
vn 0.3606 -0.0243 0.9324
vn 0.9710 -0.2019 0.1277
vn 0.9830 -0.0821 -0.1640
vn 0.1630 0.0010 -0.9866
vn -0.2698 -0.1016 0.9575
vn -0.3065 0.0314 -0.9514
vn -0.8382 0.0497 -0.5431
vn 0.6472 -0.2764 0.7105
vn 0.7997 -0.1240 0.5875
vn 0.9097 -0.0661 0.4101
vn 0.9822 -0.0225 -0.1865
vn 0.8074 0.0742 -0.5853
vn -0.8567 -0.1261 0.5001
vn -0.1927 0.1657 -0.9672
vn -0.9586 -0.0127 0.2846
vn 0.1535 0.9867 0.0542
vn 0.5344 0.7751 0.3371
vn 0.3694 0.8280 0.4218
vn 0.9571 0.0888 -0.2757
vn -0.9918 -0.0028 0.1275
vn 0.5882 0.7670 0.2565
vn 0.9991 0.0092 -0.0423
vn 0.0857 -0.9914 0.0986
vn 0.9726 0.0739 -0.2206
vn 0.6236 0.7756 0.0982
vn -0.9936 0.0969 -0.0577
vn -0.9904 0.0495 0.1290
vn -0.1195 0.9499 0.2888
vn -0.9928 0.1178 -0.0217
vn 0.1506 0.9499 0.2739
vn 0.0249 0.8732 0.4867
vn 0.8642 0.0715 -0.4980
vn 0.0025 -1.0000 -0.0052
vn 0.9078 0.1270 -0.3996
vn -0.2018 -0.9618 -0.1850
vn -0.0608 -0.9912 0.1176
vn 0.7578 -0.1888 0.6245
vn -0.6392 -0.0867 0.7641
vn 0.8936 -0.1723 0.4145
vn 0.9532 -0.1615 -0.2556
vn 0.8030 -0.1305 -0.5815
vn -0.6349 -0.1043 0.7655
vn -0.9558 -0.0649 0.2868
vn -0.2148 -0.0832 -0.9731
vn 0.1841 -0.1844 0.9655
vn 0.8028 -0.3161 0.5056
vn 0.6966 -0.2089 0.6864
vn -0.0482 -0.0742 0.9961
vn 0.9307 -0.2638 0.2533
vn 0.9408 -0.1840 0.2847
vn 0.7779 -0.0919 -0.6217
vn 0.6448 -0.0506 -0.7627
vn 0.1475 -0.0575 -0.9874
vn -0.9292 0.0780 0.3612
vn -0.1519 -0.0522 -0.9870
vn -0.9917 -0.0435 0.1207
vn -0.9986 0.0280 0.0456
vn 0.6256 -0.0528 0.7783
vn 0.9979 -0.0230 0.0612
vn 0.5013 -0.2251 -0.8355
vn 0.4649 -0.4315 -0.7731
vn -0.3838 -0.1450 0.9120
vn -0.9967 0.0637 0.0509
vn -0.6675 -0.3321 -0.6665
vn -0.0508 -0.8988 0.4354
vn 0.0180 -0.9998 0.0049
vn 0.2261 -0.8626 0.4524
vn -0.0076 0.9827 0.1851
vn -0.9885 0.0347 0.1472
vn -0.0077 0.9818 0.1897
vn 0.2860 0.8814 0.3760
vn -0.9491 -0.0136 0.3146
vn 0.9385 -0.0049 -0.3452
vn -0.9969 0.0779 -0.0145
vn -0.3032 -0.9043 -0.3006
vn 0.9899 -0.0700 0.1230
vn -0.1230 -0.9243 -0.3613
vn -0.1828 -0.9669 -0.1783
vn 0.6713 -0.6407 0.3727
vn 0.9484 0.0414 -0.3145
vn 0.9984 -0.0072 0.0553
vn -0.9973 0.0325 0.0657
vn -0.9973 0.0320 0.0666
vn 0.0261 -0.9995 0.0154
vn -0.0042 -0.9999 -0.0151
vn -0.0185 -0.9993 -0.0326
vn 0.4045 -0.5901 0.6987
vn 0.4125 0.0942 0.9061
vn 0.7956 -0.2170 0.5656
vn 0.8395 -0.1428 0.5242
vn 0.4331 0.1899 0.8811
vn 0.3170 -0.6306 0.7085
vn 0.5385 -0.1291 0.8327
vn 0.7246 -0.1180 0.6790
vn 0.5419 0.0435 0.8393
vn 0.8997 0.1989 0.3886
vn 0.1782 0.7245 0.6658
vn 0.2132 0.2517 0.9440
vn 0.5438 -0.8379 0.0472
vn 0.7227 -0.2593 0.6407
vn 0.3416 -0.9368 0.0759
vn 0.8373 -0.1147 0.5346
vn 0.6136 0.3274 0.7186
vn 0.9736 0.0693 0.2176
vn 0.9684 0.1168 0.2205
vn 0.8628 0.5047 0.0285
vn 0.3842 0.2581 0.8865
vn 0.6164 -0.4862 0.6194
vn 0.6718 -0.6244 0.3984
vn 0.2225 -0.6665 0.7115
vn 0.9052 -0.2985 0.3025
vn 0.6906 0.0763 0.7192
vn 0.7349 0.0251 0.6777
vn 0.0143 0.9495 0.3135
vn -0.0010 -0.9541 0.2995
vn 0.0258 0.9482 0.3166
vn 0.2131 -0.8631 0.4578
vn 0.7353 -0.1102 0.6687
vn 0.1191 -0.9146 0.3864
vn 0.6834 -0.3585 0.6360
vn 0.2075 0.9227 0.3249
vn 0.2480 0.9147 0.3189
vn 0.7110 -0.0359 0.7022
vn 0.2681 0.9431 0.1964
vn 0.2735 0.9406 0.2011
vn 0.7060 -0.0755 0.7041
vn 0.6784 0.2380 0.6951
vn 0.0805 -0.2970 0.9515
vn 0.5456 -0.7152 0.4368
vn 0.7594 -0.0732 0.6465
vn 0.7812 -0.1249 0.6117
vn 0.3915 -0.9183 0.0584
vn 0.2563 -0.7740 0.5790
vn 0.2925 -0.7497 0.5936
vn 0.1435 -0.8386 0.5255
vn 0.7891 -0.1093 0.6044
vn 0.1786 0.9469 0.2672
vn 0.1484 0.7200 0.6780
vn -0.0432 0.4261 0.9037
vn -0.1910 0.4543 0.8701
vn 0.7607 -0.5546 0.3373
vn 0.9664 -0.0184 0.2563
vn -0.0693 -0.4949 0.8662
vn 0.9013 0.2841 0.3271
vn 0.3775 0.6202 0.6876
vn 0.0688 0.5821 0.8102
vn 0.9319 0.0500 0.3593
vn 0.5462 0.6601 0.5157
vn -0.0025 0.6470 0.7625
vn 0.3685 0.7113 0.5986
vn 0.0879 -0.2756 0.9572
vn 0.9098 0.0941 0.4043
vn 0.7382 -0.3935 0.5479
vn -0.1940 0.4792 0.8560
vn -0.0242 0.4643 0.8853
vn 0.6604 -0.1366 0.7384
vn 0.7752 0.1974 0.6001
vn 0.2331 -0.0500 0.9712
vn 0.3460 0.6590 0.6678
vn 0.0875 0.6011 0.7944
vn 0.6302 0.4904 0.6020
vn 0.3914 0.3284 0.8596
vn 0.6706 -0.1337 0.7296
vn 0.5317 -0.6604 0.5303
vn 0.5453 -0.4663 0.6965
vn 0.5296 -0.1702 0.8310
vn 0.1002 0.0647 0.9929
vn -0.2682 -0.2581 0.9281
vn -0.1040 -0.0535 0.9931
vn 0.0760 0.1288 0.9888
vn 0.9775 -0.1075 0.1815
vn 0.9358 -0.2400 0.2580
vn 0.8693 -0.1097 0.4819
vn 0.9323 -0.3020 0.1989
vn 0.8814 -0.1950 0.4302
vn 0.7521 -0.0076 0.6590
vn 0.9785 -0.2057 -0.0144
vn 0.5247 0.0098 0.8512
vn 0.2391 -0.6476 0.7235
vn 0.3321 -0.4359 0.8365
vn 0.3989 -0.1574 0.9034
vn 0.3783 -0.5272 0.7608
vn -0.3891 -0.1941 0.9005
vn -0.3460 -0.1420 0.9274
vn -0.2043 0.2223 0.9533
vn -0.0068 0.3025 0.9531
vn 0.0357 -0.1098 0.9933
vn -0.0135 -0.9990 -0.0416
vn -0.1349 -0.2264 -0.9646
vn 0.9623 0.1613 0.2188
vn 0.9081 0.3269 0.2618
vn -0.8164 -0.2127 0.5368
vn -0.5762 -0.2927 -0.7631
vn 0.0820 -0.0177 0.9965
vn -0.0669 -0.0376 0.9971
vn 0.8294 0.0856 -0.5521
vn 0.9237 -0.1445 0.3548
vn 0.1716 -0.6794 0.7134
vn 0.8663 0.1943 0.4602
vn 0.9492 0.0071 0.3145
vn 0.9950 -0.0229 0.0974
vn 0.9780 -0.0637 -0.1986
vn 0.9483 -0.2932 -0.1216
vn -0.2334 0.8399 0.4900
vn -0.5985 0.3413 0.7248
vn -0.4214 0.2207 0.8796
vn 0.7398 -0.0618 0.6699
vn 0.8884 -0.1610 0.4299
vn 0.4636 -0.0569 0.8842
vn 0.9677 -0.2231 -0.1176
vn 0.8121 -0.0878 0.5769
vn 0.3969 -0.1460 0.9062
vn 0.9011 0.0852 0.4253
vn 0.4172 -0.3519 -0.8379
vn 0.7681 0.1365 -0.6256
vn 0.0568 0.0071 -0.9984
vn 0.7892 0.1595 -0.5931
vn 0.7889 0.0629 -0.6113
vn -0.0718 -0.1236 0.9897
vn -0.5241 -0.3152 -0.7912
vn 0.0812 -0.1018 0.9915
vn 0.8537 0.3406 -0.3939
vn -0.7048 -0.1770 0.6870
vn 0.6941 -0.0960 0.7135
vn 0.2056 0.0870 -0.9748
vn 0.1999 0.1005 0.9746
vn 0.1414 -0.2835 0.9485
vn 0.0405 0.2668 0.9629
vn 0.4884 -0.1661 0.8567
vn 0.5031 -0.1761 0.8461
vn 0.2974 0.2252 0.9278
vn 0.5626 -0.0041 0.8267
vn 0.5188 0.0277 0.8544
vn 0.8762 -0.0040 -0.4819
vn 0.8862 -0.0055 -0.4633
vn -0.7033 -0.3218 -0.6338
vn -0.1337 -0.2704 -0.9534
vn 0.5671 0.0821 -0.8196
vn 0.2465 -0.2872 0.9256
vn 0.2552 0.3721 0.8924
vn 0.7309 0.5595 0.3909
vn 0.4659 0.3453 0.8147
vn 0.3460 0.4428 0.8272
vn 0.6009 0.0265 -0.7989
vn 0.3368 0.3283 -0.8825
vn 0.1989 0.4818 -0.8534
vn -0.0446 0.2172 -0.9751
vn 0.0549 0.0437 -0.9975
vn 0.1347 -0.0749 -0.9881
vn 0.1123 0.3654 -0.9241
vn 0.3272 0.4923 -0.8066
vn 0.8449 0.3617 -0.3940
vn 0.3320 -0.1529 -0.9308
vn 0.1924 0.0859 -0.9775
vn 0.1002 0.1697 -0.9804
vn 0.8765 0.0620 -0.4774
vn 0.7977 0.0509 -0.6008
vn -0.0587 -0.5145 -0.8555
vn -0.8974 -0.2623 -0.3547
vn 0.1243 -0.6000 -0.7903
vn 0.6294 -0.0436 -0.7758
vn -0.9509 -0.1871 -0.2465
vn 0.7747 0.0460 -0.6306
vn -0.4333 -0.3093 -0.8465
vn 0.9599 0.1837 0.2119
vn 0.5432 0.4233 0.7251
vn 0.6191 0.4337 0.6547
vn 0.4943 -0.4551 -0.7407
vn 0.5726 -0.4325 -0.6964
vn 0.7108 0.2856 0.6428
vn 0.7188 0.1648 -0.6754
vn 0.9292 -0.0308 -0.3683
vn 0.6521 0.1497 -0.7432
vn 0.5484 0.0910 -0.8312
vn 0.8265 0.0927 -0.5552
vn 0.8601 0.0555 -0.5071
vn -0.6464 -0.2643 -0.7158
vn -0.5948 -0.2465 -0.7652
vn -0.5905 -0.3067 -0.7465
vn 0.8949 0.1621 -0.4158
vn 0.1161 -0.1584 0.9805
vn -0.5407 -0.1886 0.8198
vn 0.0674 0.4230 0.9036
vn 0.8528 -0.0814 0.5158
vn 0.1907 -0.1755 0.9658
vn -0.0996 -0.2046 0.9738
vn 0.8694 -0.0493 0.4916
vn -0.0826 0.3777 0.9222
vn 0.0580 0.4204 0.9055
vn 0.7945 -0.4135 0.4448
vn 0.1174 -0.7572 0.6426
vn 0.0700 -0.1813 0.9809
vn 0.7925 -0.1065 0.6005
vn 0.2010 -0.2977 0.9333
vn -0.2060 -0.2382 0.9491
vn -0.2575 -0.2520 0.9328
vn 0.8582 -0.0878 0.5057
vn -0.5217 -0.3096 0.7949
vn -0.3604 -0.6827 0.6357
vn -0.9783 0.0294 0.2051
vn -0.9876 -0.0442 0.1507
vn -0.1678 -0.0993 0.9808
vn -0.9784 -0.1479 0.1444
vn 0.9389 -0.0452 0.3412
vn 0.8414 -0.0922 0.5326
vn 0.5101 0.3255 -0.7961
vn 0.2378 -0.3237 0.9158
vn 0.0311 -0.2824 0.9588
vn -0.5102 -0.3266 0.7957
vn 0.3873 -0.3301 0.8608
vn -0.4017 -0.3428 0.8492
vn 0.1827 0.0270 -0.9828
vn 0.1516 -0.0814 -0.9851
vn -0.7546 -0.0343 -0.6552
vn 0.8743 -0.0689 -0.4805
vn 0.7574 0.0232 -0.6525
vn -0.9997 -0.0086 -0.0229
vn -0.1424 0.0172 -0.9897
vn -0.1525 -0.0387 -0.9875
vn 0.9198 -0.0719 -0.3858
vn -0.9973 0.0077 -0.0731
vn 0.8982 0.0093 0.4395
vn 0.9054 0.4240 -0.0222
vn 0.7668 0.1572 -0.6224
vn 0.6346 0.2809 -0.7200
vn 0.7023 -0.1784 -0.6892
vn 0.7663 -0.0391 -0.6413
vn 0.8796 -0.1722 -0.4434
vn 0.9206 0.0155 -0.3903
vn 0.2572 -0.0219 -0.9661
vn 0.4935 0.2931 -0.8189
vn 0.4537 0.0810 -0.8874
vn 0.9969 0.0655 -0.0433
vn 0.5481 0.1957 -0.8132
vn -0.9775 -0.0097 -0.2107
vn -0.9886 -0.1489 -0.0235
vn -0.9945 -0.0917 0.0508
vn 0.9185 -0.0423 0.3931
vn 0.9022 -0.2733 0.3338
vn 0.0379 0.1955 0.9800
vn 0.1076 0.0317 0.9937
vn -0.9701 -0.0411 0.2393
vn 0.0510 -0.0806 0.9954
vn -0.2131 0.0553 0.9755
vn 0.5597 -0.3597 0.7466
vn -0.6136 -0.3399 0.7128
vn -0.4262 -0.3391 0.8387
vn 0.1173 -0.1534 0.9812
vn -0.3892 -0.2182 0.8949
vn -0.2257 -0.1550 0.9618
vn -0.3340 -0.1872 0.9238
vn -0.5886 -0.2158 0.7791
vn -0.0211 -0.1606 0.9868
vn -0.8918 0.1181 0.4367
vn -0.9933 0.0139 0.1144
vn -0.9919 0.0087 0.1264
vn -0.9889 -0.1255 0.0793
vn -0.9788 -0.0391 0.2013
vn -0.1364 0.0324 -0.9901
vn -0.9990 -0.0300 0.0317
vn -0.9727 -0.0999 0.2096
vn -0.6416 -0.2735 0.7166
vn -0.9568 -0.0671 0.2827
vn -0.9907 -0.0160 -0.1348
vn -0.9991 0.0053 -0.0425
vn -0.9721 -0.1822 -0.1476
vn 0.5588 -0.5255 0.6416
vn 0.3839 -0.5590 0.7350
vn 0.0622 -0.5942 0.8019
vn -0.9005 -0.2187 0.3760
vn 0.8677 -0.2734 0.4151
vn 0.4340 -0.5519 0.7120
vn 0.1207 -0.5885 0.7995
vn -0.9244 -0.0540 0.3776
vn -0.9124 -0.3640 -0.1870
vn -0.8079 -0.2305 -0.5423
vn -0.3377 -0.1714 0.9255
vn 0.0180 -0.0577 0.9982
vn -0.2081 -0.1223 0.9704
vn -0.1854 -0.1480 0.9715
vn -0.1992 -0.1489 0.9686
vn 0.9875 0.1149 0.1078
vn 0.9660 -0.0142 0.2582
vn 0.9678 0.1952 0.1587
vn 0.9386 -0.2072 0.2758
vn 0.4165 0.1956 0.8878
vn 0.9790 0.0802 0.1877
vn -0.9789 -0.0639 -0.1939
vn 0.1660 -0.2517 -0.9535
vn 0.8092 0.0707 -0.5833
vn 0.9921 -0.0228 -0.1230
vn 0.8001 0.1974 -0.5665
vn 0.5299 -0.0868 0.8436
vn 0.6891 -0.1548 0.7079
vn -0.5353 -0.1043 0.8382
vn -0.5788 -0.0391 0.8145
vn -0.9550 0.1162 0.2728
vn -0.8874 -0.0793 0.4542
vn -0.8529 -0.0715 0.5172
vn -0.8724 -0.0390 0.4873
vn 0.9321 0.0657 -0.3561
vn -0.0047 -0.0494 -0.9988
vn 0.0220 -0.0667 -0.9975
vn 0.0148 0.0193 -0.9997
vn 0.6183 0.2018 -0.7596
vn 0.5917 0.0879 -0.8014
vn 0.0296 0.2227 -0.9744
vn 0.5060 0.2809 -0.8155
vn -0.0659 0.2725 -0.9599
vn -0.9954 0.0928 0.0234
vn -0.9999 0.0069 -0.0075
vn 0.0274 -0.1982 0.9798
vn 0.6159 -0.0427 0.7867
vn 0.7337 -0.0265 0.6789
vn 0.3415 -0.9387 0.0464
vn 0.6800 0.1197 0.7234
vn 0.7225 -0.0410 0.6901
vn 0.9774 0.1270 0.1688
vn 0.6862 -0.6060 0.4024
vn 0.6177 -0.6669 0.4168
vn 0.8374 0.5430 0.0623
vn 0.9647 0.0840 0.2495
vn 0.7741 0.5850 0.2421
vn 0.9738 0.1082 0.2001
vn 0.6621 -0.5867 0.4663
vn 0.8605 0.4154 0.2948
vn 0.9337 0.1738 0.3131
vn 0.9790 0.0877 0.1841
vn 0.2782 -0.7450 0.6063
vn 0.6131 -0.6369 0.4674
vn 0.6487 -0.6263 0.4324
vn 0.9637 0.0811 0.2542
vn 0.4499 -0.5404 -0.7110
vn 0.9202 -0.3378 -0.1977
vn 0.9674 -0.2426 -0.0725
vn 0.4878 0.2264 0.8431
vn 0.8645 0.4592 0.2042
vn 0.5905 0.3164 -0.7425
vn 0.1047 -0.2448 -0.9639
vn -0.9831 -0.1820 0.0167
vn 0.5396 0.1807 0.8223
vn 0.2692 0.0906 -0.9588
vn 0.2040 -0.0536 -0.9775
vn 0.2420 -0.2704 -0.9318
vn 0.1290 -0.2549 -0.9583
vn -0.5362 -0.4124 -0.7365
vn -0.3896 -0.3681 -0.8442
vn -0.2589 0.2224 0.9399
vn -0.0000 0.4200 0.9075
vn -0.0000 0.0870 0.9962
vn 0.1166 0.4527 -0.8840
vn 0.0028 0.4936 -0.8697
vn 0.2117 0.2610 -0.9418
vn -0.0000 0.4628 -0.8865
vn -0.2921 0.9543 0.0637
vn -0.1458 -0.0781 -0.9862
vn 0.0376 0.0390 -0.9985
vn 0.0599 -0.0820 -0.9948
vn -0.2179 -0.1592 -0.9629
vn -0.0000 0.0245 -0.9997
vn -0.0000 -0.2610 -0.9653
vn -0.3584 -0.2536 -0.8985
vn -0.3477 -0.1136 -0.9307
vn -0.0781 0.4961 0.8647
vn -0.2661 0.4844 0.8334
vn 0.2334 0.8399 0.4900
vn -0.0000 0.4324 0.9017
vn -0.6553 0.1403 0.7423
vn -0.8878 0.2112 0.4089
vn -0.9237 -0.1438 0.3551
vn -0.1492 -0.1011 0.9836
vn -0.1254 0.3137 -0.9412
vn -0.9497 0.2217 -0.2210
vn -0.9139 0.1861 0.3607
vn -0.9551 -0.2669 -0.1290
vn -0.9248 -0.2945 -0.2410
vn -0.9159 -0.2926 -0.2748
vn -0.9550 -0.2486 -0.1618
vn -0.7861 0.6085 -0.1087
vn -0.1776 0.9476 0.2654
vn -0.9059 0.2939 0.3048
vn -0.9472 0.2578 0.1905
vn -0.9801 -0.1986 0.0056
vn -0.4130 -0.0363 0.9100
vn -0.9677 0.0013 0.2522
vn -0.7506 0.5237 0.4029
vn -0.7520 -0.0701 0.6554
vn -0.1854 -0.2773 0.9427
vn -0.9707 0.1816 0.1571
vn -0.7488 0.5271 0.4018
vn -0.7550 0.1147 -0.6456
vn -0.4391 0.4057 -0.8016
vn -0.1571 0.1959 -0.9680
vn -0.2064 -0.1883 -0.9602
vn 0.3523 0.0356 -0.9352
vn -0.3663 -0.3344 -0.8684
vn 0.8823 -0.1730 0.4378
vn -0.9499 -0.3064 -0.0613
vn 0.0810 -0.2404 0.9673
vn -0.6597 -0.6264 0.4153
vn -0.1017 0.1197 0.9876
vn -0.3635 0.3370 0.8685
vn -0.1681 0.0727 0.9831
vn -0.0399 0.0367 0.9985
vn -0.9484 0.2564 -0.1864
vn -0.9707 0.1437 0.1925
vn -0.8949 0.1472 -0.4212
vn 0.1902 -0.1577 -0.9690
vn 0.7074 -0.3193 -0.6306
vn 0.5858 -0.3074 -0.7499
vn 0.8610 -0.0411 0.5070
vn 0.9555 -0.2431 0.1672
vn 0.8413 -0.1163 0.5279
vn 0.0922 0.0026 0.9957
vn 0.4145 -0.0347 0.9094
vn -0.8093 0.2315 0.5399
vn -0.2749 0.2849 0.9183
vn 0.2440 0.1075 0.9638
vn -0.9707 0.0883 -0.2234
vn -0.9682 0.1337 -0.2116
vn -0.9693 0.0874 -0.2297
vn -0.9678 0.1766 -0.1794
vn 0.1375 -0.3549 -0.9248
vn 0.0934 -0.3550 -0.9302
vn 0.1349 -0.3484 -0.9276
vn 0.9013 -0.3807 -0.2067
vn 0.8800 -0.3469 0.3246
vn 0.8472 -0.2631 0.4615
vn 0.4270 -0.0394 0.9034
vn 0.8475 -0.2662 0.4592
vn 0.6376 -0.0161 0.7702
vn -0.8028 0.2436 0.5443
vn -0.9805 0.1336 -0.1440
vn -0.8100 0.0138 -0.5862
vn 0.0913 -0.3059 -0.9477
vn 0.4455 -0.3035 -0.8423
vn 0.7832 -0.4163 -0.4619
vn 0.6518 -0.0092 0.7584
vn -0.4858 0.7114 0.5079
vn -0.2665 0.8368 0.4783
vn -0.2895 0.9247 0.2472
vn -0.1371 0.8285 0.5430
vn -0.8450 0.2567 0.4691
vn -0.8171 0.1051 -0.5669
vn -0.8172 0.1035 -0.5670
vn -0.1459 0.7924 -0.5923
vn -0.7979 0.3685 -0.4770
vn 0.2386 -0.2936 -0.9257
vn 0.2564 -0.1710 -0.9513
vn 0.2037 0.0363 -0.9784
vn 0.2301 -0.0797 -0.9699
vn -0.4220 -0.2664 -0.8666
vn -0.4246 0.5264 0.7366
vn -0.9505 -0.0854 0.2986
vn -0.0000 -0.3001 0.9539
vn -0.4464 -0.4638 0.7653
vn -0.0000 -0.1114 0.9938
vn -0.0000 0.7205 0.6934
vn -0.0000 0.9818 -0.1898
vn -0.0000 0.8010 -0.5987
vn -0.0000 -0.0271 -0.9996
vn -0.7521 0.1393 0.6441
vn -0.7157 0.2567 0.6495
vn 0.2035 0.3793 0.9026
vn -0.7986 0.0980 0.5939
vn -0.7820 0.1107 -0.6134
vn -0.6546 0.0042 -0.7560
vn -0.8020 0.1190 -0.5854
vn -0.1186 -0.1006 -0.9878
vn -0.2446 0.2663 -0.9323
vn 0.2548 -0.3920 -0.8840
vn 0.9414 0.1124 -0.3179
vn 0.3367 0.0621 -0.9396
vn -0.2525 -0.3430 0.9048
vn 0.9112 0.2267 0.3439
vn -0.5308 0.1033 0.8412
vn -0.4937 -0.3575 -0.7928
vn -0.4561 -0.2165 -0.8632
vn -0.8759 -0.0126 0.4823
vn -0.9751 0.0178 -0.2210
vn 0.1335 -0.4371 0.8894
vn -0.2579 0.0562 -0.9645
vn -0.2736 0.0911 -0.9575
vn 0.9936 -0.0725 -0.0866
vn 0.7632 -0.1651 -0.6247
vn 0.8988 -0.3924 -0.1955
vn 0.2455 -0.3510 0.9036
vn 0.8967 -0.4013 -0.1865
vn 0.6834 0.6656 -0.2999
vn -0.4501 -0.1041 -0.8869
vn 0.5197 0.0380 0.8535
vn 0.1425 0.0676 0.9875
vn 0.2162 0.1086 -0.9703
vn -0.3580 -0.3945 0.8463
vn 0.7183 0.3217 0.6169
vn 0.6186 -0.4873 -0.6164
vn -0.2710 -0.0186 -0.9624
vn -0.6089 -0.7710 -0.1867
vn 0.1659 -0.1135 0.9796
vn 0.2291 0.0103 0.9734
vn 0.4571 0.0018 0.8894
vn 0.7044 0.2486 -0.6649
vn -0.4540 -0.0888 -0.8865
vn 0.6801 0.0342 0.7324
vn 0.0775 -0.0992 0.9920
vn 0.5889 0.8082 0.0076
vn -0.5220 -0.8493 -0.0791
vn -0.8617 -0.4317 0.2666
vn 0.3578 -0.1053 0.9278
vn 0.8149 0.4157 -0.4039
vn 0.3256 -0.1585 0.9321
vn 0.9713 -0.2060 -0.1190
vn 0.8695 0.3885 -0.3050
vn -0.8703 -0.4889 -0.0592
vn -0.9986 -0.0524 0.0052
vn -0.4840 -0.2380 -0.8421
vn -0.7570 -0.2793 0.5907
vn 0.7370 0.2341 -0.6341
vn 0.8255 -0.4266 -0.3695
vn 0.7071 0.7062 0.0377
vn -0.7810 -0.6028 -0.1631
vn 0.1467 -0.3348 0.9308
vn 0.4456 -0.0080 0.8952
vn -0.4512 -0.0807 -0.8888
vn -0.4509 -0.0866 -0.8883
vn 0.4700 0.0069 0.8827
vn 0.6132 0.7862 0.0769
vn -0.4552 -0.0766 -0.8871
vn 0.7088 0.0890 0.6997
vn 0.7219 0.2410 -0.6487
vn 0.7200 0.2418 -0.6505
vn -0.0475 0.0961 -0.9942
vn 0.1120 -0.1545 0.9816
vn 0.1670 0.1001 0.9809
vn -0.7565 0.3098 0.5759
vn -0.7645 0.3014 0.5698
vn -0.7359 0.0202 -0.6768
vn -0.8736 0.0778 -0.4803
vn 0.0719 -0.4493 -0.8905
vn 0.9347 -0.2292 -0.2718
vn 0.7981 -0.0574 0.5998
vn -0.2918 -0.3627 0.8851
vn 0.2906 0.0803 -0.9535
vn 0.2704 0.0881 -0.9587
vn -0.3162 -0.3746 0.8716
vn 0.2129 0.0211 0.9769
vn 0.7748 -0.5136 -0.3686
vn -0.1114 0.2666 0.9573
vn -0.8607 0.3001 0.4114
vn -0.9591 0.2413 -0.1478
vn -0.7822 0.2916 -0.5505
vn -0.8609 -0.0018 -0.5087
vn 0.6855 -0.3327 -0.6476
vn 0.8605 -0.0840 0.5025
vn 0.1004 0.2061 0.9734
vn -0.8650 -0.4784 0.1517
vn 0.0518 0.3878 -0.9203
vn 0.9470 0.0259 -0.3201
vn 0.2815 0.4771 -0.8326
vn -0.5487 -0.1960 0.8127
vn 0.1018 0.0337 0.9942
vn -0.3016 0.1660 0.9389
vn -0.9843 0.1760 0.0112
vn -0.9308 0.1914 0.3114
vn -0.7979 0.0239 -0.6023
vn -0.7821 0.1287 -0.6098
vn -0.0000 -0.1977 0.9803
vn -0.0000 0.0767 0.9971
vn 0.6530 -0.7228 0.2259
vn 0.3953 -0.0943 0.9137
vn 0.9557 0.0071 -0.2942
vn 0.9508 -0.3098 0.0033
vn -0.3602 0.0559 0.9312
vn -0.9875 0.1571 -0.0109
vn -0.8005 0.0893 -0.5926
vn -0.3245 -0.3784 -0.8669
vn 0.3282 -0.1701 0.9292
vn -0.0482 -0.4044 -0.9133
vn 0.9915 -0.1225 0.0435
vn -0.9136 -0.1531 0.3768
vn -0.5704 -0.8213 0.0064
vn -0.8184 -0.0998 0.5660
vn -0.9209 -0.3037 -0.2441
vn -0.3327 -0.9389 0.0878
vn -0.0000 -0.9936 0.1131
vn -0.2915 -0.0897 0.9523
vn -0.5349 -0.8446 0.0208
vn -0.0000 -0.1906 -0.9817
vn -0.8042 -0.1715 -0.5691
vn -0.7370 -0.4316 -0.5202
vn -0.0000 -0.7089 -0.7053
vn -0.0000 -0.1105 -0.9939
vn -0.7337 -0.3955 -0.5525
vn -0.0383 0.0311 -0.9988
vn -0.0000 0.0312 -0.9995
vn -0.0000 0.4131 -0.9107
vn 0.0067 0.4264 -0.9045
vn -0.8033 -0.1768 -0.5687
vn -0.9521 -0.2497 -0.1765
vn -0.8781 -0.2871 -0.3829
vn -0.7456 0.0969 -0.6594
vn -0.7998 0.3000 0.5199
vn -0.9992 -0.0385 0.0050
vn -0.9929 -0.1069 -0.0530
vn -0.9966 0.0583 0.0579
vn -0.9226 0.1577 0.3522
vn -0.8535 0.2101 0.4768
vn -0.3969 -0.1460 0.9062
vn -0.0000 0.1615 -0.9869
vn -0.0635 0.1977 -0.9782
vn 0.3078 0.1566 0.9385
vn -0.3431 -0.1171 0.9320
vn -0.8399 -0.4256 -0.3367
vn -0.9653 -0.2340 -0.1161
vn -0.9467 -0.3039 -0.1065
vn -0.7834 0.5605 -0.2687
vn -0.9868 0.0580 0.1509
vn -0.9782 -0.0077 0.2074
vn -0.9107 -0.0676 0.4075
vn -0.9110 -0.1687 0.3763
vn -0.9892 -0.0994 0.1081
vn -0.9018 -0.4291 0.0509
vn -0.7796 0.0756 0.6217
vn -0.8001 0.0532 0.5974
vn -0.9397 -0.0411 0.3395
vn -0.9436 -0.3142 -0.1041
vn -0.9200 -0.2333 -0.3148
vn -0.8116 -0.0869 0.5777
vn -0.8035 -0.0789 0.5901
vn -0.9714 0.0955 0.2174
vn -0.9756 0.0131 0.2193
vn -0.9444 0.1127 0.3089
vn -0.9364 0.0967 0.3374
vn -0.9351 -0.2709 0.2283
vn -0.9416 -0.2290 0.2469
vn -0.9335 -0.2639 0.2429
vn -0.9716 0.0051 0.2364
vn -0.9266 -0.0527 0.3723
vn -0.8837 -0.2324 0.4063
vn -0.9137 -0.2349 0.3318
vn -0.3316 0.9404 -0.0750
vn -0.1660 -0.0738 -0.9834
vn -0.9888 -0.1237 0.0831
vn -0.9040 -0.4239 0.0561
vn -0.9743 -0.2247 -0.0127
vn -0.5884 -0.7103 0.3863
vn -0.1674 -0.9233 0.3458
vn -0.7949 -0.0930 0.5995
vn -0.9757 -0.2188 0.0147
vn -0.2232 -0.8923 0.3924
vn -0.5965 -0.7250 0.3442
vn -0.9414 -0.2479 0.2287
vn -0.5978 -0.7532 0.2743
vn -0.9841 0.0464 0.1717
vn -0.9580 0.0924 0.2714
vn -0.9169 -0.1708 0.3607
vn -0.9067 -0.3017 0.2946
vn -0.8481 -0.3151 0.4259
vn -0.9513 -0.0156 0.3078
vn -0.9709 -0.0106 0.2395
vn -0.9846 -0.0566 0.1655
vn -0.9388 -0.0718 0.3368
vn -0.0000 -0.2521 -0.9677
vn -0.0785 -0.2513 -0.9647
vn -0.5763 -0.7036 0.4157
vn -0.8721 -0.2516 0.4197
vn -0.9586 -0.1088 0.2632
vn -0.8761 -0.2134 0.4323
vn -0.9019 -0.1660 0.3989
vn -0.9406 -0.2150 0.2628
vn -0.0645 0.2524 -0.9655
vn -0.0000 0.2011 -0.9796
vn -0.0000 -0.1023 0.9948
vn -0.9156 -0.1264 0.3816
vn -0.9210 -0.1813 0.3447
vn -0.0714 -0.1310 0.9888
vn -0.6350 -0.3019 0.7111
vn -0.9744 -0.0146 0.2243
vn -0.9849 -0.0666 0.1600
vn -0.9806 0.1803 0.0771
vn -0.9975 -0.0053 -0.0699
vn -0.5420 0.2454 -0.8037
vn -0.4630 0.0851 -0.8822
vn 0.7039 -0.2187 0.6758
vn 0.9478 -0.1925 0.2544
vn 0.5444 0.0080 -0.8388
vn 0.9902 0.1047 -0.0926
vn -0.9733 -0.0077 -0.2292
vn -0.1767 0.8475 0.5005
vn 0.9933 -0.0510 0.1034
vn -0.9776 0.0029 -0.2105
vn -0.4280 0.8052 0.4104
vn 0.9565 -0.0089 0.2915
vn -0.7964 0.2776 0.5373
vn -0.9971 -0.0591 -0.0481
vn -0.9282 0.3438 0.1421
vn -0.8746 0.0259 -0.4841
vn -0.7250 0.2533 -0.6405
vn -0.0686 -0.9659 -0.2498
vn 0.0068 0.9903 0.1388
vn 0.9765 0.0065 0.2155
vn 0.9803 -0.0507 -0.1911
vn 0.9913 -0.1027 -0.0822
vn 0.8965 0.0792 -0.4359
vn 0.9229 0.0093 -0.3848
vn 0.0949 0.8686 0.4864
vn 0.9817 -0.0590 0.1812
vn 0.6228 0.0120 0.7823
vn -0.6981 -0.0829 0.7112
vn -0.7454 -0.1646 0.6460
vn 0.6644 -0.0287 0.7468
vn -0.9179 -0.0810 0.3883
vn -0.8964 -0.1731 0.4080
vn -0.9723 -0.0636 -0.2247
vn -0.9221 -0.1975 -0.3327
vn -0.7631 -0.0437 -0.6448
vn -0.7021 -0.2323 -0.6732
vn 0.7517 -0.0265 0.6590
vn 0.7915 0.0790 0.6060
vn 0.1710 0.0326 -0.9847
vn 0.8732 0.1286 -0.4700
vn 0.9863 -0.0611 0.1533
vn 0.2217 -0.1121 -0.9686
vn -0.0164 0.8817 0.4716
vn -0.1326 0.8706 0.4738
vn -0.3756 -0.0120 0.9267
vn -0.1422 -0.0690 0.9874
vn -0.3606 -0.0243 0.9324
vn -0.9710 -0.2019 0.1277
vn -0.9830 -0.0821 -0.1640
vn -0.1630 0.0010 -0.9866
vn 0.2698 -0.1016 0.9575
vn 0.3065 0.0314 -0.9514
vn 0.8382 0.0497 -0.5431
vn -0.6472 -0.2764 0.7105
vn -0.7997 -0.1240 0.5875
vn -0.9097 -0.0661 0.4101
vn -0.9822 -0.0225 -0.1865
vn -0.8074 0.0742 -0.5853
vn 0.8567 -0.1261 0.5001
vn 0.1927 0.1657 -0.9672
vn 0.9586 -0.0127 0.2846
vn -0.1535 0.9867 0.0542
vn -0.5344 0.7751 0.3371
vn -0.3694 0.8280 0.4218
vn -0.9571 0.0888 -0.2757
vn 0.9918 -0.0028 0.1275
vn -0.5882 0.7670 0.2565
vn -0.9991 0.0092 -0.0423
vn -0.0857 -0.9914 0.0986
vn -0.9726 0.0739 -0.2206
vn -0.6236 0.7756 0.0982
vn 0.9936 0.0969 -0.0577
vn 0.9904 0.0495 0.1290
vn 0.1195 0.9499 0.2888
vn 0.9928 0.1178 -0.0217
vn -0.1506 0.9499 0.2739
vn -0.0249 0.8732 0.4867
vn -0.8642 0.0715 -0.4980
vn -0.0025 -1.0000 -0.0052
vn -0.9078 0.1270 -0.3996
vn 0.2018 -0.9618 -0.1850
vn 0.0608 -0.9912 0.1176
vn -0.7578 -0.1888 0.6245
vn 0.6392 -0.0867 0.7641
vn -0.8936 -0.1723 0.4145
vn -0.9532 -0.1615 -0.2556
vn -0.8030 -0.1305 -0.5815
vn 0.6349 -0.1043 0.7655
vn 0.9558 -0.0649 0.2868
vn 0.2148 -0.0832 -0.9731
vn -0.1841 -0.1844 0.9655
vn -0.8028 -0.3161 0.5056
vn -0.6966 -0.2089 0.6864
vn 0.0482 -0.0742 0.9961
vn -0.9307 -0.2638 0.2533
vn -0.9408 -0.1840 0.2847
vn -0.7779 -0.0919 -0.6217
vn -0.6448 -0.0506 -0.7627
vn -0.1475 -0.0575 -0.9874
vn 0.9292 0.0780 0.3612
vn 0.1519 -0.0522 -0.9870
vn 0.9917 -0.0435 0.1207
vn 0.9986 0.0280 0.0456
vn -0.6256 -0.0528 0.7783
vn -0.9979 -0.0230 0.0612
vn -0.5013 -0.2251 -0.8355
vn -0.4649 -0.4315 -0.7731
vn 0.3838 -0.1450 0.9120
vn 0.9967 0.0637 0.0509
vn 0.6675 -0.3321 -0.6665
vn 0.0508 -0.8988 0.4354
vn -0.0180 -0.9998 0.0049
vn -0.2261 -0.8626 0.4524
vn 0.0076 0.9827 0.1851
vn 0.9885 0.0347 0.1472
vn 0.0077 0.9818 0.1897
vn -0.2860 0.8814 0.3760
vn 0.9491 -0.0136 0.3146
vn -0.9385 -0.0049 -0.3452
vn 0.9969 0.0779 -0.0145
vn 0.3032 -0.9043 -0.3006
vn -0.9899 -0.0700 0.1230
vn 0.1230 -0.9243 -0.3613
vn 0.1828 -0.9669 -0.1783
vn -0.6713 -0.6407 0.3727
vn -0.9484 0.0414 -0.3145
vn -0.9984 -0.0072 0.0553
vn 0.9973 0.0325 0.0657
vn 0.9973 0.0320 0.0666
vn -0.0261 -0.9995 0.0154
vn 0.0042 -0.9999 -0.0151
vn 0.0185 -0.9993 -0.0326
vn -0.4045 -0.5901 0.6987
vn -0.4125 0.0942 0.9061
vn -0.7956 -0.2170 0.5656
vn -0.8395 -0.1428 0.5242
vn -0.4331 0.1899 0.8811
vn -0.3170 -0.6306 0.7085
vn -0.0000 -0.1050 0.9945
vn -0.0000 0.5574 0.8302
vn -0.5385 -0.1291 0.8327
vn -0.7246 -0.1180 0.6790
vn -0.5419 0.0435 0.8393
vn -0.8997 0.1989 0.3886
vn -0.0000 -0.8758 0.4827
vn -0.1782 0.7245 0.6658
vn -0.2132 0.2517 0.9440
vn -0.5438 -0.8379 0.0472
vn -0.7227 -0.2593 0.6407
vn -0.3416 -0.9368 0.0759
vn -0.0000 -0.3360 0.9418
vn -0.0000 -0.9967 0.0816
vn -0.8373 -0.1147 0.5346
vn -0.6136 0.3274 0.7185
vn -0.0000 0.5472 0.8370
vn -0.0000 0.6507 0.7593
vn -0.9736 0.0693 0.2176
vn -0.9684 0.1168 0.2205
vn -0.8628 0.5047 0.0285
vn -0.3842 0.2581 0.8865
vn -0.6164 -0.4862 0.6194
vn -0.6718 -0.6244 0.3984
vn -0.2225 -0.6665 0.7115
vn -0.9052 -0.2985 0.3025
vn -0.6906 0.0763 0.7192
vn -0.0000 0.9556 0.2947
vn -0.0000 -0.7423 0.6700
vn -0.0000 -0.7043 0.7099
vn -0.7349 0.0251 0.6777
vn -0.0143 0.9495 0.3135
vn 0.0010 -0.9541 0.2995
vn -0.0000 -0.2980 0.9546
vn -0.0258 0.9482 0.3166
vn -0.2131 -0.8631 0.4578
vn -0.0000 -0.8863 0.4630
vn -0.7353 -0.1102 0.6687
vn -0.1191 -0.9146 0.3864
vn -0.6834 -0.3585 0.6360
vn -0.2075 0.9227 0.3249
vn -0.2480 0.9147 0.3189
vn -0.7110 -0.0359 0.7022
vn -0.2681 0.9431 0.1964
vn -0.2735 0.9406 0.2011
vn -0.7060 -0.0755 0.7041
vn -0.6784 0.2380 0.6951
vn -0.0805 -0.2970 0.9515
vn -0.5456 -0.7152 0.4368
vn -0.7594 -0.0732 0.6465
vn -0.7812 -0.1249 0.6117
vn -0.3915 -0.9183 0.0584
vn -0.0000 -0.7946 0.6071
vn -0.2563 -0.7740 0.5790
vn -0.2925 -0.7497 0.5936
vn -0.1435 -0.8386 0.5255
vn -0.7891 -0.1093 0.6044
vn -0.1786 0.9469 0.2672
vn -0.1484 0.7200 0.6780
vn 0.0432 0.4261 0.9037
vn 0.1910 0.4543 0.8701
vn -0.7607 -0.5546 0.3373
vn -0.9664 -0.0184 0.2563
vn 0.0693 -0.4949 0.8662
vn -0.9013 0.2841 0.3271
vn -0.3775 0.6202 0.6876
vn -0.0688 0.5821 0.8102
vn -0.9319 0.0500 0.3593
vn -0.5462 0.6601 0.5157
vn 0.0025 0.6470 0.7625
vn -0.3685 0.7113 0.5986
vn -0.0879 -0.2756 0.9572
vn -0.9098 0.0941 0.4043
vn -0.7382 -0.3935 0.5479
vn 0.1940 0.4792 0.8560
vn 0.0242 0.4643 0.8853
vn -0.6604 -0.1366 0.7384
vn -0.7752 0.1974 0.6001
vn -0.2331 -0.0500 0.9712
vn -0.3460 0.6590 0.6678
vn -0.0875 0.6011 0.7944
vn -0.6302 0.4904 0.6020
vn -0.3914 0.3284 0.8596
vn -0.6707 -0.1337 0.7296
vn -0.5317 -0.6604 0.5303
vn -0.5453 -0.4663 0.6965
vn -0.5296 -0.1702 0.8310
vn -0.1002 0.0647 0.9929
vn 0.2682 -0.2581 0.9281
vn 0.1040 -0.0535 0.9931
vn -0.0760 0.1288 0.9888
vn -0.9775 -0.1075 0.1815
vn -0.9358 -0.2400 0.2580
vn -0.8693 -0.1097 0.4819
vn -0.9323 -0.3020 0.1989
vn -0.8814 -0.1950 0.4302
vn -0.7521 -0.0076 0.6590
vn -0.9785 -0.2057 -0.0144
vn -0.0000 0.2003 0.9797
vn -0.5247 0.0098 0.8512
vn -0.2391 -0.6476 0.7235
vn -0.3321 -0.4359 0.8365
vn -0.3989 -0.1574 0.9034
vn -0.3783 -0.5272 0.7608
vn -0.0000 0.2542 0.9671
vn 0.3891 -0.1941 0.9005
vn 0.3460 -0.1420 0.9274
vn 0.2043 0.2223 0.9533
vn 0.0068 0.3025 0.9531
vn -0.0357 -0.1098 0.9933
vn 0.0135 -0.9990 -0.0416
vn 0.1349 -0.2264 -0.9646
vn -0.9623 0.1613 0.2188
vn -0.9081 0.3269 0.2618
vn 0.8164 -0.2127 0.5368
vn 0.5762 -0.2927 -0.7631
vn -0.0820 -0.0177 0.9965
vn 0.0669 -0.0376 0.9971
vn -0.8294 0.0856 -0.5521
vn -0.0000 -0.2906 0.9569
vn -0.9237 -0.1445 0.3548
vn -0.1716 -0.6794 0.7134
vn -0.8663 0.1943 0.4602
vn -0.9492 0.0071 0.3145
vn -0.9950 -0.0229 0.0974
vn -0.9780 -0.0637 -0.1986
vn -0.9483 -0.2932 -0.1216
vn 0.5985 0.3413 0.7248
vn 0.4214 0.2207 0.8796
vn -0.7399 -0.0618 0.6699
vn -0.8884 -0.1610 0.4299
vn -0.4636 -0.0569 0.8842
vn -0.9677 -0.2231 -0.1176
vn -0.8121 -0.0878 0.5769
vn -0.9011 0.0852 0.4253
vn -0.4172 -0.3519 -0.8379
vn -0.7681 0.1365 -0.6256
vn -0.0568 0.0071 -0.9984
vn -0.7892 0.1595 -0.5931
vn -0.7889 0.0629 -0.6113
vn 0.0718 -0.1236 0.9897
vn 0.5241 -0.3152 -0.7912
vn -0.0812 -0.1018 0.9915
vn -0.8537 0.3406 -0.3939
vn 0.7048 -0.1770 0.6870
vn -0.6941 -0.0960 0.7135
vn -0.2056 0.0870 -0.9748
vn -0.1999 0.1005 0.9746
vn -0.1414 -0.2835 0.9485
vn -0.0405 0.2668 0.9629
vn -0.4884 -0.1661 0.8567
vn -0.5031 -0.1761 0.8461
vn -0.2974 0.2252 0.9278
vn -0.5626 -0.0041 0.8267
vn 0.9783 -0.1651 -0.1255
vn -0.5188 0.0277 0.8544
vn -0.8762 -0.0040 -0.4819
vn -0.8862 -0.0055 -0.4633
vn 0.7033 -0.3218 -0.6338
vn 0.1337 -0.2704 -0.9534
vn -0.5671 0.0821 -0.8196
vn -0.2465 -0.2872 0.9256
vn -0.2552 0.3721 0.8924
vn -0.7309 0.5595 0.3909
vn -0.4659 0.3453 0.8147
vn -0.3460 0.4428 0.8272
vn -0.6009 0.0265 -0.7989
vn -0.3368 0.3283 -0.8825
vn -0.1989 0.4818 -0.8534
vn 0.0446 0.2172 -0.9751
vn -0.0549 0.0437 -0.9975
vn -0.1347 -0.0749 -0.9881
vn -0.1123 0.3654 -0.9241
vn -0.3272 0.4923 -0.8066
vn -0.0000 0.4115 -0.9114
vn -0.8449 0.3617 -0.3941
vn -0.3320 -0.1529 -0.9308
vn -0.1924 0.0859 -0.9775
vn -0.1002 0.1697 -0.9804
vn -0.8765 0.0620 -0.4774
vn -0.7977 0.0509 -0.6008
vn 0.0587 -0.5145 -0.8555
vn 0.8974 -0.2623 -0.3547
vn -0.1243 -0.6000 -0.7903
vn -0.6294 -0.0435 -0.7758
vn 0.9509 -0.1871 -0.2465
vn -0.7747 0.0460 -0.6306
vn 0.4333 -0.3093 -0.8465
vn -0.9599 0.1837 0.2119
vn -0.5432 0.4233 0.7251
vn -0.6191 0.4337 0.6547
vn -0.4943 -0.4551 -0.7407
vn -0.5726 -0.4325 -0.6964
vn -0.7108 0.2856 0.6428
vn -0.7188 0.1648 -0.6754
vn -0.9292 -0.0308 -0.3683
vn -0.6521 0.1497 -0.7432
vn -0.5484 0.0910 -0.8312
vn -0.8265 0.0927 -0.5552
vn -0.8601 0.0555 -0.5071
vn 0.6464 -0.2643 -0.7158
vn 0.5948 -0.2465 -0.7652
vn 0.5905 -0.3067 -0.7465
vn -0.8949 0.1621 -0.4158
vn -0.1161 -0.1584 0.9805
vn 0.5407 -0.1886 0.8198
vn -0.0674 0.4230 0.9036
vn -0.8528 -0.0814 0.5158
vn -0.1907 -0.1755 0.9658
vn 0.0996 -0.2046 0.9738
vn -0.8694 -0.0493 0.4916
vn 0.0826 0.3777 0.9222
vn -0.0580 0.4204 0.9055
vn -0.7945 -0.4135 0.4448
vn -0.1174 -0.7572 0.6426
vn -0.0700 -0.1813 0.9809
vn -0.7925 -0.1065 0.6005
vn -0.2010 -0.2977 0.9333
vn 0.2060 -0.2382 0.9491
vn 0.2575 -0.2520 0.9328
vn -0.8582 -0.0878 0.5057
vn 0.5217 -0.3096 0.7949
vn 0.3604 -0.6827 0.6357
vn 0.9783 0.0294 0.2051
vn 0.9876 -0.0442 0.1507
vn 0.1678 -0.0993 0.9808
vn 0.9784 -0.1479 0.1444
vn -0.9389 -0.0452 0.3412
vn -0.8414 -0.0922 0.5326
vn -0.5101 0.3255 -0.7961
vn -0.2378 -0.3237 0.9158
vn -0.0311 -0.2824 0.9588
vn 0.5102 -0.3266 0.7957
vn -0.3873 -0.3301 0.8608
vn 0.4017 -0.3428 0.8492
vn -0.1827 0.0270 -0.9828
vn -0.1516 -0.0814 -0.9851
vn 0.7546 -0.0343 -0.6552
vn -0.8743 -0.0689 -0.4805
vn -0.7574 0.0232 -0.6525
vn 0.9997 -0.0086 -0.0229
vn 0.1424 0.0172 -0.9897
vn 0.1525 -0.0387 -0.9875
vn -0.9198 -0.0719 -0.3858
vn 0.9973 0.0077 -0.0731
vn -0.8982 0.0093 0.4395
vn -0.9054 0.4240 -0.0222
vn -0.7668 0.1572 -0.6224
vn -0.6346 0.2809 -0.7200
vn -0.7023 -0.1784 -0.6892
vn -0.7663 -0.0391 -0.6413
vn -0.8796 -0.1722 -0.4434
vn -0.9206 0.0155 -0.3903
vn -0.2572 -0.0219 -0.9661
vn -0.4935 0.2931 -0.8189
vn -0.4537 0.0810 -0.8874
vn -0.9969 0.0655 -0.0433
vn -0.5481 0.1957 -0.8132
vn 0.9775 -0.0097 -0.2107
vn 0.9886 -0.1489 -0.0235
vn 0.9945 -0.0917 0.0508
vn -0.9185 -0.0423 0.3931
vn -0.9022 -0.2733 0.3338
vn -0.0379 0.1955 0.9800
vn -0.1076 0.0317 0.9937
vn 0.9701 -0.0411 0.2393
vn -0.0510 -0.0806 0.9954
vn 0.2131 0.0553 0.9755
vn -0.5597 -0.3597 0.7466
vn 0.6136 -0.3399 0.7128
vn 0.4262 -0.3391 0.8387
vn -0.1173 -0.1534 0.9812
vn 0.3892 -0.2182 0.8949
vn 0.2257 -0.1550 0.9618
vn 0.3340 -0.1872 0.9238
vn 0.5886 -0.2158 0.7791
vn 0.0211 -0.1606 0.9868
vn 0.8918 0.1181 0.4367
vn 0.9933 0.0139 0.1144
vn 0.9919 0.0087 0.1264
vn 0.9889 -0.1255 0.0793
vn 0.9788 -0.0391 0.2013
vn 0.1364 0.0324 -0.9901
vn 0.9990 -0.0300 0.0317
vn 0.9727 -0.0999 0.2096
vn 0.6416 -0.2735 0.7166
vn 0.9568 -0.0671 0.2827
vn 0.9907 -0.0160 -0.1348
vn 0.9991 0.0053 -0.0425
vn 0.9721 -0.1822 -0.1476
vn -0.5588 -0.5255 0.6416
vn -0.3839 -0.5590 0.7350
vn -0.0622 -0.5942 0.8019
vn 0.9005 -0.2187 0.3760
vn -0.8677 -0.2734 0.4151
vn -0.4340 -0.5519 0.7120
vn -0.1207 -0.5885 0.7995
vn 0.9244 -0.0540 0.3776
vn 0.9124 -0.3640 -0.1870
vn 0.8079 -0.2305 -0.5423
vn 0.3377 -0.1714 0.9255
vn -0.0180 -0.0577 0.9982
vn 0.2081 -0.1223 0.9704
vn 0.1854 -0.1480 0.9715
vn 0.1992 -0.1489 0.9686
vn -0.9875 0.1149 0.1077
vn -0.9660 -0.0142 0.2582
vn -0.9678 0.1952 0.1587
vn -0.9386 -0.2072 0.2758
vn -0.4165 0.1956 0.8878
vn -0.9790 0.0802 0.1877
vn 0.9789 -0.0639 -0.1939
vn -0.1660 -0.2517 -0.9535
vn -0.8092 0.0706 -0.5833
vn -0.9921 -0.0228 -0.1230
vn -0.8001 0.1974 -0.5665
vn -0.5299 -0.0868 0.8436
vn -0.6891 -0.1548 0.7079
vn 0.5353 -0.1043 0.8382
vn 0.5788 -0.0391 0.8145
vn 0.9550 0.1162 0.2728
vn 0.8874 -0.0793 0.4542
vn 0.8529 -0.0715 0.5172
vn 0.8724 -0.0390 0.4873
vn -0.9321 0.0657 -0.3561
vn 0.0047 -0.0494 -0.9988
vn -0.0220 -0.0667 -0.9975
vn -0.0148 0.0193 -0.9997
vn -0.6183 0.2018 -0.7596
vn -0.5917 0.0879 -0.8014
vn -0.0296 0.2227 -0.9744
vn -0.5060 0.2809 -0.8155
vn 0.0659 0.2725 -0.9599
vn 0.9954 0.0928 0.0234
vn 0.9999 0.0069 -0.0075
vn -0.0000 -0.1929 0.9812
vn -0.0274 -0.1982 0.9798
vn -0.0000 -0.1037 0.9946
vn -0.6159 -0.0427 0.7867
vn -0.7337 -0.0265 0.6789
vn -0.3415 -0.9387 0.0464
vn -0.6800 0.1197 0.7234
vn -0.7225 -0.0410 0.6901
vn -0.9774 0.1270 0.1688
vn -0.0000 0.6238 0.7816
vn -0.6862 -0.6060 0.4024
vn -0.6177 -0.6669 0.4168
vn -0.8374 0.5430 0.0623
vn -0.9647 0.0840 0.2495
vn -0.7741 0.5850 0.2421
vn -0.9738 0.1082 0.2001
vn -0.6621 -0.5866 0.4663
vn -0.8605 0.4154 0.2948
vn -0.9337 0.1738 0.3131
vn -0.0000 0.1069 0.9943
vn -0.9790 0.0877 0.1841
vn -0.0000 -0.8135 0.5816
vn -0.2782 -0.7450 0.6063
vn -0.0000 -0.7652 0.6438
vn -0.6131 -0.6369 0.4674
vn -0.6487 -0.6263 0.4324
vn -0.9637 0.0811 0.2542
vn -0.4499 -0.5404 -0.7110
vn -0.9202 -0.3378 -0.1977
vn -0.9674 -0.2426 -0.0725
vn -0.4878 0.2264 0.8431
vn -0.8645 0.4592 0.2042
vn -0.5905 0.3164 -0.7425
vn -0.1047 -0.2448 -0.9639
vn 0.9831 -0.1820 0.0167
vn -0.5396 0.1807 0.8223
vn -0.2692 0.0906 -0.9588
vn -0.2040 -0.0536 -0.9775
vn 0.2271 0.9642 0.1368
vn -0.9832 0.0037 0.1822
vn 0.9923 -0.0196 -0.1223
vn 0.1687 0.4617 -0.8709
vn 0.7952 0.3900 -0.4642
vn -0.0000 0.4684 -0.8835
vn 0.1395 0.1295 -0.9817
vn 0.1597 -0.6509 -0.7422
vn 0.1422 -0.6522 -0.7446
vn 0.9662 -0.1728 0.1912
vn 0.6870 -0.7230 -0.0735
vn 0.6993 -0.7073 -0.1037
vn 0.9544 -0.2043 0.2179
vn -0.7505 0.0630 -0.6578
vn -0.9116 -0.2881 -0.2932
vn -0.7641 -0.1812 -0.6192
vn -0.7359 0.2476 -0.6302
vn 0.2338 0.2909 -0.9277
vn -0.9514 -0.0431 -0.3050
vn 0.4622 0.7711 0.4379
vn 0.3718 -0.3319 0.8670
vn 0.4495 0.8137 0.3686
vn -0.9461 -0.3092 0.0961
vn 0.8701 -0.3940 0.2960
vn 0.9166 -0.3772 0.1326
vn -0.2815 0.4771 -0.8326
vn -0.0000 0.2264 -0.9740
vn 0.6504 -0.2888 0.7025
vn 0.0391 -0.1745 0.9839
vn -0.9827 0.0195 0.1840
vn 0.0782 -0.3949 -0.9154
vn 0.9781 -0.2065 -0.0263
vn 0.5055 0.5430 -0.6706
vn 0.9742 0.2097 0.0829
vn 0.7076 0.1697 -0.6860
vn 0.1241 0.1688 0.9778
vn 0.2752 0.2910 0.9163
vn 0.9726 -0.2101 0.0994
vn 0.4801 -0.2058 -0.8528
vn -0.7754 -0.3556 -0.5218
vn 0.4554 -0.0744 -0.8872
vn 0.9996 0.0248 -0.0141
vn 0.5866 -0.6112 -0.5314
vn -0.8341 -0.5476 0.0667
vn -0.7699 0.0125 -0.6380
vn 0.6519 -0.5600 -0.5113
vn 0.1936 -0.6478 -0.7368
vn 0.8468 -0.5290 -0.0556
vn 0.0856 -0.3348 0.9384
vn 0.0595 0.5462 0.8355
vn -0.4354 -0.0044 0.9002
vn -0.8522 -0.5082 -0.1240
vn 0.3286 -0.1301 0.9355
vn 0.1548 -0.3328 -0.9302
vn 0.9689 0.1118 -0.2210
vn -0.0000 -1.0000 -0.0000
vn -0.9243 -0.0919 0.3705
vn -0.9673 -0.0727 0.2428
vn 0.9838 0.0853 -0.1578
vn 0.1970 -0.9076 0.3707
vn 0.8874 -0.4294 -0.1678
vn -0.9820 -0.1886 0.0134
vn -0.9518 -0.2781 -0.1290
vn 0.9707 -0.1938 -0.1423
vn 0.8294 -0.3101 0.4646
vn 0.2069 -0.9558 0.2088
vn -0.9860 0.0055 0.1666
vn 0.9945 -0.0248 -0.1019
vn 0.1659 0.1361 -0.9767
vn 0.9836 -0.1210 -0.1340
vn 0.0526 0.1011 -0.9935
vn 0.7156 0.1966 0.6702
vn 0.7599 -0.3045 0.5742
vn -0.1034 0.3320 -0.9376
vn -0.1442 -0.0949 -0.9850
vn 0.6709 0.3443 -0.6568
vn 0.1113 -0.7045 -0.7009
vn 0.1415 -0.3521 -0.9252
vn 0.7063 -0.4888 -0.5121
vn 0.9879 -0.0815 -0.1318
vn 0.2628 -0.1077 -0.9588
vn -0.9147 -0.3908 -0.1030
vn -0.7616 -0.3250 -0.5607
vn -0.0708 -0.9880 0.1370
vn -0.6665 0.0991 0.7389
vn 0.5767 0.8085 0.1174
vn 0.9841 0.0476 -0.1712
vn 0.7718 0.6038 -0.1993
vn 0.2434 0.6795 -0.6921
vn 0.9411 0.2956 -0.1643
vn 0.6637 0.2712 0.6971
vn -0.4436 0.3427 -0.8281
vn 0.4053 0.7719 0.4898
vn 0.1781 -0.0266 -0.9837
vn 0.1629 -0.1842 -0.9693
vn -0.9821 0.0200 0.1871
vn -0.1929 0.1637 -0.9675
vn -0.2132 -0.0598 -0.9752
vn 0.9234 -0.0246 0.3830
vn 0.7726 -0.5934 0.2257
vn 0.9517 0.0312 0.3054
vn 0.9943 0.0544 -0.0921
vn 0.9554 -0.0465 0.2915
vn 0.8938 -0.0529 0.4453
vn 0.9222 -0.0670 0.3808
vn 0.6581 0.1299 0.7416
vn -0.8820 -0.3472 0.3187
vn -0.9448 -0.3111 0.1023
vn 0.9993 0.0254 -0.0272
vn -0.1070 -0.9890 -0.1018
vn 0.9531 -0.1746 0.2474
vn 0.5690 0.0483 0.8209
vn 0.9616 0.1556 -0.2260
vn 0.7924 0.4170 0.4453
vn -0.1904 -0.1481 0.9705
vn 0.2933 0.0018 -0.9560
vn 0.9754 -0.1427 -0.1682
vn 0.9864 -0.0409 -0.1592
vn 0.7926 0.0132 -0.6095
vn 0.0135 -0.9999 -0.0012
vn 0.9571 0.0887 -0.2758
vn 0.9671 0.0591 -0.2475
vn 0.9480 0.0392 -0.3159
vn 0.6961 -0.6914 0.1932
vn -0.6147 -0.5744 -0.5405
vn -0.9588 -0.0773 0.2734
vn 0.1226 0.9870 0.1042
vn 0.9683 0.0495 -0.2450
vn -0.1457 -0.3429 0.9280
vn -0.0000 -0.4285 0.9035
vn -0.9508 -0.3098 0.0033
vn -0.1215 -0.2496 -0.9607
vn -0.0865 0.9582 0.2728
vn -0.2335 -0.2889 0.9285
vn 0.2042 -0.9418 0.2672
vn 0.4553 -0.1391 -0.8794
vn 0.8479 0.0230 0.5296
vn 0.8926 0.0155 0.4507
vn -0.6835 -0.3662 0.6314
vn -0.6356 -0.2049 0.7444
vn 0.9026 0.2930 0.3156
vn 0.2710 0.3163 0.9091
vn 0.3386 0.1500 0.9289
vn 0.5370 0.1010 0.8375
vn 0.8911 0.2094 0.4027
vn 0.8838 0.1111 0.4545
vn 0.2870 -0.6428 0.7102
vn -0.9781 -0.1956 0.0708
vn -0.9599 -0.2564 -0.1133
vn -0.1117 -0.3606 -0.9260
vn -0.9901 -0.0553 -0.1287
vn 0.2086 0.6266 -0.7509
vn 0.9368 -0.0674 0.3434
vn -0.5780 0.5233 0.6262
vn 0.2576 0.1363 0.9566
vn 0.2402 0.1945 0.9510
vn -0.5181 0.6672 0.5352
vn 0.7480 0.0917 -0.6573
vn 0.1076 -0.9869 0.1200
vn 0.9986 -0.0429 -0.0294
vn -0.0703 -0.2799 -0.9575
vn -0.9702 -0.1893 0.1515
vn 0.2111 -0.4137 -0.8856
vn 0.4698 0.8595 0.2014
vn -0.5695 0.5479 0.6128
vn -0.9310 0.0725 -0.3578
vn 0.7125 -0.5047 -0.4875
vn -0.2293 -0.9733 0.0048
vn 0.6418 -0.5685 -0.5147
vn 0.2766 -0.0684 -0.9586
vn 0.5203 -0.3872 -0.7612
vn 0.9647 -0.1357 -0.2256
vn -0.6460 0.7630 0.0217
vn 0.1722 -0.6498 -0.7403
vn 0.7999 -0.0849 0.5941
vn -0.0000 -0.3557 -0.9346
vn 0.2891 -0.0310 -0.9568
vn 0.2788 -0.0115 -0.9603
vn -0.0897 0.9238 0.3721
vn -0.6226 0.0854 0.7779
vn -0.0184 0.9192 0.3934
vn -0.6131 0.0810 0.7859
vn 0.9929 0.0150 -0.1179
vn -0.0877 0.2039 0.9751
vn 0.7619 -0.0470 0.6460
vn 0.7715 -0.0310 -0.6355
vn 0.6414 -0.0484 -0.7657
vn 0.9956 -0.0891 -0.0303
vn 0.9211 -0.0864 0.3796
vn 0.9968 -0.0281 -0.0749
vn 0.9994 0.0358 -0.0025
vn 0.8500 -0.1507 0.5048
vn -0.9808 -0.1589 -0.1128
vn 0.0385 0.0872 -0.9954
vn 0.2576 0.0575 -0.9645
vn 0.2732 0.0998 -0.9568
vn 0.7623 -0.0148 0.6471
vn 0.6871 -0.2348 0.6876
vn 0.9228 -0.2285 0.3102
vn 0.7060 -0.1591 0.6901
vn 0.6233 -0.6972 0.3542
vn 0.8705 -0.2096 0.4453
vn -0.8235 -0.4638 -0.3268
vn -0.1030 -0.3400 -0.9348
vn 0.9384 -0.1789 0.2956
vn 0.9293 -0.1697 0.3279
vn 0.0401 -0.7755 -0.6301
vn -0.9825 -0.1688 -0.0793
vn -0.7661 0.6315 -0.1199
vn -0.0298 0.4047 -0.9139
vn -0.9956 -0.0807 -0.0467
vn -0.6577 -0.4802 -0.5804
vn 0.9238 0.0195 0.3823
vn 0.9227 0.3835 0.0386
vn 0.3818 0.6593 -0.6477
vn 0.4164 0.6297 -0.6558
vn -0.1260 -0.1771 0.9761
vn -0.2626 -0.9401 -0.2173
vn 0.7628 -0.3372 0.5518
vn 0.9848 -0.0442 0.1682
vn 0.5871 -0.6702 0.4541
vn 0.5818 -0.6875 0.4347
vn 0.0706 0.1041 -0.9920
vn 0.9832 -0.0958 0.1555
vn 0.5791 0.0050 -0.8152
vn -0.1208 -0.3360 -0.9341
vn -0.2241 -0.2429 0.9438
vn 0.0961 0.3198 0.9426
vn 0.6365 0.0272 0.7708
vn -0.0000 0.3213 0.9470
vn -0.0881 0.1329 -0.9872
vn 0.7861 0.6085 -0.1087
vn 0.8807 0.0050 0.4736
vn 0.0781 0.9048 0.4187
vn 0.3588 0.6948 0.6233
vn 0.9987 -0.0030 0.0509
vn 0.9767 0.1686 -0.1326
vn 0.0335 0.3646 -0.9306
vn 0.9729 0.1709 -0.1559
vn 0.9283 -0.0780 0.3637
vn 0.1795 0.3100 -0.9336
vn 0.1448 0.1740 0.9740
vn -0.0716 0.1894 0.9793
vn 0.4201 0.8745 0.2423
vn -0.9797 -0.1736 0.1007
vn 0.9303 -0.3401 -0.1376
vn -0.9139 -0.1557 0.3750
vn 0.6937 -0.7139 -0.0953
vn 0.4728 -0.1362 0.8706
vn 0.7815 0.0145 -0.6237
vn 0.0526 -0.1286 -0.9903
vn -0.1859 -0.1417 0.9723
vn 0.1764 0.9664 -0.1868
vn 0.8561 0.4592 0.2371
vn 0.7862 0.5744 -0.2281
vn 0.8028 0.2876 0.5222
vn 0.9805 0.1427 -0.1351
vn 0.2202 0.9406 0.2585
vn -0.2117 0.2610 -0.9418
vn -0.2037 0.0363 -0.9784
vn 0.0976 -0.0637 0.9932
vn 0.8823 0.1150 0.4564
vn 0.3871 0.2225 0.8948
vn 0.8883 0.1311 0.4402
vn -0.9979 -0.0643 -0.0128
vn -0.9942 -0.0385 0.1000
vn 0.9720 -0.1920 -0.1352
vn 0.2175 -0.9736 0.0686
vn -0.1159 0.2067 -0.9715
vn -0.9910 -0.0402 -0.1276
vn -0.6576 0.7530 0.0247
vn -0.2564 -0.1710 -0.9513
vn -0.2301 -0.0797 -0.9699
vn 0.6625 0.1347 0.7368
vn -0.6734 0.1046 0.7318
vn -0.9561 -0.2922 0.0213
vn 0.9073 -0.2916 -0.3029
vn 0.2087 -0.9009 0.3804
vn 0.8631 -0.4637 -0.2000
vn 0.1114 0.3035 -0.9463
vn 0.8444 0.5249 -0.1071
vn 0.9505 0.1454 -0.2745
vn 0.9971 -0.0515 -0.0554
vn 0.9927 -0.0507 -0.1092
vn 0.3825 0.8933 0.2358
vn -0.9985 0.0435 0.0325
vn -0.7908 -0.4786 -0.3816
vn 0.1068 -0.9907 0.0843
vn -0.9984 0.0376 0.0423
vn 0.9982 0.0460 -0.0396
vn 0.9942 0.0572 -0.0910
vn -0.0000 0.3443 0.9388
vn -0.0000 0.1462 0.9893
vn -0.9891 -0.1206 0.0840
vn -0.9841 -0.0550 0.1691
vn 0.9564 -0.2322 0.1773
vn -0.8904 -0.3864 -0.2408
vn 0.9801 -0.1184 -0.1591
vn -0.8833 -0.4086 -0.2299
vn -0.8039 -0.3546 -0.4774
vn -0.0000 0.9626 0.2709
vn 0.9800 0.1966 -0.0306
vn 0.9567 0.2876 -0.0459
vn 0.2312 0.6733 -0.7023
vn 0.3604 0.9149 0.1819
vn -0.0985 -0.9866 -0.1304
vn -0.9922 -0.0726 0.1017
vn -0.1154 -0.9678 0.2236
vn 0.2915 -0.0897 0.9523
vn -0.0000 -0.9886 0.1506
vn 0.3431 -0.1171 0.9320
vn -0.1651 0.2279 -0.9596
vn -0.7360 -0.1297 -0.6645
vn -0.9985 0.0470 0.0266
vn 0.0125 0.0422 0.9990
vn -0.8679 -0.0411 0.4950
vn 0.8073 0.0156 -0.5900
vn 0.9395 0.1512 -0.3074
vn -0.7754 0.5116 -0.3701
vn 0.9756 -0.1405 -0.1686
vn 0.5976 -0.3984 -0.6958
vn 0.8677 0.4920 -0.0713
vn 0.5795 0.7099 0.4002
vn 0.9430 0.2915 -0.1604
vn 0.7803 -0.0272 -0.6248
vn 0.9809 0.1400 -0.1348
vn 0.9929 -0.0801 0.0878
vn -0.9345 -0.3391 -0.1080
vn -0.7697 -0.3609 -0.5267
vn 0.4555 -0.1468 -0.8781
vn -0.8507 -0.1731 -0.4964
vn 0.6962 -0.0480 -0.7163
vn 0.5797 -0.0036 -0.8148
vn 0.9579 0.2457 -0.1485
vn 0.8745 0.3897 0.2888
vn 0.2737 -0.2342 0.9329
vn 0.2522 -0.2455 0.9360
vn 0.8905 -0.0991 0.4441
vn 0.8075 0.2389 0.5393
vn 0.8050 0.2372 0.5438
vn -0.9957 0.0776 0.0507
vn 0.8644 0.3514 0.3597
vn 0.6207 0.0014 0.7841
vn -0.7794 -0.4238 -0.4615
vn -0.1063 -0.3276 -0.9388
vn -0.9929 -0.0568 0.1041
vn -0.4845 -0.3911 0.7825
vn 0.2296 -0.3403 0.9119
vn -0.1795 0.0244 -0.9835
vn -0.2216 -0.1189 -0.9679
vn -0.9938 0.0412 0.1036
vn 0.9918 -0.0974 0.0833
vn 0.8077 -0.5380 0.2413
vn 0.9981 0.0463 -0.0396
vn -0.1750 0.8993 0.4009
vn -0.2386 -0.2936 -0.9257
vn -0.2589 0.0892 0.9618
vn -0.8538 -0.1469 0.4994
vn 0.9659 -0.2545 0.0484
vn 0.7232 -0.4670 -0.5088
vn -0.6680 0.3540 0.6546
vn 0.9821 0.1207 -0.1444
vn -0.3636 -0.0956 0.9266
vn 0.5813 0.0562 0.8118
vn 0.0351 -0.2999 0.9533
vn 0.1050 -0.4487 0.8875
vn 0.0384 -0.4309 0.9016
vn -0.9790 -0.1883 0.0780
vn -0.0000 -0.9971 0.0760
vn -0.8272 -0.1482 0.5421
vn -0.9960 -0.0875 -0.0189
vn -0.9885 0.0069 0.1512
vn 0.2010 -0.6841 0.7011
vn 0.2413 -0.6439 0.7260
vn 0.8902 -0.2551 0.3774
vn 0.9829 0.1841 0.0034
vn 0.8845 0.4657 0.0263
vn 0.2346 0.2125 0.9486
vn 0.6996 0.1928 0.6881
vn -0.9922 0.0949 0.0810
vn -0.7432 0.5735 -0.3446
vn -0.1156 0.2099 -0.9709
vn -0.0812 0.3424 -0.9360
vn -0.0688 -0.0360 -0.9970
vn 0.8026 0.3031 0.5137
vn 0.8432 0.3107 0.4387
vn -0.6606 0.3584 0.6596
vn 0.9845 -0.0605 0.1647
vn 0.7605 -0.3101 0.5705
vn 0.3427 -0.0561 0.9378
vn 0.1715 -0.9739 0.1484
vn 0.9660 -0.0540 -0.2527
vn 0.3184 0.1835 0.9300
vn -0.1649 0.2269 -0.9598
vn 0.9689 0.2459 -0.0276
vn 0.3709 0.2387 0.8974
vn 0.0672 -0.2469 -0.9667
vn -0.0952 0.1333 -0.9865
vn -0.1639 0.1328 0.9775
vn 0.9555 0.2917 -0.0448
vn 0.8202 0.4217 0.3866
vn 0.9216 -0.2683 -0.2804
vn 0.9074 0.0799 -0.4125
vn 0.8665 -0.2542 0.4296
vn -0.9670 -0.1943 -0.1646
vn -0.7194 0.1109 0.6857
vn 0.6607 0.0164 -0.7505
vn -0.7894 -0.0297 0.6132
vn 0.3693 0.5595 0.7420
vn 0.1879 0.7182 0.6700
vn 0.5061 0.6649 0.5494
vn 0.9049 0.3051 0.2967
vn -0.7485 0.1268 -0.6509
vn 0.0761 -0.2680 0.9604
vn -0.5142 -0.1476 0.8449
vn 0.0642 -0.2890 0.9552
vn 0.2558 0.2404 -0.9364
vn 0.1654 0.6289 -0.7597
vn 0.3273 0.2811 0.9021
vn 0.9526 0.1367 0.2718
vn 0.0885 0.5279 0.8447
vn 0.1028 -0.1044 0.9892
vn -0.0000 0.5300 0.8480
vn 0.1015 0.5522 0.8275
vn 0.2279 0.5193 0.8237
vn 0.0775 -0.7401 0.6680
vn -0.0000 0.5083 0.8612
vn 0.2701 0.5214 0.8094
vn 0.1401 0.9863 0.0876
vn 0.0791 -0.7729 0.6296
vn 0.7440 -0.0402 0.6670
vn 0.3954 -0.6582 0.6407
vn 0.1730 -0.7132 0.6792
vn 0.5347 0.5086 0.6749
vn 0.5720 0.5024 0.6484
vn 0.7052 0.4683 0.5323
vn 0.6194 0.0954 0.7792
vn -0.0000 0.4544 0.8908
vn -0.1204 0.4511 0.8843
vn 0.2687 -0.6869 0.6752
vn 0.6414 0.1664 0.7490
vn 0.5833 0.0229 0.8120
vn 0.1515 -0.8656 0.4772
vn 0.8006 -0.1701 0.5745
vn 0.9564 0.1150 0.2683
vn 0.1345 0.2725 0.9527
vn -0.0000 0.2866 0.9580
vn 0.1496 0.7202 0.6775
vn -0.0000 0.9616 0.2745
vn 0.1545 0.2674 0.9511
vn 0.9156 -0.2956 0.2726
vn 0.5888 0.4821 0.6488
vn 0.9411 -0.1253 0.3140
vn 0.5614 0.5711 0.5989
vn 0.8747 0.2465 0.4174
vn 0.5194 -0.7207 0.4592
vn -0.1446 -0.5947 0.7909
vn -0.3455 -0.3296 0.8786
vn 0.9388 -0.3308 0.0959
vn 0.8718 -0.1058 0.4784
vn 0.0036 -0.6740 0.7387
vn 0.3926 -0.7279 0.5621
vn 0.4768 0.0741 0.8759
vn 0.0760 -0.1076 0.9913
vn 0.6500 -0.1690 0.7409
vn -0.0298 0.2642 0.9640
vn -0.2687 0.4087 0.8722
vn 0.1891 0.2993 0.9352
vn -0.0000 0.3534 0.9355
vn -0.9854 0.1636 -0.0472
vn 0.2858 -0.0326 -0.9577
vn 0.4373 -0.0025 -0.8993
vn 0.9369 0.1515 0.3152
vn 0.2356 0.0023 0.9719
vn -0.9647 -0.2194 0.1458
vn -0.7923 -0.1863 0.5809
vn -0.9782 -0.1526 0.1406
vn -0.8277 -0.2009 0.5240
vn -0.7709 -0.1864 0.6091
vn 0.0264 -0.2894 0.9568
vn 0.4632 -0.0066 0.8862
vn 0.6482 -0.3523 0.6750
vn 0.3048 0.3324 0.8925
vn 0.4650 0.1963 0.8633
vn 0.7407 -0.0625 0.6689
vn 0.8889 -0.1613 0.4287
vn 0.9617 -0.2059 0.1807
vn 0.0728 0.3788 0.9226
vn -0.7051 0.4733 0.5280
vn 0.2968 0.3339 0.8947
vn 0.4498 0.2198 0.8657
vn 0.2995 -0.0673 0.9517
vn 0.4633 -0.0550 0.8845
vn 0.6275 -0.7776 -0.0394
vn 0.9714 -0.2323 0.0490
vn 0.9649 -0.2081 0.1604
vn 0.0023 0.1462 0.9893
vn -0.4619 0.2437 0.8528
vn -0.6704 0.4271 0.6068
vn 0.2923 -0.1148 0.9494
vn 0.5938 0.0458 0.8033
vn 0.5932 0.0463 0.8037
vn 0.2015 -0.1090 0.9734
vn 0.8056 -0.0240 -0.5920
vn 0.0427 0.3453 -0.9375
vn 0.1881 0.0532 -0.9807
vn -0.0491 0.4671 -0.8828
vn -0.6932 -0.1567 0.7035
vn -0.3009 -0.0470 -0.9525
vn -0.9616 -0.2159 0.1695
vn -0.9531 -0.2545 0.1635
vn 0.9951 0.0873 0.0468
vn 0.7001 -0.0786 -0.7097
vn -0.9623 -0.2137 0.1682
vn -0.2987 -0.0505 -0.9530
vn 0.2138 -0.0532 0.9754
vn 0.9175 0.1631 0.3628
vn 0.9769 0.1074 0.1845
vn 0.1278 -0.1867 0.9741
vn 0.5179 -0.3071 0.7984
vn 0.1640 0.0923 0.9821
vn 0.4472 -0.2062 0.8703
vn 0.4638 -0.1922 0.8648
vn 0.0584 -0.4364 0.8978
vn 0.1192 0.0820 0.9895
vn -0.0000 -0.2864 0.9581
vn 0.3448 -0.1721 0.9228
vn 0.3160 -0.2355 0.9191
vn -0.9783 -0.1651 -0.1255
vn 0.2498 -0.6283 0.7368
vn -0.0570 -0.3701 -0.9272
vn -0.0861 -0.3651 -0.9270
vn -0.0008 -0.4523 -0.8919
vn -0.3754 0.4646 -0.8020
vn -0.6822 -0.3212 -0.6568
vn 0.9006 -0.0245 -0.4339
vn 0.8806 -0.0103 -0.4737
vn 0.6306 -0.0376 0.7752
vn 0.1878 0.8735 0.4491
vn 0.3508 0.3066 0.8848
vn 0.2689 0.8513 0.4505
vn 0.2657 0.3457 0.9000
vn 0.6147 0.2973 -0.7306
vn 0.7625 0.6468 0.0162
vn 0.7154 0.6987 -0.0034
vn 0.2299 0.9725 -0.0371
vn 0.2748 0.8520 0.4457
vn 0.7603 0.6494 0.0152
vn 0.2592 -0.0122 -0.9657
vn 0.1965 0.1079 -0.9745
vn 0.7662 0.5117 -0.3887
vn 0.4997 -0.1555 -0.8521
vn 0.9551 0.2550 -0.1507
vn 0.6671 0.0839 -0.7402
vn 0.9783 -0.0174 -0.2065
vn 0.9872 0.1592 -0.0075
vn 0.6037 -0.0886 -0.7923
vn 0.8888 -0.0538 -0.4552
vn 0.0954 -0.4490 -0.8884
vn -0.2355 -0.4233 -0.8748
vn -0.1792 -0.4446 -0.8776
vn 0.0157 -0.2564 -0.9665
vn 0.0141 -0.2555 -0.9667
vn 0.3202 0.2077 0.9243
vn 0.9508 0.2507 -0.1821
vn 0.5302 0.4211 0.7359
vn 0.9587 0.1600 0.2353
vn 0.9799 0.1820 0.0822
vn 0.5673 0.1243 0.8141
vn 0.6127 0.3936 0.6853
vn 0.0041 -0.2719 -0.9623
vn 0.2070 -0.1426 -0.9679
vn -0.1769 -0.0226 0.9840
vn -0.8188 -0.1391 0.5569
vn -0.9374 -0.0562 -0.3438
vn 0.9480 0.2553 -0.1900
vn 0.6290 0.1126 -0.7692
vn 0.9521 -0.0255 -0.3049
vn 0.8064 0.1390 -0.5749
vn 0.4872 0.0201 -0.8730
vn 0.3242 -0.0522 -0.9446
vn -0.9652 -0.2123 0.1528
vn -0.1348 -0.2277 -0.9643
vn -0.1896 -0.1579 -0.9691
vn 0.9894 0.1288 0.0665
vn 0.1447 -0.1263 0.9814
vn 0.1542 -0.0266 0.9877
vn 0.2051 0.4556 0.8663
vn 0.0610 -0.0467 0.9970
vn -0.0260 -0.0649 0.9976
vn -0.7403 -0.1665 0.6513
vn -0.0081 -0.1177 0.9930
vn 0.8930 -0.0587 0.4462
vn -0.6010 -0.1310 0.7885
vn 0.1682 -0.7144 0.6792
vn 0.1724 -0.1849 0.9675
vn 0.8472 -0.2254 0.4811
vn 0.2914 -0.1476 0.9451
vn -0.6831 -0.3681 0.6308
vn -0.5634 -0.1215 0.8172
vn -0.9140 -0.1350 0.3826
vn -0.9397 -0.0077 0.3418
vn 0.0749 -0.2701 0.9599
vn 0.1754 -0.3003 0.9376
vn 0.9487 -0.0498 -0.3122
vn 0.9709 -0.0289 -0.2378
vn -0.8638 0.0559 -0.5008
vn -0.7506 -0.0164 -0.6606
vn -0.7700 -0.0783 -0.6332
vn -0.7720 -0.0765 -0.6310
vn -0.7509 -0.0479 -0.6587
vn -0.9990 0.0025 0.0447
vn -0.9983 0.0587 0.0047
vn -0.7618 -0.0388 -0.6467
vn 0.8478 0.0293 -0.5295
vn 0.9865 0.0311 -0.1610
vn 0.4321 0.2965 -0.8517
vn 0.9897 0.0174 -0.1418
vn 0.4117 0.2973 -0.8615
vn 0.9865 0.0311 -0.1611
vn 0.8032 0.1531 -0.5756
vn 0.8684 0.1077 -0.4839
vn 0.9223 -0.1985 -0.3315
vn 0.9714 -0.0666 -0.2281
vn 0.9102 -0.0034 0.4141
vn 0.9739 -0.0232 -0.2257
vn 0.9732 0.0107 -0.2295
vn 0.9563 0.2829 -0.0739
vn 0.9773 0.0945 -0.1898
vn -0.5101 0.0197 -0.8599
vn -0.7189 -0.1090 -0.6865
vn 0.2323 -0.2578 0.9379
vn 0.0835 -0.1776 0.9806
vn -0.7696 -0.0006 0.6386
vn -0.7389 -0.0903 0.6678
vn -0.1714 -0.1509 0.9736
vn -0.9353 -0.1532 0.3191
vn -0.4948 -0.2376 0.8359
vn -0.8720 -0.1431 0.4682
vn 0.8912 -0.2579 0.3731
vn -0.8823 0.1766 0.4363
vn -0.0663 -0.5996 0.7975
vn 0.2537 -0.0468 0.9661
vn -0.0761 -0.0964 0.9924
vn 0.3825 -0.2054 0.9009
vn -0.1580 -0.1778 0.9713
vn 0.2631 -0.2141 0.9407
vn -0.0315 -0.1962 0.9801
vn -0.7666 -0.2947 0.5705
vn -0.9461 -0.1592 0.2820
vn -0.9825 -0.1679 0.0803
vn 0.5151 0.0475 0.8558
vn 0.4651 0.1505 0.8724
vn 0.7299 -0.2871 0.6203
vn 0.6290 -0.0601 0.7751
vn 0.9411 0.1948 0.2765
vn 0.1926 -0.2604 0.9461
vn 0.5654 0.0240 0.8245
vn 0.7022 -0.2564 0.6642
vn 0.0070 -0.2822 -0.9593
vn 0.3081 -0.1762 -0.9349
vn -0.4467 -0.0181 0.8945
vn 0.6282 -0.1618 0.7611
vn 0.6424 -0.2059 0.7382
vn -0.3421 -0.0341 0.9390
vn -0.5658 -0.1330 0.8138
vn -0.6135 -0.1159 0.7811
vn 0.1883 0.1265 -0.9739
vn 0.4909 -0.3114 -0.8137
vn -0.7114 -0.1149 -0.6934
vn -0.7124 -0.1064 -0.6937
vn 0.0551 -0.1857 0.9811
vn 0.9237 -0.1452 0.3546
vn 0.1328 -0.1027 0.9858
vn 0.7647 -0.2153 0.6074
vn 0.1091 0.6481 0.7537
vn 0.1113 0.6189 0.7775
vn 0.6074 0.1768 0.7745
vn 0.9981 0.0056 0.0621
vn 0.9848 0.1147 0.1301
vn 0.6040 0.0944 0.7914
vn 0.5251 0.2619 0.8097
vn 0.9898 0.0871 0.1131
vn 0.4834 0.2529 0.8381
vn 0.9735 0.1156 0.1971
vn 0.8379 0.5423 0.0617
vn 0.9142 0.2445 0.3232
vn 0.1119 0.6345 0.7648
vn 0.1100 0.1063 0.9882
vn -0.0000 0.6385 0.7696
vn 0.9617 0.1118 0.2504
vn 0.9085 0.1957 0.3693
vn 0.6421 -0.5979 0.4798
vn 0.1836 -0.8012 0.5696
vn 0.5040 0.2035 0.8394
vn 0.6070 -0.4444 -0.6588
vn 0.9737 -0.1571 0.1653
vn -0.2271 0.9642 0.1368
vn 0.9832 0.0037 0.1822
vn -0.9923 -0.0196 -0.1223
vn -0.1687 0.4617 -0.8709
vn -0.7952 0.3900 -0.4642
vn -0.1395 0.1295 -0.9817
vn -0.1597 -0.6509 -0.7422
vn -0.1422 -0.6522 -0.7446
vn -0.9662 -0.1728 0.1912
vn -0.6870 -0.7230 -0.0735
vn -0.6993 -0.7073 -0.1037
vn -0.9543 -0.2043 0.2179
vn 0.7505 0.0630 -0.6578
vn 0.9116 -0.2881 -0.2932
vn 0.7641 -0.1812 -0.6192
vn 0.7359 0.2476 -0.6302
vn -0.2338 0.2909 -0.9277
vn 0.9514 -0.0431 -0.3050
vn -0.4622 0.7711 0.4379
vn -0.3718 -0.3319 0.8670
vn -0.4495 0.8137 0.3686
vn 0.9461 -0.3092 0.0961
vn -0.8701 -0.3940 0.2960
vn -0.9166 -0.3772 0.1326
vn -0.6504 -0.2888 0.7025
vn -0.0391 -0.1745 0.9839
vn 0.9827 0.0195 0.1840
vn -0.0782 -0.3949 -0.9154
vn -0.9781 -0.2065 -0.0263
vn -0.5055 0.5430 -0.6706
vn -0.9742 0.2097 0.0829
vn -0.7076 0.1697 -0.6860
vn -0.1241 0.1688 0.9778
vn -0.2752 0.2910 0.9163
vn -0.9726 -0.2101 0.0994
vn -0.4801 -0.2058 -0.8528
vn 0.7754 -0.3556 -0.5218
vn -0.4554 -0.0744 -0.8872
vn -0.9996 0.0248 -0.0141
vn -0.5866 -0.6112 -0.5314
vn 0.8341 -0.5476 0.0667
vn 0.7699 0.0125 -0.6380
vn -0.6519 -0.5600 -0.5113
vn -0.1936 -0.6478 -0.7368
vn -0.8468 -0.5290 -0.0556
vn -0.0856 -0.3348 0.9384
vn -0.0595 0.5462 0.8355
vn 0.4354 -0.0044 0.9002
vn 0.8522 -0.5082 -0.1240
vn -0.3286 -0.1301 0.9355
vn -0.1548 -0.3328 -0.9302
vn -0.9689 0.1118 -0.2210
vn 0.9243 -0.0919 0.3705
vn 0.9673 -0.0727 0.2428
vn -0.9838 0.0853 -0.1578
vn -0.1970 -0.9076 0.3707
vn -0.8874 -0.4294 -0.1678
vn 0.9820 -0.1886 0.0134
vn 0.9518 -0.2781 -0.1290
vn -0.9707 -0.1938 -0.1423
vn -0.8294 -0.3101 0.4646
vn -0.2069 -0.9558 0.2088
vn 0.9860 0.0055 0.1666
vn -0.9945 -0.0248 -0.1019
vn -0.1659 0.1361 -0.9767
vn -0.9836 -0.1210 -0.1340
vn -0.0526 0.1011 -0.9935
vn -0.7156 0.1966 0.6702
vn -0.7599 -0.3045 0.5742
vn 0.1034 0.3320 -0.9376
vn 0.1442 -0.0949 -0.9850
vn -0.6709 0.3443 -0.6568
vn -0.1113 -0.7045 -0.7009
vn -0.1415 -0.3521 -0.9252
vn -0.7063 -0.4888 -0.5121
vn -0.9879 -0.0815 -0.1318
vn -0.2628 -0.1077 -0.9588
vn 0.9147 -0.3908 -0.1030
vn 0.7616 -0.3250 -0.5607
vn 0.0708 -0.9880 0.1370
vn 0.6665 0.0991 0.7389
vn -0.5767 0.8085 0.1174
vn -0.9841 0.0476 -0.1712
vn -0.7718 0.6038 -0.1993
vn -0.2434 0.6795 -0.6921
vn -0.9411 0.2956 -0.1643
vn -0.6637 0.2712 0.6971
vn 0.4436 0.3427 -0.8281
vn -0.4053 0.7719 0.4898
vn -0.1781 -0.0266 -0.9837
vn -0.1629 -0.1842 -0.9693
vn 0.9821 0.0200 0.1871
vn 0.1929 0.1637 -0.9675
vn 0.2132 -0.0598 -0.9752
vn -0.9234 -0.0246 0.3830
vn -0.7726 -0.5934 0.2257
vn -0.9517 0.0312 0.3054
vn -0.9943 0.0544 -0.0921
vn -0.9554 -0.0465 0.2915
vn -0.8938 -0.0529 0.4453
vn -0.9222 -0.0670 0.3808
vn -0.6581 0.1299 0.7416
vn 0.8820 -0.3472 0.3187
vn 0.9449 -0.3111 0.1023
vn -0.9993 0.0254 -0.0272
vn 0.1070 -0.9890 -0.1018
vn -0.9531 -0.1746 0.2474
vn -0.5690 0.0483 0.8209
vn -0.9616 0.1556 -0.2260
vn -0.7924 0.4170 0.4453
vn 0.1904 -0.1481 0.9705
vn -0.2933 0.0018 -0.9560
vn -0.9754 -0.1427 -0.1682
vn -0.9864 -0.0409 -0.1592
vn -0.7926 0.0132 -0.6095
vn -0.0135 -0.9999 -0.0012
vn -0.9571 0.0887 -0.2758
vn -0.9671 0.0591 -0.2475
vn -0.9480 0.0393 -0.3159
vn -0.6961 -0.6914 0.1932
vn 0.6147 -0.5744 -0.5405
vn 0.9588 -0.0773 0.2734
vn -0.1226 0.9870 0.1042
vn -0.9683 0.0495 -0.2450
vn 0.1457 -0.3429 0.9280
vn 0.1215 -0.2496 -0.9607
vn 0.0865 0.9582 0.2728
vn 0.2335 -0.2889 0.9285
vn -0.2042 -0.9418 0.2672
vn -0.4553 -0.1391 -0.8794
vn -0.8479 0.0230 0.5296
vn -0.8926 0.0155 0.4507
vn 0.6835 -0.3662 0.6314
vn 0.6356 -0.2049 0.7444
vn -0.9026 0.2930 0.3156
vn -0.2710 0.3163 0.9091
vn -0.3386 0.1500 0.9289
vn -0.5370 0.1010 0.8375
vn -0.8911 0.2094 0.4027
vn -0.8838 0.1111 0.4545
vn -0.2870 -0.6428 0.7102
vn 0.9781 -0.1956 0.0708
vn 0.9599 -0.2564 -0.1133
vn 0.1117 -0.3606 -0.9260
vn 0.9901 -0.0553 -0.1287
vn -0.2086 0.6266 -0.7509
vn -0.9368 -0.0674 0.3434
vn 0.5780 0.5233 0.6262
vn -0.2576 0.1363 0.9566
vn -0.2402 0.1945 0.9510
vn 0.5181 0.6672 0.5352
vn -0.7480 0.0917 -0.6573
vn -0.1076 -0.9869 0.1200
vn -0.9986 -0.0429 -0.0294
vn 0.0703 -0.2799 -0.9575
vn 0.9702 -0.1893 0.1515
vn -0.2111 -0.4137 -0.8856
vn -0.4698 0.8595 0.2014
vn 0.5695 0.5479 0.6128
vn 0.9310 0.0725 -0.3578
vn -0.7125 -0.5047 -0.4874
vn 0.2293 -0.9733 0.0048
vn -0.6418 -0.5685 -0.5147
vn -0.2766 -0.0684 -0.9586
vn -0.5203 -0.3872 -0.7612
vn -0.9647 -0.1357 -0.2256
vn 0.6460 0.7630 0.0217
vn -0.1722 -0.6498 -0.7403
vn -0.7999 -0.0849 0.5942
vn -0.2891 -0.0310 -0.9568
vn -0.2788 -0.0115 -0.9603
vn 0.0897 0.9238 0.3721
vn 0.6226 0.0854 0.7779
vn 0.0184 0.9192 0.3934
vn 0.6131 0.0810 0.7859
vn -0.9929 0.0150 -0.1179
vn 0.0877 0.2039 0.9751
vn -0.7619 -0.0470 0.6460
vn -0.7715 -0.0310 -0.6355
vn -0.6414 -0.0484 -0.7657
vn -0.9956 -0.0891 -0.0303
vn -0.9211 -0.0864 0.3796
vn -0.9968 -0.0281 -0.0749
vn -0.9994 0.0358 -0.0025
vn -0.8500 -0.1507 0.5048
vn 0.9808 -0.1589 -0.1128
vn -0.0385 0.0872 -0.9954
vn -0.2576 0.0575 -0.9645
vn -0.2732 0.0998 -0.9568
vn -0.7623 -0.0148 0.6471
vn -0.6871 -0.2348 0.6876
vn -0.9228 -0.2285 0.3102
vn -0.7060 -0.1591 0.6901
vn -0.6233 -0.6972 0.3542
vn -0.8705 -0.2096 0.4453
vn 0.8235 -0.4638 -0.3268
vn 0.1030 -0.3400 -0.9348
vn -0.9384 -0.1789 0.2956
vn -0.9293 -0.1697 0.3279
vn -0.0401 -0.7755 -0.6301
vn 0.9825 -0.1688 -0.0793
vn 0.7661 0.6315 -0.1199
vn 0.0298 0.4047 -0.9139
vn 0.9956 -0.0807 -0.0467
vn 0.6577 -0.4802 -0.5804
vn -0.9238 0.0195 0.3823
vn -0.9227 0.3835 0.0386
vn -0.3818 0.6593 -0.6477
vn -0.4164 0.6297 -0.6558
vn 0.1260 -0.1771 0.9761
vn 0.2626 -0.9401 -0.2173
vn -0.7628 -0.3372 0.5518
vn -0.9848 -0.0442 0.1682
vn -0.5871 -0.6702 0.4541
vn -0.5818 -0.6875 0.4347
vn -0.0706 0.1041 -0.9920
vn -0.9832 -0.0958 0.1555
vn -0.5791 0.0050 -0.8152
vn 0.1208 -0.3360 -0.9341
vn 0.2241 -0.2429 0.9438
vn -0.0961 0.3198 0.9426
vn -0.6365 0.0272 0.7708
vn 0.0881 0.1329 -0.9872
vn -0.8807 0.0050 0.4736
vn -0.0781 0.9048 0.4187
vn -0.3588 0.6948 0.6233
vn -0.9987 -0.0030 0.0509
vn -0.9767 0.1686 -0.1326
vn -0.0335 0.3646 -0.9306
vn -0.9729 0.1709 -0.1559
vn -0.9283 -0.0780 0.3637
vn -0.1795 0.3100 -0.9336
vn -0.1448 0.1740 0.9740
vn 0.0716 0.1894 0.9793
vn -0.4201 0.8745 0.2423
vn 0.9797 -0.1736 0.1007
vn -0.9303 -0.3401 -0.1376
vn 0.9139 -0.1557 0.3750
vn -0.6937 -0.7139 -0.0953
vn -0.4728 -0.1362 0.8706
vn -0.7815 0.0145 -0.6237
vn -0.0526 -0.1286 -0.9903
vn 0.1859 -0.1417 0.9723
vn -0.1764 0.9664 -0.1868
vn -0.8561 0.4592 0.2371
vn -0.7862 0.5744 -0.2281
vn -0.8028 0.2876 0.5222
vn -0.9805 0.1427 -0.1351
vn -0.2202 0.9406 0.2585
vn -0.0976 -0.0637 0.9932
vn -0.8823 0.1150 0.4564
vn -0.3871 0.2225 0.8948
vn -0.8883 0.1311 0.4402
vn 0.9979 -0.0643 -0.0128
vn 0.9942 -0.0385 0.1000
vn -0.9720 -0.1920 -0.1352
vn -0.2175 -0.9736 0.0686
vn 0.1159 0.2067 -0.9715
vn 0.9910 -0.0402 -0.1276
vn 0.6576 0.7530 0.0247
vn -0.6625 0.1347 0.7368
vn 0.6734 0.1046 0.7318
vn 0.9561 -0.2922 0.0213
vn -0.9073 -0.2916 -0.3029
vn -0.2087 -0.9009 0.3804
vn -0.8631 -0.4637 -0.2000
vn -0.1114 0.3035 -0.9463
vn -0.8444 0.5249 -0.1071
vn -0.9505 0.1454 -0.2745
vn -0.9971 -0.0515 -0.0554
vn -0.9927 -0.0507 -0.1092
vn -0.3825 0.8933 0.2358
vn 0.9985 0.0435 0.0325
vn 0.7908 -0.4786 -0.3816
vn -0.1068 -0.9907 0.0843
vn 0.9984 0.0376 0.0423
vn -0.9982 0.0460 -0.0396
vn -0.9942 0.0572 -0.0910
vn 0.9891 -0.1206 0.0840
vn 0.9841 -0.0550 0.1691
vn -0.9564 -0.2322 0.1773
vn 0.8904 -0.3864 -0.2408
vn -0.9801 -0.1184 -0.1591
vn 0.8833 -0.4086 -0.2299
vn 0.8039 -0.3546 -0.4774
vn -0.9800 0.1966 -0.0306
vn -0.9567 0.2876 -0.0459
vn -0.2312 0.6733 -0.7023
vn -0.3604 0.9149 0.1818
vn 0.0985 -0.9866 -0.1304
vn 0.9922 -0.0726 0.1017
vn 0.1154 -0.9678 0.2236
vn 0.1651 0.2279 -0.9596
vn 0.7360 -0.1297 -0.6645
vn 0.9985 0.0470 0.0266
vn -0.0125 0.0422 0.9990
vn 0.8679 -0.0411 0.4950
vn -0.8073 0.0156 -0.5900
vn -0.9395 0.1512 -0.3074
vn 0.7754 0.5116 -0.3701
vn -0.9756 -0.1405 -0.1686
vn -0.5976 -0.3984 -0.6958
vn -0.8677 0.4920 -0.0713
vn -0.5795 0.7099 0.4002
vn -0.9430 0.2915 -0.1604
vn -0.7803 -0.0272 -0.6248
vn -0.9809 0.1400 -0.1348
vn -0.9929 -0.0801 0.0878
vn 0.9345 -0.3391 -0.1080
vn 0.7697 -0.3609 -0.5267
vn -0.4555 -0.1468 -0.8781
vn 0.8507 -0.1731 -0.4964
vn -0.6962 -0.0480 -0.7163
vn -0.5797 -0.0036 -0.8148
vn -0.9579 0.2457 -0.1485
vn -0.8745 0.3897 0.2888
vn -0.2737 -0.2342 0.9329
vn -0.2522 -0.2455 0.9360
vn -0.8905 -0.0991 0.4441
vn -0.8075 0.2389 0.5393
vn -0.8050 0.2372 0.5438
vn 0.9957 0.0776 0.0507
vn -0.8644 0.3514 0.3597
vn -0.6207 0.0014 0.7841
vn 0.7794 -0.4238 -0.4615
vn 0.1063 -0.3276 -0.9388
vn 0.9929 -0.0568 0.1041
vn 0.4845 -0.3911 0.7825
vn -0.2296 -0.3403 0.9119
vn 0.1795 0.0244 -0.9835
vn 0.2216 -0.1189 -0.9679
vn 0.9938 0.0412 0.1036
vn -0.9918 -0.0974 0.0833
vn -0.8077 -0.5380 0.2413
vn -0.9981 0.0463 -0.0396
vn 0.1750 0.8993 0.4009
vn 0.2589 0.0892 0.9618
vn 0.8538 -0.1469 0.4994
vn -0.9659 -0.2545 0.0484
vn -0.7232 -0.4670 -0.5088
vn 0.6680 0.3540 0.6546
vn -0.9821 0.1207 -0.1444
vn 0.3636 -0.0956 0.9266
vn -0.5813 0.0562 0.8118
vn -0.0351 -0.2999 0.9533
vn -0.1050 -0.4487 0.8875
vn -0.0384 -0.4309 0.9016
vn 0.9790 -0.1883 0.0780
vn 0.8272 -0.1482 0.5421
vn 0.9960 -0.0875 -0.0189
vn 0.9885 0.0069 0.1512
vn -0.2010 -0.6841 0.7011
vn -0.2413 -0.6439 0.7260
vn -0.8902 -0.2551 0.3774
vn -0.9829 0.1841 0.0034
vn -0.8845 0.4657 0.0263
vn -0.2346 0.2125 0.9486
vn -0.6996 0.1928 0.6881
vn 0.9922 0.0949 0.0810
vn 0.7432 0.5735 -0.3446
vn 0.1156 0.2099 -0.9709
vn 0.0812 0.3424 -0.9360
vn 0.0688 -0.0360 -0.9970
vn -0.8026 0.3031 0.5137
vn -0.8432 0.3107 0.4387
vn 0.6606 0.3584 0.6596
vn -0.9845 -0.0605 0.1647
vn -0.7605 -0.3101 0.5705
vn -0.3427 -0.0561 0.9378
vn -0.1715 -0.9739 0.1484
vn -0.9660 -0.0540 -0.2527
vn -0.3184 0.1835 0.9300
vn 0.1649 0.2269 -0.9598
vn -0.9689 0.2459 -0.0276
vn -0.3709 0.2387 0.8974
vn -0.0672 -0.2469 -0.9667
vn 0.0952 0.1333 -0.9865
vn 0.1639 0.1328 0.9775
vn -0.9555 0.2917 -0.0448
vn -0.8202 0.4217 0.3866
vn -0.9216 -0.2683 -0.2804
vn -0.9074 0.0799 -0.4125
vn -0.8665 -0.2542 0.4296
vn 0.9670 -0.1943 -0.1646
vn 0.7194 0.1109 0.6857
vn -0.6607 0.0164 -0.7505
vn 0.7894 -0.0297 0.6132
vn -0.3693 0.5595 0.7420
vn -0.1879 0.7182 0.6700
vn -0.5061 0.6649 0.5494
vn -0.9049 0.3051 0.2967
vn 0.7485 0.1268 -0.6509
vn -0.0761 -0.2680 0.9604
vn 0.5142 -0.1476 0.8449
vn -0.0642 -0.2890 0.9552
vn -0.2558 0.2404 -0.9364
vn -0.1654 0.6289 -0.7597
vn -0.3273 0.2811 0.9021
vn -0.9526 0.1367 0.2718
vn -0.0885 0.5279 0.8447
vn -0.1028 -0.1044 0.9892
vn -0.1015 0.5522 0.8275
vn -0.2279 0.5193 0.8237
vn -0.0775 -0.7401 0.6680
vn -0.2701 0.5214 0.8094
vn -0.1401 0.9863 0.0876
vn -0.0791 -0.7729 0.6296
vn -0.7440 -0.0402 0.6670
vn -0.3954 -0.6582 0.6407
vn -0.1730 -0.7132 0.6792
vn -0.5347 0.5086 0.6749
vn -0.5720 0.5024 0.6484
vn -0.7052 0.4683 0.5323
vn -0.6194 0.0954 0.7792
vn 0.1204 0.4511 0.8843
vn -0.2687 -0.6869 0.6752
vn -0.6414 0.1664 0.7490
vn -0.5833 0.0229 0.8119
vn -0.1515 -0.8657 0.4772
vn -0.8006 -0.1701 0.5746
vn -0.9564 0.1150 0.2683
vn -0.1345 0.2725 0.9527
vn -0.1496 0.7202 0.6775
vn -0.1545 0.2674 0.9511
vn -0.9156 -0.2956 0.2726
vn -0.5888 0.4821 0.6488
vn -0.9411 -0.1253 0.3140
vn -0.5614 0.5711 0.5989
vn -0.8747 0.2465 0.4174
vn -0.5194 -0.7207 0.4592
vn 0.1446 -0.5947 0.7909
vn 0.3455 -0.3296 0.8786
vn -0.9388 -0.3308 0.0959
vn -0.8718 -0.1058 0.4784
vn -0.0036 -0.6740 0.7387
vn -0.3926 -0.7279 0.5621
vn -0.4768 0.0741 0.8759
vn -0.0760 -0.1076 0.9913
vn -0.6500 -0.1690 0.7409
vn 0.0298 0.2642 0.9640
vn 0.2687 0.4087 0.8722
vn -0.1891 0.2993 0.9352
vn 0.9854 0.1636 -0.0472
vn -0.2858 -0.0326 -0.9577
vn -0.4373 -0.0025 -0.8993
vn -0.9369 0.1515 0.3152
vn -0.2356 0.0023 0.9719
vn 0.9647 -0.2194 0.1458
vn 0.7923 -0.1863 0.5809
vn 0.9782 -0.1526 0.1406
vn 0.8277 -0.2009 0.5240
vn 0.7709 -0.1864 0.6091
vn -0.0264 -0.2894 0.9568
vn -0.4632 -0.0066 0.8862
vn -0.6482 -0.3523 0.6751
vn -0.3048 0.3324 0.8925
vn -0.4650 0.1963 0.8633
vn -0.7407 -0.0625 0.6689
vn -0.8889 -0.1613 0.4287
vn -0.9617 -0.2059 0.1807
vn -0.0728 0.3788 0.9226
vn 0.7051 0.4733 0.5280
vn -0.2968 0.3339 0.8947
vn -0.4498 0.2198 0.8657
vn -0.2995 -0.0673 0.9517
vn -0.4633 -0.0550 0.8845
vn -0.6275 -0.7776 -0.0394
vn -0.9714 -0.2323 0.0490
vn -0.9649 -0.2081 0.1604
vn -0.0023 0.1462 0.9893
vn 0.4619 0.2437 0.8528
vn 0.6704 0.4271 0.6068
vn -0.2923 -0.1148 0.9494
vn -0.5938 0.0458 0.8033
vn -0.5932 0.0463 0.8037
vn -0.2015 -0.1090 0.9734
vn -0.8056 -0.0240 -0.5920
vn -0.0427 0.3453 -0.9375
vn -0.1881 0.0532 -0.9807
vn 0.0491 0.4671 -0.8828
vn 0.6932 -0.1567 0.7035
vn 0.3009 -0.0470 -0.9525
vn 0.9616 -0.2159 0.1695
vn 0.9531 -0.2545 0.1635
vn -0.9951 0.0873 0.0468
vn -0.7001 -0.0786 -0.7097
vn 0.9623 -0.2137 0.1682
vn 0.2987 -0.0505 -0.9530
vn -0.2138 -0.0532 0.9754
vn -0.9175 0.1631 0.3628
vn -0.9769 0.1074 0.1845
vn -0.1278 -0.1867 0.9741
vn -0.5179 -0.3071 0.7984
vn -0.1640 0.0923 0.9821
vn -0.4472 -0.2062 0.8703
vn -0.4638 -0.1922 0.8648
vn -0.0584 -0.4364 0.8978
vn -0.1192 0.0820 0.9895
vn -0.3448 -0.1721 0.9228
vn -0.3160 -0.2355 0.9191
vn -0.2498 -0.6283 0.7368
vn 0.0570 -0.3701 -0.9272
vn 0.0861 -0.3651 -0.9270
vn 0.0008 -0.4523 -0.8919
vn 0.3754 0.4645 -0.8020
vn 0.6822 -0.3212 -0.6568
vn -0.9006 -0.0245 -0.4339
vn -0.8806 -0.0103 -0.4737
vn -0.6306 -0.0376 0.7752
vn -0.1878 0.8735 0.4491
vn -0.3508 0.3066 0.8848
vn -0.2689 0.8513 0.4505
vn -0.2657 0.3457 0.9000
vn -0.6147 0.2973 -0.7306
vn -0.7625 0.6468 0.0162
vn -0.7154 0.6987 -0.0034
vn -0.2299 0.9725 -0.0371
vn -0.2748 0.8520 0.4457
vn -0.7603 0.6494 0.0152
vn -0.2592 -0.0122 -0.9657
vn -0.1965 0.1079 -0.9745
vn -0.7662 0.5117 -0.3887
vn -0.4997 -0.1555 -0.8521
vn -0.9551 0.2550 -0.1507
vn -0.6671 0.0839 -0.7402
vn -0.9783 -0.0174 -0.2065
vn -0.9872 0.1592 -0.0075
vn -0.6037 -0.0886 -0.7923
vn -0.8888 -0.0538 -0.4552
vn -0.0954 -0.4490 -0.8884
vn 0.2355 -0.4233 -0.8748
vn 0.1792 -0.4446 -0.8776
vn -0.0157 -0.2564 -0.9665
vn -0.0141 -0.2555 -0.9667
vn -0.3202 0.2077 0.9243
vn -0.9508 0.2508 -0.1821
vn -0.5302 0.4211 0.7359
vn -0.9587 0.1600 0.2353
vn -0.9799 0.1820 0.0822
vn -0.5673 0.1243 0.8141
vn -0.6127 0.3936 0.6853
vn -0.0041 -0.2719 -0.9623
vn -0.2070 -0.1426 -0.9679
vn 0.1769 -0.0226 0.9840
vn 0.8188 -0.1391 0.5569
vn 0.9374 -0.0562 -0.3438
vn -0.9480 0.2553 -0.1900
vn -0.6290 0.1126 -0.7692
vn -0.9521 -0.0255 -0.3049
vn -0.8064 0.1390 -0.5749
vn -0.4872 0.0201 -0.8730
vn -0.3242 -0.0522 -0.9446
vn 0.9652 -0.2123 0.1528
vn 0.1348 -0.2277 -0.9643
vn 0.1896 -0.1579 -0.9691
vn -0.9894 0.1288 0.0665
vn -0.1447 -0.1263 0.9814
vn -0.1542 -0.0266 0.9877
vn -0.2051 0.4556 0.8663
vn -0.0610 -0.0467 0.9970
vn 0.0260 -0.0649 0.9976
vn 0.7403 -0.1665 0.6513
vn 0.0081 -0.1177 0.9930
vn -0.8930 -0.0587 0.4462
vn 0.6010 -0.1310 0.7885
vn -0.1682 -0.7144 0.6792
vn -0.1724 -0.1849 0.9675
vn -0.8472 -0.2254 0.4811
vn -0.2914 -0.1476 0.9451
vn 0.6831 -0.3681 0.6308
vn 0.5634 -0.1215 0.8172
vn 0.9140 -0.1350 0.3826
vn 0.9397 -0.0077 0.3418
vn -0.0749 -0.2701 0.9599
vn -0.1754 -0.3003 0.9376
vn -0.9487 -0.0498 -0.3122
vn -0.9709 -0.0289 -0.2378
vn 0.8638 0.0559 -0.5008
vn 0.7506 -0.0164 -0.6606
vn 0.7700 -0.0783 -0.6332
vn 0.7720 -0.0765 -0.6310
vn 0.7509 -0.0479 -0.6587
vn 0.9990 0.0025 0.0447
vn 0.9983 0.0587 0.0047
vn 0.7618 -0.0388 -0.6467
vn -0.8478 0.0293 -0.5295
vn -0.9865 0.0311 -0.1610
vn -0.4321 0.2965 -0.8517
vn -0.9897 0.0174 -0.1418
vn -0.4117 0.2973 -0.8615
vn -0.9865 0.0311 -0.1611
vn -0.8032 0.1531 -0.5756
vn -0.8684 0.1077 -0.4839
vn -0.9223 -0.1985 -0.3315
vn -0.9714 -0.0666 -0.2281
vn -0.9102 -0.0034 0.4141
vn -0.9739 -0.0232 -0.2257
vn -0.9732 0.0107 -0.2295
vn -0.9563 0.2829 -0.0739
vn -0.9773 0.0945 -0.1898
vn 0.5101 0.0197 -0.8599
vn 0.7189 -0.1090 -0.6865
vn -0.2323 -0.2578 0.9379
vn -0.0835 -0.1776 0.9806
vn 0.7696 -0.0006 0.6386
vn 0.7389 -0.0903 0.6678
vn 0.1714 -0.1509 0.9736
vn 0.9353 -0.1532 0.3191
vn 0.4948 -0.2376 0.8359
vn 0.8720 -0.1431 0.4682
vn -0.8912 -0.2579 0.3731
vn 0.8823 0.1766 0.4363
vn 0.0663 -0.5996 0.7975
vn -0.2537 -0.0468 0.9661
vn 0.0761 -0.0964 0.9924
vn -0.3825 -0.2054 0.9009
vn 0.1580 -0.1778 0.9713
vn -0.2631 -0.2141 0.9407
vn 0.0315 -0.1962 0.9801
vn 0.7666 -0.2947 0.5705
vn 0.9461 -0.1592 0.2820
vn 0.9825 -0.1679 0.0803
vn -0.5151 0.0475 0.8558
vn -0.4651 0.1505 0.8724
vn -0.7299 -0.2871 0.6203
vn -0.6290 -0.0601 0.7751
vn -0.9411 0.1948 0.2765
vn -0.1926 -0.2604 0.9461
vn -0.5654 0.0240 0.8245
vn -0.7022 -0.2564 0.6642
vn -0.0070 -0.2822 -0.9593
vn -0.3081 -0.1762 -0.9349
vn 0.4467 -0.0181 0.8945
vn -0.6282 -0.1618 0.7611
vn -0.6424 -0.2059 0.7382
vn 0.3421 -0.0341 0.9390
vn 0.5658 -0.1330 0.8138
vn 0.6135 -0.1159 0.7811
vn -0.1883 0.1265 -0.9739
vn -0.4909 -0.3114 -0.8137
vn 0.7114 -0.1149 -0.6934
vn 0.7124 -0.1064 -0.6937
vn -0.0551 -0.1857 0.9811
vn -0.9237 -0.1452 0.3546
vn -0.1328 -0.1027 0.9858
vn -0.7647 -0.2153 0.6074
vn -0.1091 0.6481 0.7537
vn -0.1113 0.6189 0.7775
vn -0.6074 0.1768 0.7745
vn -0.9981 0.0056 0.0621
vn -0.9848 0.1147 0.1301
vn -0.6040 0.0944 0.7914
vn -0.5251 0.2619 0.8097
vn -0.9898 0.0871 0.1131
vn -0.4834 0.2529 0.8381
vn -0.9735 0.1156 0.1971
vn -0.8379 0.5423 0.0617
vn -0.9142 0.2445 0.3232
vn -0.1119 0.6345 0.7648
vn -0.1100 0.1063 0.9882
vn -0.9617 0.1118 0.2504
vn -0.9085 0.1957 0.3693
vn -0.6421 -0.5979 0.4798
vn -0.1836 -0.8012 0.5696
vn -0.5040 0.2035 0.8394
vn -0.6070 -0.4444 -0.6588
vn -0.9737 -0.1571 0.1653
vt 0.500000 0.250000
vt 0.500000 0.500000
vt 0.687500 0.437500
vt 0.750000 0.250000
vt 0.000000 0.125000
vt 0.000000 0.187500
vt 0.500000 0.187500
vt 0.500000 0.125000
vt 0.000000 0.000000
vt 0.500000 0.000000
vt 1.000000 0.000000
vt 0.875000 0.000000
vt 0.875000 0.500000
vt 1.000000 0.500000
vt 0.750000 0.500000
vt 0.750000 0.000000
vt 0.372192 0.706665
vt 0.368195 0.768829
vt 0.736801 0.763321
vt 0.745193 0.698624
vt 0.875000 1.000000
vt 0.812500 0.500000
vt 0.812500 1.000000
vt 0.000000 0.500000
vt 0.000000 1.000000
vt 0.250000 0.000000
vt 0.500000 0.177902
vt 0.500000 1.000000
vt 0.250000 1.000000
vt 0.752670 0.239777
vt 0.770920 0.500000
vt 0.701797 0.000000
vt 0.376343 0.235153
vt 0.380737 0.362793
vt 0.763428 0.393173
vt 0.000000 0.250000
vt 0.000000 0.625000
vt 0.500000 0.625000
vt 0.062500 0.812500
vt 0.500000 0.750000
vt 0.000000 0.368210
vt 0.000000 0.230530
vt 0.000000 0.903931
vt 0.000000 0.204575
vt 0.500000 0.413315
vt 0.000000 0.780975
vt 0.000000 0.800842
vt 0.000000 0.181091
vt 0.000000 0.146362
vt 0.083603 1.000000
vt 0.500000 0.727890
vt 0.220688 1.000000
vt 0.812500 0.562500
vt 0.843750 0.468750
vt 0.733414 0.789490
vt 0.548813 0.810234
vt 0.551307 0.790969
vt 0.738403 0.750961
vt 0.364212 0.830978
vt 0.000000 0.833954
vt 0.767181 0.446655
vt 0.765991 0.429749
vt 0.769516 0.479912
vt 0.764816 0.412827
vt 0.766464 0.436325
vt 0.385468 0.500000
vt 0.000000 0.687729
vt 0.755112 0.583191
vt 0.759109 0.591232
vt 0.758972 0.592270
vt 0.758835 0.593292
vt 0.757431 0.604065
vt 0.755402 0.591293
vt 0.746902 0.671082
vt 0.758911 0.585541
vt 0.761757 0.525558
vt 0.752075 0.645462
vt 0.750656 0.656372
vt 0.744354 0.705124
vt 0.742645 0.718201
vt 0.749978 0.647422
vt 0.742149 0.714928
vt 0.752304 0.643753
vt 0.752884 0.639160
vt 0.753479 0.634567
vt 0.763229 0.559326
vt 0.766228 0.536209
vt 0.761536 0.572418
vt 0.756042 0.614853
vt 0.740952 0.731293
vt 0.742752 0.717422
vt 0.744553 0.703552
vt 0.748429 0.673653
vt 0.747818 0.678291
vt 0.737396 0.758774
vt 0.735405 0.774132
vt 0.812500 0.000000
vt 1.000000 1.000000
vt 1.000000 0.125000
vt 0.252166 0.000000
vt 0.268325 0.000000
vt 1.000000 0.806384
vt 1.000000 0.759692
vt 0.262603 0.000000
vt 1.000000 0.723965
vt -0.224208 0.000000
vt 0.765664 0.265664
vt 0.873982 0.373982
vt 0.889179 0.389179
vt 0.696100 0.196100
vt 0.632813 0.828796
vt 0.631912 0.828796
vt 0.630768 0.828812
vt 0.632339 0.828796
vt 0.631332 0.828796
vt 0.631805 0.828796
vt 0.633713 0.828781
vt 0.633026 0.828789
vt 1.000000 0.187500
vt 0.000000 0.750000
vt 0.875000 0.375000
vt 1.000000 0.250000
vt 0.000002 0.499995
vt 1.000000 0.499997
vt 0.273159 0.831722
vt 0.906286 2.067762
vt 1.448360 3.304546
vt 0.273159 0.831722
vt 0.906286 2.067762
vt 0.227626 0.832080
vt 0.635246 1.449354
vt 0.227632 0.832094
vt 0.635249 1.449371
vt 0.182106 0.832466
vt 0.999976 0.500000
vt 0.498963 0.829880
vt 0.498619 0.829883
vt 0.500000 0.250000
vt 0.500000 1.000000
vt 0.500001 0.352623
vt 1.244171 1.670476
vt 1.000000 0.705245
vt 0.000000 0.500000
vt 1.244170 1.670475
vt 1.988340 2.988328
vt 0.499996 -0.000003
vt 0.500000 0.250000
vt 3.976695 4.976695
vt 0.000000 0.760849
vt 0.184097 0.764839
vt 0.500000 0.000000
vt 0.184097 0.764839
vt 0.500000 1.000000
vt 0.182107 0.832466
vt 0.182106 0.832466
vt 0.062500 0.656250
vt 0.498962 0.829879
vt 0.272071 0.216768
vt 0.683999 0.218897
vt 0.274461 0.210777
vt 0.616374 0.220585
vt -0.031514 0.222985
vt 0.499673 0.220107
vt -0.000448 0.220104
vt 0.362902 0.117929
vt 0.500000 0.000001
vt 2.391978 2.332108
vt -0.137584 -0.406105
vt 2.499437 2.497694
vt 0.237364 -0.011052
vt 2.505530 2.508728
vt 0.252362 0.009260
vt 0.515625 0.720817
vt 0.750000 0.750000
vt 0.750000 1.000000
vt 0.750000 0.750000
vt 0.515625 0.720818
vt 0.531250 0.941635
vt 0.750000 0.750000
vt 0.515625 0.720816
vt 0.750000 0.749999
vt 0.515625 0.720818
vt 0.750000 0.750000
vt 0.750000 0.750000
vt 0.632813 0.735409
vt 0.640625 0.970817
vt 0.515625 0.720817
vt 0.062500 0.500000
vt 0.632813 0.735409
vt 0.243817 -0.014303
vt 1.000000 0.218750
vt 0.136037 0.202134
vt 0.592000 0.203199
vt 0.137230 0.199138
vt 0.558186 0.204042
vt -0.015758 0.205243
vt 0.499836 0.203803
vt -0.000224 0.203802
vt 0.352549 0.246556
vt 0.250000 0.187500
vt 0.205097 0.243112
vt 0.181456 0.058970
vt 3.184342 3.154408
vt 3.976695 3.976695
vt -0.068787 -0.203047
vt 3.238060 3.237188
vt 0.118680 -0.005528
vt 3.241112 3.242712
vt 0.126181 0.004630
vt 1.000000 0.499998
vt 0.371908 -0.007152
vt 0.750000 0.187500
vt 0.500000 -0.000000
vt -0.000000 1.000000
vt 0.250000 1.000000
vt 0.500000 0.500000
vt 0.500000 0.000000
vt 0.500000 1.000000
vt 0.250000 1.000000
vt 0.500000 1.000000
vt 0.625000 0.156250
vt 1.000000 0.156250
vt 0.250000 0.187500
vt 0.125000 0.156250
vt 0.499998 1.000003
vt 0.750000 1.000000
vt 1.000000 0.750000
vt 0.457760 0.810974
vt 0.499999 0.499999
vt 0.500000 0.500000
vt 0.000002 0.500000
vt 0.000000 0.500000
vt 1.000000 0.500000
vt 0.500000 1.000000
vt 0.500000 1.000000
vt 0.500000 0.000000
vt 0.750000 0.000000
vt 0.875000 0.000000
vt 0.875000 0.000000
vt -0.000000 1.000000
vt 0.000000 -0.000000
vt -0.000000 0.000000
vt 0.500000 0.000000
vt 0.500000 -0.000000
vt 0.500000 1.000000
vt 0.547603 0.000000
vt 0.773801 0.000000
vt 1.000000 0.500001
vt 0.500000 0.500000
vt 0.500000 0.500000
vt 0.500000 0.500001
vt 0.999999 0.000000
vt 1.000002 0.500000
vt 0.500000 0.999999
vt 0.419014 0.000000
vt 0.000001 0.667798
vt 0.999998 0.809340
vt 0.125000 1.000000
vt -0.000000 1.000000
vt 0.749999 0.750001
vt 0.205499 1.000000
vt 0.728424 0.828018
vt 0.125000 1.000000
vt 0.628326 0.209220
vt 0.125000 1.000000
vt 0.212834 0.000000
vt 0.146106 0.000000
vt 0.146106 0.000000
vt 0.559490 0.714306
vt 0.599815 0.579629
vt 0.556687 0.832091
vt 0.500000 0.875000
vt 0.559490 0.714306
vt 0.556687 0.832091
vt 0.377954 0.500000
vt 0.356182 -0.000000
vt 0.503939 -0.000002
vt 0.701797 0.798203
vt 0.356182 0.405111
vt 0.757149 0.680351
vt 0.212834 0.000000
vt 0.757148 0.680351
vt 0.238413 0.000000
vt 0.191352 0.000000
vt 0.798447 0.592421
vt 0.798447 0.592421
vt 0.238413 0.000000
vt 1.000000 0.499319
vt 0.500000 0.000000
vt 0.369499 0.000000
vt 0.114264 0.000000
vt 0.182132 0.000000
vt 0.250000 0.000000
vt 0.250000 0.000000
vt 0.500000 -0.000000
vt 0.500000 0.114140
vt 0.500000 0.228277
vt 0.114264 0.000000
vt 0.500000 0.228280
vt 0.500000 -0.000000
vt 0.126569 1.000000
vt 0.000000 1.000000
vt 0.000000 0.500000
vt 0.000000 0.500000
vt 1.000000 0.500000
vt 0.250000 1.000000
vt -0.000000 1.000000
vt 0.000000 1.000000
vt 0.500000 1.000000
vt 0.250000 1.000000
vt 0.500001 1.000000
vt 0.000000 0.499999
vt 1.000001 0.499999
vt 0.999999 0.250000
vt -0.000001 0.249999
vt 0.000003 0.499997
vt 0.250000 0.000000
vt 0.125000 0.000000
vt 0.125000 0.000000
vt -0.000000 0.000000
vt 0.000000 0.000000
vt 0.500000 0.000000
vt 0.375000 0.000000
vt 0.500000 0.000000
vt 0.375000 0.000000
vt 0.283525 0.000000
vt 0.419004 0.000000
vt 0.274932 0.000000
vt 0.274932 0.000000
vt 0.346731 0.000000
vt 0.283525 0.000000
vt 0.391763 0.000000
vt 0.231083 0.000000
vt 0.288907 0.000000
vt 0.346731 0.000000
vt 0.499999 1.000000
vt 0.819108 0.000000
vt 0.659554 0.000000
vt 0.796228 0.000000
vt 0.709661 0.000000
vt 0.710734 0.000000
vt 0.646126 0.000000
vt 0.709661 0.000000
vt 0.741773 0.000000
vt 0.710734 0.000000
vt 0.741773 0.000000
vt 0.999999 0.499999
vt 0.500000 -0.000000
vt 0.710977 0.000000
vt 0.718933 0.000000
vt 1.000000 0.000000
vt 0.806681 0.000000
vt 0.785599 0.000000
vt 1.000000 0.000000
vt 0.710977 0.000000
vt 0.144453 0.000000
vt -0.000000 0.000000
vt 0.165441 0.000000
vt 0.364879 0.000000
vt 0.364879 0.000000
vt 0.432439 0.000000
vt 0.500000 1.000000
vt 0.499999 0.000001
vt 0.500000 1.000000
vt 0.580939 -0.000001
vt 0.549460 1.000001
vt 1.000000 0.549460
vt 0.500000 0.999999
vt 0.191136 0.000000
vt 0.345568 0.000000
vt 0.500000 0.500000
vt 0.500000 0.000000
vt 0.500000 1.000000
vt 0.000000 0.000000
vt 0.000000 0.458437
vt 1.000000 0.544048
vt -0.000000 0.458437
vt -0.000000 0.319662
vt 1.000000 0.544048
vt 0.000000 0.000000
vt 1.000000 0.700287
vt -0.000000 0.653984
vt -0.000000 0.454761
vt 1.000000 0.700287
vt 0.000000 0.653984
vt 1.000000 1.000000
vt 1.000000 0.999999
vt 0.500000 0.000000
vt -0.000000 0.451845
vt -0.000000 0.456276
vt 1.000000 0.456275
vt 0.369316 0.369316
vt 0.519650 0.562900
vt 0.000001 0.451845
vt 0.630684 1.000000
vt 0.519651 0.562900
vt 1.000000 0.665557
vt 1.000000 0.781239
vt 1.000000 0.779994
vt 1.000000 0.787523
vt 1.000000 0.783911
vt 1.000000 0.790829
vt 1.000000 0.785882
vt 1.000000 0.780354
vt 1.000000 0.791411
vt 0.498687 0.000000
vt 0.753137 0.000000
vt 0.744194 0.000000
vt 1.000000 -0.000000
vt 0.646126 0.000000
vt 0.240535 0.000000
vt 0.236855 0.000000
vt 0.240723 0.000000
vt 0.236392 0.000000
vt 0.236724 0.000000
vt 0.237548 0.000000
vt 0.233086 0.000000
vt 0.539741 -0.010299
vt 1.000000 0.250000
vt 1.000000 0.125000
vt 0.500000 -0.000000
vt 0.812802 -0.000001
vt 0.872073 0.872073
vt 0.127927 1.000000
vt 0.454177 0.000000
vt 0.466180 0.466180
vt 1.000000 0.454178
vt 0.725650 0.200110
vt 0.461828 -0.167624
vt 0.669797 0.167449
vt 0.625000 0.156250
vt 0.571543 0.169614
vt 0.669797 0.167449
vt 1.000000 0.168212
vt 0.572341 -0.000000
vt 1.000000 0.000000
vt 1.000000 0.500000
vt 0.000000 0.499999
vt 0.431587 0.830429
vt 0.431415 0.830431
vt 0.999999 0.499998
vt 0.499998 0.500000
vt 0.661409 0.000000
vt 0.695654 0.999999
vt 0.787429 -0.000009
vt 0.107570 0.833075
vt 0.109647 0.833058
vt 0.128242 0.832906
vt 0.133145 0.832866
vt 0.384342 0.384347
vt 0.333543 -0.000004
vt 0.641703 0.000000
vt 0.695213 0.847607
vt 0.813660 1.000000
vt 0.635060 0.999997
vt 0.481277 0.000000
vt 0.521411 0.760705
vt 0.102862 0.833114
vt 0.361516 0.569262
vt 0.384343 0.384343
vt 0.107570 0.833075
vt 0.499977 0.000000
vt 1.000014 0.499987
vt 0.406830 1.000000
s 1
usemtl sculpture.001
f 5605/475/4700 3736/476/3008 5565/477/4677 3738/478/3010
f 4612/479/3814 4613/480/3815 5727/481/4778 5867/482/4869
f 3751/483/3023 5693/479/4758 6078/482/5010 5878/484/4875
f 6017/485/4970 3756/486/3028 5695/487/4759 5660/488/4736
f 3759/489/3030 3760/490/3031 3761/484/3032 3762/476/3033
f 5910/491/4900 6032/492/4981 3765/493/3035 3766/494/3036
f 5692/495/4757 5694/487/4757 3767/496/3037 5832/497/4845
f 3773/498/3043 4587/498/3791 6122/499/5047 6041/499/4988
f 6094/483/5022 6095/483/5023 4587/498/3791 3773/498/3043
f 5772/484/4807 5774/484/4809 4589/500/3793 6117/500/5043
f 3781/476/3051 5900/476/4893 5898/501/4891 5773/484/4808
f 6087/502/5016 6070/502/5004 5900/476/4893 3781/476/3051
f 6053/503/4993 6050/503/4993 6071/502/4993 6088/502/4993
f 5573/503/4682 5895/499/4888 3801/499/3071 5574/503/4683
f 6038/498/4985 6103/498/5031 5914/499/4902 3800/499/3070
f 3805/483/3075 3806/483/3076 3804/498/3074 3803/498/3073
f 6018/483/4971 5815/500/4832 5816/500/4833 6027/483/4978
f 3807/500/3077 3809/484/3079 5840/484/4850 3808/500/3078
f 5839/484/4849 5959/476/4933 5982/476/4945 3810/484/3080
f 3811/476/3081 5686/502/4753 3814/502/3084 3812/476/3082
f 3799/503/3069 3802/503/3072 6069/502/5003 3813/502/3083
f 5813/503/4830 5896/499/4889 5895/499/4888 5573/503/4682
f 3800/499/3070 3816/499/3086 6039/498/4986 6038/498/4985
f 3803/498/3073 3817/498/3087 6019/483/4972 3805/483/3075
f 3818/483/3088 6005/500/4963 5815/500/4832 6018/483/4971
f 3819/500/3089 6044/484/4991 3809/484/3079 3807/500/3077
f 6043/484/4990 3821/476/3091 5959/476/4933 5839/484/4849
f 3811/476/3081 5553/476/4669 5687/502/4754 5686/502/4753
f 3813/502/3083 3822/502/3092 3815/503/3085 3799/503/3069
f 5989/504/4951 3824/505/3094 3825/489/3095 3742/506/3014
f 3828/504/3098 3829/507/3099 5530/508/4651 3831/509/3101
f 3735/475/3007 6067/510/5002 5939/498/4918 3736/476/3008
f 5988/504/4950 6141/506/5064 3741/484/3013 5657/507/4735
f 5939/498/4918 5940/511/4919 3745/512/3017 3736/476/3008
f 3833/513/3103 6131/499/5055 3750/502/3022 3749/514/3021
f 5531/515/4652 5529/508/4650 5667/507/4650 5705/516/4652
f 3836/498/3106 3837/498/3107 6097/499/5025 3839/517/3109
f 6065/498/5000 5966/518/4936 6115/483/5041 5986/498/4948
f 5542/519/4660 5548/476/4663 5545/484/4663 6136/484/5059
f 5777/502/4811 5762/503/4800 5765/503/4803 5780/502/4803
f 5682/520/4750 5683/521/4751 5818/498/4835 3855/498/3123
f 3856/522/3124 5643/523/4726 6112/483/5038 6124/483/5049
f 3858/483/3126 5827/500/4841 5829/500/4842 3859/483/3127
f 5828/500/4729 5647/484/4729 5544/484/4662 3861/500/3129
f 5646/484/4728 6022/476/4974 3865/476/3132 3863/484/3130
f 5796/476/4771 6061/498/4771 5715/521/4771 5798/502/4771
f 5745/524/4789 5764/503/4802 5763/503/4801 5936/503/4801
f 5975/502/4814 5783/503/4814 5962/503/4814 5964/502/4814
f 5851/525/4691 5587/502/4691 5778/502/4691 5781/502/4691
f 6124/483/5049 3842/500/3112 3840/518/3110 3856/522/3124
f 5829/500/4842 3844/484/3114 6140/500/5063 3859/483/3127
f 5544/484/4662 5542/519/4660 6136/484/5059 3861/500/3129
f 6001/523/4943 5977/498/4943 5979/476/4943 6003/484/4943
f 5955/498/4929 5817/498/4834 5643/523/4726 3856/522/3124
f 5966/518/4936 6065/498/5000 5955/498/4929 3856/522/3124
f 3839/517/3109 5682/520/4750 3855/498/3123 3836/498/3106
f 5746/499/4790 5941/499/4920 5685/521/4752 3852/520/3120
f 5860/502/4864 5862/521/4864 6006/499/4864 5929/503/4864
f 6048/484/4839 6045/500/4839 5823/483/4839 5825/523/4839
f 5735/498/4745 5818/498/4835 5683/521/4751 5676/521/4745
f 6025/476/4976 6023/476/3122 3854/498/3122 5736/498/4782
f 6076/502/4977 5984/502/4946 6024/476/4975 6026/476/4977
f 3893/521/3153 5684/521/3155 3896/502/3155 6077/502/5009
f 3897/476/3156 6022/476/4974 5646/484/4728 5785/484/3156
f 5871/498/4873 5819/498/3131 3864/476/3131 5732/476/4780
f 3900/523/3159 5643/523/4726 5817/498/4834 5872/498/3159
f 5786/484/4816 5645/484/4727 5644/523/4727 5804/523/4823
f 5632/521/4718 5685/521/4752 5941/499/4920 5942/499/4718
f 5576/502/4685 5983/502/3121 3853/521/3121 3901/521/3160
f 5652/503/4686 3905/503/3163 5984/502/4946 5577/502/4686
f 5943/499/4921 3883/499/3145 5599/503/4697 5653/503/4731
f 5533/500/4653 5827/500/4841 3858/483/3126 5627/483/4715
f 5534/484/3128 5648/484/3128 3860/500/3128 5532/500/3128
f 5721/523/4775 3857/523/3125 3862/484/3125 3908/484/3166
f 5628/483/4716 6112/483/5038 5643/523/4726 5720/523/4716
f 5677/521/4746 6062/498/4999 3892/498/3152 5675/521/3152
f 3911/498/3168 3912/476/3169 6025/476/4976 5736/498/4782
f 6099/502/5027 3895/502/3154 3894/476/3154 6010/476/4965
f 3910/521/3167 3893/521/3153 6077/502/5009 3913/502/3170
f 5698/476/3157 5731/476/3157 3898/484/3157 5701/484/3157
f 5907/498/4898 5871/498/4873 5732/476/4780 5699/476/4761
f 5908/498/3158 5807/523/3158 5805/523/3158 3899/498/3158
f 5806/523/4824 5700/484/4762 5786/484/4816 5804/523/4823
f 5633/521/4719 5631/521/3161 3902/499/3161 6109/499/5035
f 3918/521/3172 5578/502/4687 5576/502/4685 3901/521/3160
f 3920/502/3174 3921/503/3175 3904/503/3162 3903/502/3162
f 3919/499/3173 5943/499/4921 5653/503/4731 6127/503/5052
f 3922/500/3176 5533/500/4653 5627/483/4715 5629/483/4717
f 5934/500/4917 5791/484/4819 5535/484/3164 3906/500/3164
f 5858/523/4863 5721/523/4775 3908/484/3166 3924/484/3177
f 5859/523/3165 5630/483/3165 3907/483/3165 3909/523/3165
f 5714/521/4770 6060/498/4770 6062/498/4999 5677/521/4746
f 3867/498/3134 5797/476/3134 3912/476/3169 3911/498/3168
f 6010/476/4965 3866/476/3133 5799/502/3133 6099/502/5027
f 3913/502/3170 3869/502/3135 3868/521/3135 3910/521/3167
f 3915/484/3171 6004/484/3171 5980/476/3171 3914/476/3171
f 5699/476/4761 3880/476/3143 5978/498/3143 5907/498/4898
f 3879/498/3142 6002/523/3142 3917/523/3142 3916/498/3142
f 3878/523/3141 3881/484/3141 5700/484/4762 5806/523/4824
f 6109/499/5035 6007/499/4865 5863/521/4865 5633/521/4719
f 3885/521/3147 5861/502/3147 5578/502/4687 3918/521/3172
f 3884/502/3146 5930/503/3146 3921/503/3175 3920/502/3174
f 6127/503/5052 3887/503/3148 3886/499/3148 3919/499/3173
f 5629/483/4717 5824/483/4840 6046/500/4840 3922/500/3176
f 3889/500/3150 6049/484/3150 5791/484/4819 5934/500/4917
f 3924/484/3177 3888/484/3149 5826/523/3149 5858/523/4863
f 3891/523/3151 3890/483/3151 3923/483/3151 3925/523/3151
f 5987/498/4949 5986/498/4948 6115/483/5041 6121/483/5046
f 5585/502/4689 5935/503/4689 5784/503/4815 5589/502/4692
f 3936/502/3188 3848/502/3117 5588/502/3117 3935/502/3187
f 6107/503/5033 5762/503/4800 5777/502/4811 6074/502/5007
f 3934/503/3186 3871/503/3118 3849/503/3118 3937/503/3189
f 5976/502/4813 5589/502/4692 5784/503/4815 5782/503/4813
f 5965/502/3137 3936/502/3188 3935/502/3187 3872/502/3137
f 5963/503/3139 6107/503/5033 6074/502/5007 3875/502/3139
f 3873/503/3138 3934/503/3186 3937/503/3189 3874/503/3138
f 6113/517/5039 6096/499/5024 5764/503/4802 5745/524/4789
f 6113/517/5039 5745/524/4789 5746/499/4790 3852/520/3120
f 5937/503/3136 3938/526/3190 3882/499/3144 3870/524/3136
f 5586/502/4690 3939/502/3191 5600/526/4698 5938/503/4690
f 3938/526/3190 5599/503/4697 3883/499/3145 3882/499/3144
f 3939/502/3191 5984/502/4946 3905/503/3163 5600/526/4698
f 5849/476/4858 6024/476/4975 5984/502/4946 3939/502/3191
f 5849/476/4858 3939/502/3191 3877/502/3140 5850/525/3140
f 5852/525/4661 5543/519/4661 3863/484/3130 3865/476/3132
f 3876/525/3116 5779/502/4812 5549/476/4665 3846/519/3116
f 5743/499/4787 3941/499/3193 6104/498/5032 6135/498/5058
f 5752/484/4795 5620/476/4709 5619/476/4708 5751/484/4794
f 3795/476/3065 3946/476/3198 6000/502/4962 3797/502/3067
f 5999/502/4961 3947/502/3199 3940/503/3192 3785/503/3055
f 5813/503/4830 3926/503/3178 6120/499/5045 5896/499/4889
f 3816/499/3086 3927/499/3179 3928/498/3180 6039/498/4986
f 3817/498/3087 5987/498/4949 6121/483/5046 6019/483/4972
f 5553/476/4669 3932/476/3184 6126/502/5051 5687/502/4754
f 3822/502/3092 3933/502/3185 6130/503/5054 3815/503/3085
f 3743/527/3015 3778/500/3048 3780/484/3050 3746/528/3018
f 6014/484/4967 3780/484/3050 6482/501/5342
f 3949/484/3201 6101/484/5029 5836/483/4672 5556/483/4672
f 5888/485/4883 5915/488/4903 3954/488/3206 5890/485/4885
f 6084/484/3212 5722/485/3212 5724/485/3212 3960/484/3212
f 3962/488/3214 6075/485/5008 5890/485/4885 3954/488/3206
f 5539/529/4657 3969/530/3221 5901/531/4894 5540/532/4658
f 3972/533/3224 4859/534/4039 5994/534/4956 6111/533/5037
f 4862/516/4042 5668/507/4741 5640/507/4724 5803/516/4822
f 4866/516/4046 5905/507/4897 3977/507/3229 4869/516/4049
f 3740/507/3012 4606/516/3808 4870/516/4050 3978/507/3230
f 3975/507/3227 3974/507/3226 3979/504/3231 6073/504/5006
f 5904/507/4896 5906/504/4896 3982/504/3234 5767/507/4804
f 5988/504/4950 5657/507/4735 5857/507/4862 5855/504/4861
f 5981/504/4944 5956/504/4930 3984/535/3236 3985/536/3237
f 5569/504/4680 5812/504/4829 3987/537/3238 3988/505/3239
f 3824/505/3094 3823/504/3093 5856/504/3093 5885/505/4881
f 3978/507/3230 4870/516/4050 4884/516/4063 3990/507/3241
f 5855/504/4861 5857/507/4862 5571/507/4679 5568/504/4679
f 3989/505/3240 3983/504/3235 3986/504/3235 3988/505/3239
f 3992/504/3243 3980/504/3232 3993/538/3244 3994/539/3245
f 4715/516/3915 5666/507/4740 5668/507/4741 4862/516/4042
f 3974/507/3226 3829/507/3099 3828/504/3098 3979/504/3231
f 5909/491/4899 5912/540/4899 6068/498/3913 4712/541/3913
f 5881/494/4878 3996/505/3246 5913/540/4901 5911/491/4878
f 3984/535/3236 5821/505/4837 3766/494/3036 3997/542/3247
f 5814/505/4831 3999/505/3249 4000/543/3250 5830/544/4843
f 5737/505/4783 4003/505/3253 4004/545/3254 4005/546/3255
f 4006/547/3256 4007/548/3257 6123/549/5048 5945/550/4923
f 5995/534/4957 6243/533/5146 6110/533/5036 5993/534/4955
f 4010/551/3260 4011/552/3261 4012/553/3262 4013/554/3263
f 5575/548/4684 4006/547/3256 4014/555/3264 4015/556/3265
f 4012/553/3262 3997/542/3247 3766/494/3036 3765/493/3035
f 5758/505/4798 5760/505/4798 6059/505/4798 6031/505/4798
f 5536/505/4654 5792/505/4820 5566/505/4655 5537/505/4655
f 5554/557/4670 4035/558/3282 4016/558/3266 5555/557/4671
f 4037/559/3284 4038/551/3285 4010/551/3260 4017/559/3267
f 5771/543/3271 4021/505/3271 6030/505/3271 4040/560/3271
f 4006/547/3256 5945/550/4923 5947/561/4925 5618/562/4707
f 3985/536/3237 6058/505/4998 5567/505/4678 3993/538/3244
f 3997/542/3247 6020/560/4973 4024/505/3273 3984/535/3236
f 4034/557/3281 4036/557/3283 5617/562/3283 4029/563/3276
f 4005/546/3255 5868/558/4870 5864/557/4866 4044/563/3289
f 4045/551/3290 4046/559/3291 6108/545/5034 4001/544/3251
f 6021/560/4760 5696/552/4760 5697/552/4760 5770/543/4760
f 3997/542/3247 4012/553/3262 4011/552/3261 6020/560/4973
f 3993/538/3244 3980/504/3232 5981/504/4944 3985/536/3237
f 5892/516/4045 4865/516/4045 5639/507/4723 5641/507/4723
f 5642/507/4725 3975/507/3227 6073/504/5006 3992/504/3243
f 5830/544/4843 4004/545/3254 4003/505/3253 5814/505/4831
f 4005/546/3255 4044/563/3289 5738/505/4784 5737/505/4783
f 4013/554/3263 4018/564/3268 4017/559/3267 4010/551/3260
f 4019/565/3269 4050/566/3295 4041/567/3287 4020/568/3270
f 4022/505/3272 4028/505/3272 4027/505/3272 4023/505/3272
f 5592/505/4693 5793/505/4693 5792/505/4820 5536/505/4654
f 4035/558/3282 4037/559/3284 4017/559/3267 4016/558/3266
f 4038/551/3285 4047/552/3292 4011/552/3261 4010/551/3260
f 3994/539/3245 3993/538/3244 5567/505/4678 4026/505/3275
f 3984/535/3236 4024/505/3273 6058/505/4998 3985/536/3237
f 4005/546/3255 6108/545/5034 4046/559/3291 5868/558/4870
f 4001/544/3251 4000/543/3250 4051/552/3296 4045/551/3290
f 3998/505/3248 5761/505/3248 5759/505/4799 3999/505/3249
f 5974/505/4942 5538/505/4656 5761/505/3248 3998/505/3248
f 4002/505/3252 4025/505/3274 5538/505/4656 5974/505/4942
f 5739/505/4694 5593/505/4694 4025/505/3274 4002/505/3252
f 5866/563/4868 4029/563/3276 5594/505/3294 4049/505/3294
f 5865/557/4867 4034/557/3281 4029/563/3276 5866/563/4868
f 4042/558/3288 4035/558/3282 5554/557/4670 4043/557/3288
f 4046/559/3291 4037/559/3284 4035/558/3282 5868/558/4870
f 4045/551/3290 4038/551/3285 4037/559/3284 4046/559/3291
f 4051/552/3296 4047/552/3292 4038/551/3285 4045/551/3290
f 4000/543/3250 4039/543/3286 4047/552/3292 4051/552/3296
f 3999/505/3249 5759/505/4799 4039/543/3286 4000/543/3250
f 3984/535/3236 5956/504/4930 5820/509/4836 5821/505/4837
f 5530/508/4651 5913/540/4901 3996/505/3246 3831/509/3101
f 4714/515/3914 4892/498/3914 3995/540/3100 3830/508/3100
f 5642/507/4725 3992/504/3243 3981/504/3233 3976/507/3228
f 4945/516/4117 4048/507/3293 5905/507/4897 4866/516/4046
f 4052/569/3297 4053/570/3298 4054/483/3299 4015/556/3265
f 5867/482/4869 4055/484/3300 4954/483/4126 4612/479/3814
f 3760/490/3031 3759/489/3030 3767/496/3037 5788/571/4818
f 3752/495/3024 5658/572/3024 5659/488/3024 3757/487/3024
f 5893/573/4887 3755/485/3027 4055/484/3300 5867/482/4869
f 5879/485/4876 5877/484/4874 6079/482/4874 6134/573/4876
f 5557/483/4673 4954/483/4126 4055/484/3300 3949/484/3201
f 6017/485/4970 5660/488/4736 5915/488/4903 5888/485/4883
f 4055/484/3300 3755/485/3027 5889/485/4884 3949/484/3201
f 4056/572/3301 4060/488/3305 4061/488/3306 4485/572/3692
f 6114/484/5040 5996/484/4958 6119/484/5044 5880/484/4877
f 5601/574/4699 5603/484/4699 5873/484/4699 5875/575/4699
f 5558/576/4674 5560/572/4674 6013/572/4674 6105/577/4674
f 5581/484/4675 5754/484/4675 5563/484/4675 5583/484/4675
f 4088/484/3329 4089/484/3330 4090/484/3331 4091/484/3332
f 5634/484/4720 5637/484/4720 5931/484/4915 6100/484/5028
f 4095/572/3336 4098/488/3339 4099/488/3340 4096/572/3337
f 4098/488/3339 5681/485/4749 5841/485/4851 4099/488/3340
f 4104/484/3345 4105/484/3346 4094/484/3335 4097/484/3338
f 5933/484/4916 6040/484/4987 4108/484/3349 5924/484/4911
f 6055/484/4996 6054/484/4995 4106/484/3347 4109/484/3350
f 4110/484/3351 4111/483/3352 5884/483/4880 5810/484/4827
f 5951/488/4927 5854/488/4860 5882/572/4860 6015/572/4968
f 4092/484/3333 4110/484/3351 5810/484/4827 5808/484/4825
f 4061/488/3306 4063/485/3308 4117/485/3357 4116/488/3356
f 6114/484/5040 5673/484/4743 4128/484/3368 5996/484/4958
f 5957/483/4931 4131/483/3371 4132/578/3372 5916/574/4904
f 5775/576/4810 4135/579/3375 4131/572/3371 5957/572/4931
f 4136/488/3376 5690/488/4755 4138/488/3378 5655/488/4733
f 4142/484/3382 5730/484/4779 4145/484/3385 6066/484/5001
f 5635/484/4721 5650/484/4721 5756/484/4721 5638/484/4721
f 5655/488/4733 4138/488/3378 6008/488/4964 5952/488/4928
f 6016/483/4969 4132/578/3372 4131/483/3371 4135/580/3375
f 4092/484/3333 6066/484/5001 4145/484/3385 4110/484/3351
f 5991/484/4953 4140/484/3380 4143/484/3383 6047/484/4992
f 5757/484/4797 6089/484/5017 4089/484/3330 4088/484/3329
f 5883/572/4879 5853/488/4859 4098/488/3339 4095/572/3336
f 4154/488/3393 4152/572/3391 4096/572/3337 4099/488/3340
f 5853/488/4859 5678/485/4747 5681/485/4749 4098/488/3339
f 5841/485/4851 5842/485/4852 4154/488/3393 4099/488/3340
f 4105/484/3346 5809/484/4826 5811/484/4828 4094/484/3335
f 4097/484/3338 4153/484/3392 4157/484/3396 4104/484/3345
f 4091/484/3332 4090/484/3331 4107/484/3348 5932/484/3348
f 4158/484/3397 5925/484/4912 5924/484/4911 4108/484/3349
f 6054/484/4995 6100/484/5028 5931/484/4915 4106/484/3347
f 4109/484/3350 4159/484/3398 5674/484/4744 6055/484/4996
f 4116/488/3356 4117/485/3357 5926/485/4913 5621/488/4710
f 5702/485/4763 6011/488/4966 5621/488/4710 5926/485/4913
f 6011/488/4966 5702/485/4763 5703/485/4764 4174/488/3413
f 5651/485/4730 4151/484/3390 4147/484/3387 5649/484/3387
f 5608/484/4702 5953/484/4702 4181/581/3420 5707/575/4766
f 6009/488/4954 5992/484/4954 4151/484/3390 5651/485/4730
f 4150/484/3389 4149/488/3389 5691/488/4756 5990/484/4952
f 5612/484/4705 5607/484/4701 5728/484/4701 5967/484/4937
f 5790/484/3419 5954/484/3419 4180/484/3419 5613/484/3419
f 5564/484/4676 6098/484/5026 4141/484/3381 4185/484/3423
f 4184/484/3422 5730/484/4779 4142/484/3382 4186/484/3424
f 5582/484/4688 5612/484/4705 5967/484/4937 5755/484/4688
f 5584/484/3326 5789/484/3326 4183/484/3326 4084/484/3326
f 5562/484/3328 5564/484/4676 4185/484/3423 4087/484/3328
f 4085/484/3327 4184/484/3422 4186/484/3424 4086/484/3327
f 5801/483/4738 5664/575/4738 5662/574/4738 5670/483/4738
f 5614/577/4667 5590/488/4667 5579/488/4667 5551/576/4667
f 5611/484/3421 5606/484/3421 4182/575/3421 5711/575/3421
f 5716/484/4772 5729/484/4703 5609/484/4703 5610/484/4704
f 5719/574/4773 5916/574/4904 4144/484/3384 5717/484/4773
f 5709/575/4768 5708/575/4767 4133/574/3373 5718/574/4774
f 5623/572/4712 5960/572/4934 5768/577/4805 5625/577/4712
f 5526/572/4648 5958/572/4932 5961/572/4935 5624/572/4713
f 5527/576/4647 5775/576/4810 5957/572/4931 5525/572/4647
f 5626/577/4714 5769/577/4806 5776/576/4806 5528/576/4649
f 4205/483/3370 4130/483/3370 5917/574/3370 5688/574/3370
f 6056/483/4997 5671/483/4742 5958/483/4932 5961/483/4935
f 5710/575/3433 5706/575/3433 4200/483/3433 6057/483/3433
f 4206/574/3434 5713/575/4769 5708/575/4767 4133/574/3373
f 5897/488/4890 5654/488/4732 5775/576/4810 5552/576/4668
f 5886/488/4882 5690/488/4755 4136/488/3376 4208/488/3435
f 5734/577/4781 5768/577/4805 4137/488/3377 5887/488/4781
f 4209/576/3436 4134/576/3374 4201/577/3374 4211/577/3437
f 5874/484/3431 4195/484/3431 5712/575/3431 5876/575/3431
f 5604/484/3317 5716/484/4772 5610/484/4704 4072/484/3317
f 5602/574/3316 4198/574/3316 4197/484/3316 4071/484/3316
f 4073/575/3315 5709/575/4768 5718/574/4774 4070/574/3315
f 6012/572/3432 4199/572/3432 4202/577/3432 6106/577/3432
f 5561/572/3320 5526/572/4648 5624/572/4713 4076/572/3320
f 5559/576/3319 4204/576/3319 4203/572/3319 4075/572/3319
f 4077/577/3318 5626/577/4714 5528/576/4649 4074/576/3318
f 5669/483/4739 5672/483/4739 5689/574/4739 5663/574/4739
f 5802/483/3426 4188/483/3426 5671/483/4742 6056/483/4997
f 5665/575/3425 4187/483/3425 4207/483/3425 4196/575/3425
f 4189/574/3427 4190/575/3427 5713/575/4769 4206/574/3434
f 5580/488/4666 5897/488/4890 5552/576/4668 5550/576/4666
f 5591/488/3430 5886/488/4882 4208/488/3435 4193/488/3430
f 5615/577/3429 5733/577/3429 4210/488/3429 4192/488/3429
f 4194/576/3428 4209/576/3436 4211/577/3437 4191/577/3428
f 4132/578/3372 4145/484/3385 4144/484/3384 5916/574/4904
f 4111/483/3352 4110/484/3351 4145/484/3385 4132/578/3372
f 5800/579/4734 5656/488/4734 5951/488/4927 6015/572/4968
f 5654/488/4732 4139/488/3379 4135/579/3375 5775/576/4810
f 4181/581/3420 4212/582/3438 5960/572/4934 5707/575/4766
f 4212/582/3438 4137/488/3377 5768/577/4805 5960/572/4934
f 4213/583/3439 5691/488/4756 4137/488/3377 4212/582/3438
f 4214/584/3440 5990/484/4952 5691/488/4756 4213/583/3439
f 4213/583/3439 4212/582/3438 4181/581/3420 4214/584/3440
f 4152/483/3391 4154/488/3393 4124/488/3364 4123/483/3363
f 4154/488/3393 5842/485/4852 5891/485/4886 4124/488/3364
f 4157/484/3396 4153/484/3392 6138/484/5061 5742/484/4786
f 5925/484/4912 4158/484/3397 4129/484/3369 5998/484/4960
f 5674/484/4744 4159/484/3398 4128/484/3368 5673/484/4743
f 4018/564/3268 4013/554/3263 5921/585/4908 6037/586/4984
f 4052/569/3297 4050/566/3295 4217/587/3443 4218/588/3444
f 4050/566/3295 4019/565/3269 6125/589/5050 4217/587/3443
f 4012/553/3262 3765/493/3035 4224/590/3450 5923/591/4910
f 4223/533/3449 4222/533/3448 4217/587/3443 4221/589/3447
f 6116/533/5042 4219/533/3445 4216/586/3442 5922/585/4909
f 5747/533/4791 5749/533/4792 5923/591/4910 4224/590/3450
f 6032/492/4981 5747/533/4791 4224/590/3450 3765/493/3035
f 5928/533/4914 6086/534/5015 5137/534/4287 4230/533/3455
f 4013/554/3263 4012/553/3262 5923/591/4910 5921/585/4908
f 4019/565/3269 4018/564/3268 6037/586/4984 6125/589/5050
f 4221/589/3447 4216/586/3442 4219/533/3445 4223/533/3449
f 4215/585/3441 4225/591/3441 5750/533/4793 4220/533/3446
f 4218/588/3444 4231/592/3456 4053/570/3298 4052/569/3297
f 5744/499/4788 3940/503/3192 5574/503/4683 3801/499/3071
f 6104/498/5032 3941/499/3193 5914/499/4902 6103/498/5031
f 6029/483/4980 3942/498/3194 3804/498/3074 3806/483/3076
f 5869/500/4871 6028/483/4979 6027/483/4978 5816/500/4833
f 5753/484/4796 5870/500/4872 3808/500/3078 5840/484/4850
f 5620/476/4709 5752/484/4795 3810/484/3080 5982/476/4945
f 6000/502/4962 3946/476/3198 3812/476/3082 3814/502/3084
f 3940/503/3192 3947/502/3199 6069/502/5003 3802/503/3072
f 5703/485/4764 6075/485/5008 3962/488/3214 4174/488/3413
f 5845/484/4853 5843/484/4853 6036/484/4853 5948/484/4853
f 3735/475/3007 5727/481/4778 4613/480/3815 6067/510/5002
f 3832/593/3102 5894/573/3020 3748/482/3020 3747/481/3019
f 3767/496/3037 5695/487/4759 3756/486/3028 5788/571/4818
f 5940/511/4919 5919/594/4906 3744/514/3016 3745/512/3017
f 3737/477/3009 6014/595/4967 5787/596/4817 3738/478/3010
f 5598/534/4286 5136/534/4286 5927/533/4695 5595/533/4695
f 4231/592/3456 5822/591/4838 3968/529/3220 4053/570/3298
f 4053/570/3298 3968/529/3220 5541/532/4659 4054/483/3299
f 4014/555/3264 4050/566/3295 4052/569/3297 4015/556/3265
f 4041/567/3287 4050/566/3295 4014/555/3264
f 4041/567/3287 5555/557/4671 4016/558/3266 4020/568/3270
f 5541/532/4659 5575/548/4684 4015/556/3265 4054/483/3299
f 5137/534/4287 4859/534/4039 3972/533/3224 4230/533/3455
f 4230/533/3455 3972/533/3224 3969/530/3221
f 6123/549/5048 4007/548/3257 3971/532/3223 5902/529/3223
f 3982/504/3234 5570/504/4681 5572/507/4681 5767/507/4804
f 3977/507/3229 3990/507/3241 4884/516/4063 4869/516/4049
f 5539/529/4657 4228/591/3453 3969/530/3221
f 5618/562/4707 5555/557/4671 4006/547/3256
f 5616/563/4706 4030/562/3277 5946/561/4924
f 4017/559/3267 4020/568/3270 4016/558/3266
f 6148/483/5069 5122/485/4275 6149/572/5070 6146/499/5067
f 4222/483/3448 4223/499/3449 4241/572/3466 6161/485/5077
f 4041/567/3287 4014/555/3264 4006/547/3256 5555/557/4671
f 3738/483/3010 5787/485/4817 3832/572/3102 3747/499/3019
f 5605/483/4700 3738/485/3010 3747/572/3019
f 6150/483/5071 6154/499/5074 6153/572/5073 6152/485/5073
f 5596/483/4696 6155/597/4696 6158/598/4290 5140/485/4290
f 6156/597/5072 6151/499/5072 5152/572/4302 5159/598/4302
f 5151/483/4301 4243/499/3468 4247/572/3470 5164/485/4301
f 6150/533/5071 6165/599/5080 6166/600/5081 6154/601/5074
f 4243/533/3468 4252/602/3475 4253/603/3476 4247/601/3470
f 6165/599/5080 6167/604/5082 6169/605/5082 6166/600/5081
f 4254/604/3477 6161/533/5077 6168/605/5083
f 4252/602/3475 4255/606/3478 4256/607/3479 4253/603/3476
f 4255/606/3478 6159/608/5075 6162/533/5075 4256/607/3479
f 4237/483/3462 6157/485/3462 4257/572/3480 4251/499/3474
f 6174/498/5085 6173/499/5084 6170/572/5084 6171/609/5085
f 6179/610/5090 5822/591/4838 4231/592/3456 4262/611/3485
f 4251/483/3474 4257/485/3480 4261/572/3484 4254/499/3477
f 4268/483/3490 6161/485/5077 4254/572/3477 4261/499/3484
f 4268/483/3490 4261/499/3484 4262/572/3485 4231/485/3456
f 4248/485/3471 4264/612/3487 5180/613/4326 5163/572/4310
f 4264/612/3487 6172/498/5086 5153/499/4303 5180/613/4326
f 6164/614/5079 4266/615/3489 6160/616/5076
f 6163/483/5078 4265/617/3488 4266/618/3489 6164/614/5079
f 4265/617/3488 4248/499/3471 4250/619/3473 4266/618/3489
f 4248/485/3471 4265/620/3488 4264/621/3487
f 6163/483/5078 6172/485/5086 4264/572/3487 4265/499/3488
f 4018/564/3268 4019/565/3269 4020/568/3270 4017/559/3267
f 4234/483/3459 6180/485/5091 6143/572/5066 6145/499/5066
f 5121/483/4274 6147/485/5068 6182/572/5068 5132/499/4274
f 6144/483/3465 6183/572/3465 4240/485/3465
f 4222/483/3448 6161/485/5077 4268/572/3490
f 4218/483/3444 4268/572/3490 4231/485/3456
f 4217/483/3443 4222/499/3448 4268/572/3490 4218/485/3444
f 4244/616/3469 4266/615/3489 4250/619/3473 4246/622/3469
f 6186/623/5095 4269/624/3491 5985/541/4947
f 4227/485/3452 5748/483/3452 6187/625/5096 6181/608/5092
f 6181/608/5092 6187/625/5096 6188/485/5093 6184/534/5093
f 4711/623/3912 5131/534/3912 4270/608/3492 6185/626/5094
f 6033/492/3451 6185/626/5094 4270/608/3492 4226/533/3451
f 5985/541/4947 4269/624/3491 3764/492/3034 3763/491/3034
f 6116/499/5042 6142/627/5065 4236/485/3461 4219/483/3445
f 4220/533/3446 5750/533/4793 4267/628/3464 4239/629/3464
f 5616/563/4706 5946/561/4924 5794/505/3280 4033/505/3280
f 4601/483/3803 4271/499/3493 3749/572/3021 4619/485/3821
f 6193/630/5099 6483/502/5343 6189/503/5097
f 3749/483/3021 4271/485/3493 4272/572/3494 4278/499/3500
f 3749/483/3021 4278/499/3500 4277/572/3499 3833/485/3103
f 3833/483/3103 4277/485/3499 6194/572/5100 6192/499/5098
f 3834/483/3104 6193/485/5099 4279/572/3501 4274/499/3496
f 4274/483/3496 4279/485/3501 6195/572/5101 4284/499/3506
f 6194/483/5100 4277/485/3499 4282/572/3504 4280/499/3502
f 4277/483/3499 4278/499/3500 4281/572/3503 4282/485/3504
f 4278/483/3500 4272/485/3494 4286/572/3508 4281/499/3503
f 4281/483/3503 4286/485/3508 4287/572/3509 4292/499/3514
f 4282/483/3504 4281/499/3503 4292/572/3514 4291/485/3513
f 4280/483/3502 4282/485/3504 4291/572/3513 4293/499/3515
f 4284/483/3506 6195/485/5101 4293/572/3515 4289/499/3511
f 4289/483/3511 4293/485/3515 4294/572/3516
f 4293/483/3515 4291/485/3513 4294/572/3516
f 4291/483/3513 4292/499/3514 4294/572/3516
f 4292/483/3514 4287/485/3509 4294/572/3516
f 3969/530/3221 4228/591/3453 4263/631/3486 4230/533/3455
f 6196/632/5102 5834/510/4847 4273/475/3495 4296/633/3518
f 4296/634/3518 4273/510/3495 4285/475/3507 4297/635/3519
f 4297/636/3519 4285/510/3507 4288/475/3510 4298/637/3520
f 4298/638/3520 4288/510/3510 4294/475/3516
f 6198/639/5104 6197/640/5103 4275/572/3497 4300/641/3522
f 4300/642/3522 4275/640/3497 4283/572/3505 4301/643/3523
f 4301/644/3523 4283/640/3505 4290/572/3512 4302/645/3524
f 4302/646/3524 4290/640/3512 4294/572/3516
f 4303/647/3525 4584/476/3789 6483/502/5343
f 3759/489/3030 4304/648/3526 3767/496/3037
f 3948/649/3200 6199/650/5105 4306/651/3528 4273/652/3495
f 6199/650/5105 3834/489/3104 4274/476/3496 4306/651/3528
f 4273/649/3495 4306/653/3528 4307/654/3529 4285/652/3507
f 4306/653/3528 4274/489/3496 4284/476/3506 4307/654/3529
f 4285/649/3507 4307/655/3529 4308/656/3530 4288/652/3510
f 4307/655/3529 4284/489/3506 4289/476/3511 4308/656/3530
f 4288/649/3510 4308/657/3530 4294/476/3516
f 4308/657/3530 4289/489/3511 4294/476/3516
f 4304/658/3526 6200/659/5106 4305/660/3527 5835/649/4848
f 6200/659/5106 4303/661/3525 3834/652/3104 4305/660/3527
f 6193/630/5099 3834/662/3104 4303/647/3525 6483/502/5343
f 3762/476/3033 4309/663/3531 4304/658/3526 3759/489/3030
f 4584/476/3789 4303/647/3525 4309/663/3531 3762/476/3033
f 4299/664/3521 4602/572/3804 5227/665/4372 3739/475/3011
f 6197/480/5103 6201/666/5107 4311/667/3533 4275/481/3497
f 6202/666/5108 6196/632/5102 4296/633/3518 4311/667/3533
f 4275/480/3497 4311/668/3533 4312/669/3534 4283/481/3505
f 4311/668/3533 4296/634/3518 4297/635/3519 4312/669/3534
f 4283/480/3505 4312/670/3534 4313/671/3535 4290/481/3512
f 4312/670/3534 4297/636/3519 4298/637/3520 4313/671/3535
f 4290/480/3512 4313/672/3535 4294/475/3516
f 4313/672/3535 4298/638/3520 4294/475/3516
f 4310/673/3532 6203/481/5109 6205/674/5111 4295/675/3517
f 5833/510/4846 4295/675/3517 6205/674/5111 5831/480/4844
f 3767/496/3037 4304/648/3526 5835/649/4848 5832/497/4845
f 4271/483/3493 6206/676/5112 6207/677/5113 4272/678/3494
f 4315/676/3537 6198/639/5104 4300/641/3522 4316/677/3538
f 4272/483/3494 6207/679/5113 4317/680/3539 4286/678/3508
f 4316/679/3538 4300/642/3522 4301/643/3523 4317/680/3539
f 4286/483/3508 4317/681/3539 4318/682/3540 4287/678/3509
f 4317/681/3539 4301/644/3523 4302/645/3524 4318/682/3540
f 4287/483/3509 4318/683/3540 4294/572/3516
f 4318/683/3540 4302/646/3524 4294/572/3516
f 4601/485/3803 5233/684/4378 6206/685/5112 4271/640/3493
f 5233/684/4378 4602/572/3804 4299/664/3521 6206/685/5112
f 3739/475/3011 5227/665/4372 6209/593/5115 6208/686/5114
f 4310/673/3532 3739/475/3011 6208/686/5114 6203/481/5109
f 6210/484/5116 6098/484/5026 4143/484/3383
f 4140/484/3380 6210/484/5116 4143/484/3383
f 6210/484/5116 4141/484/3381 6098/484/5026
f 4320/687/3542 4214/584/3440 4181/581/3420
f 5953/484/4702 4320/687/3542 4181/581/3420
f 4320/687/3542 5990/484/4952 4214/584/3440
f 6214/688/5120 3787/499/3057 3788/503/3058 4326/689/3548
f 5619/476/4708 6215/690/5121 6217/691/5123 5751/484/4794
f 3797/502/3067 6218/692/5124 4324/690/3546 3795/476/3065
f 6218/692/5124 6219/502/5125 6216/476/5122 4324/690/3546
f 3785/503/3055 4326/693/3548 4327/694/3549 5999/502/4961
f 4326/693/3548 3788/503/3058 3798/502/3068 4327/694/3549
f 6080/482/5011 6220/695/5126 5248/696/4393 4708/573/3909
f 6205/697/5111 6222/698/5128 5831/480/4844
f 6221/698/5127 5693/479/4758 3768/480/3038
f 3981/483/3233 3992/485/3243 3994/572/3245 4336/499/3557
f 4009/483/3259 5795/572/4821 4031/485/3278
f 3994/483/3245 4026/485/3275 4032/572/3279 4336/699/3557
f 6229/700/5134 5969/572/4938 4619/701/3821
f 4619/701/3821 3749/514/3021 3750/502/3022 6229/700/5134
f 6237/483/5142 4341/499/3562 6227/572/5132 6228/485/5133
f 6235/702/5140 5901/531/4894 3969/530/3221
f 3969/530/3221 3972/533/3224 3973/533/3225 6235/702/5140
f 6110/483/5036 6233/485/5138 6234/572/5139 4342/499/3563
f 6226/483/5131 6227/499/5132 4341/572/3562 4340/485/3561
f 6223/483/5129 6225/499/5130 6232/572/5137 6231/485/5136
f 3750/483/3022 6223/485/5129 6231/572/5136 6229/499/5134
f 6236/483/5141 4343/499/3564 4336/572/3557 4032/485/3279
f 6237/483/5142 6228/485/5133 4343/572/3564 6236/499/5141
f 3981/483/3233 4336/485/3557 4343/572/3564
f 3981/483/3233 4343/499/3564 4335/572/3556 5812/485/4829
f 4342/572/3563 6234/485/5139 6238/572/4895 5903/483/4895
f 3970/483/3222 4345/499/3222 4344/572/3565 4008/485/3258
f 4009/485/3259 4008/483/3258 4344/572/3565 5795/485/4821
f 3750/483/3022 6131/485/5055 6133/572/5057 6224/499/5057
f 3824/483/3094 5885/572/4881 6132/485/5056
f 4331/483/3097 3827/499/3097 3989/572/3240 4332/485/3553
f 3987/483/3238 4334/499/3555 4333/572/3554 3988/485/3239
f 5812/483/4829 4335/572/3556 4334/485/3555 3987/483/3238
f 4338/572/3559 6242/502/5145 6230/485/5135
f 4339/572/3560 6240/703/5144 6242/704/5145 4338/572/3559
f 6239/703/5143 6063/483/4939 5970/483/4939 6241/704/5143
f 4337/485/3558 4347/502/3558 5971/499/3558 5968/483/3558
f 6243/572/5146 5995/485/4957 6064/483/3566 4346/705/3566
f 6225/483/5130 6244/706/5147 6245/707/5148 6232/485/5137
f 6244/706/5147 6226/499/5131 4340/572/3561 6245/707/5148
f 4333/499/3554 4348/708/3567 3988/483/3239
f 6243/485/5146 6246/709/5149 6233/499/5138 6110/483/5036
f 6240/705/5144 4339/499/3560 4349/709/3242 3991/485/3242
f 6247/490/5150 3963/485/3215 5704/485/4765
f 6101/484/5029 4352/484/3570 6102/484/5030
f 4352/710/3570 6101/484/5029 6248/490/5151 6249/711/5152
f 5889/485/4884 6250/712/5153 3949/484/3201
f 4354/713/3572 3956/485/3208 3957/485/3209
f 6101/484/5029 3949/484/3201 6250/712/5153 6248/711/5151
f 4353/711/3571 4351/490/3569 4354/713/3572 3957/485/3209
f 3787/499/3057 6259/714/5162 4357/503/3575 3788/503/3058
f 3790/498/3060 6261/498/5164 6260/499/5163 6213/499/5119
f 6255/715/5158 6094/483/5022 3773/498/3043 6261/498/5164
f 6211/500/5117 4361/500/3579 6303/716/5196 6302/483/5195
f 6252/717/5155 3779/484/3049 6118/500/3049 6258/500/5161
f 3796/476/3066 6257/476/5160 6253/718/5156 6254/484/5157
f 6257/476/5160 3781/476/3051 5773/484/4808 6253/718/5156
f 6219/502/5125 6251/719/5154 4359/476/3577 6216/476/5122
f 6251/719/5154 6087/502/5016 3781/476/3051 4359/476/3577
f 3788/503/3058 4357/503/3575 4355/694/3573 3798/502/3068
f 4357/503/3575 3772/503/3042 3783/502/3053 4355/694/3573
f 3988/483/3239 4348/708/3567 4332/572/3553 3989/485/3240
f 6269/483/4776 5723/485/4776 6083/572/5013 6267/499/5170
f 6081/483/5012 6267/572/5170 6083/485/5013
f 6263/720/5166 6265/572/5168 4366/572/3583 3951/483/3203
f 6264/720/5167 6268/721/5171 4363/572/3580
f 6265/572/5168 4367/721/3584 6082/485/3584 6266/722/5169
f 6262/483/5165 4840/499/4021 6270/572/5172 4364/485/3581
f 4841/483/4022 6268/499/5171 6264/572/5167 5285/485/4022
f 6272/723/5173 6265/572/5168 6266/572/5169 6273/724/5174
f 3751/483/3023 4370/725/3586 6271/726/4737 5661/485/4737
f 4370/725/3586 4366/572/3583 6265/485/5168 6272/726/5173
f 3950/483/3202 3959/485/3211 6274/572/5175 5837/499/3202
f 5944/483/4922 5844/485/4854 3967/572/3219
f 5944/483/4922 5725/499/4777 6274/572/5175 5844/485/4854
f 6276/727/5176 4330/572/3552 4314/499/3536
f 6275/728/3551 4329/572/3551 3753/485/3025
f 6078/485/5010 5693/483/4758 6221/499/5127 4371/728/3587
f 6278/729/5178 5870/500/4872 5753/484/4796
f 6278/483/5178 6281/499/5179 6279/572/5179 6277/485/5177
f 5870/483/4872 6278/485/5178 6277/572/5177
f 6286/730/5180 6280/499/5180 6282/572/5180 6284/731/5180
f 3944/483/3196 4373/485/3588 6288/572/5183
f 6259/714/5162 4379/732/3593 3772/503/3042 4357/503/3575
f 6042/483/4989 6289/499/5184 4362/572/3578 4360/485/3578
f 3769/483/3039 6261/572/5164 3773/485/3043
f 4383/733/3597 6131/499/5055 3833/513/3103
f 6290/648/5185 3825/489/3095 3824/505/3094
f 4380/734/3594 6131/649/5055 4383/735/3597
f 3824/505/3094 6132/736/5056 3826/649/3096 6290/648/5185
f 4586/499/3790 4592/737/3795 6042/499/4989
f 6293/499/5188 4383/738/3597 4382/625/3596 6291/483/5186
f 6042/499/4989 4592/737/3795 6325/503/5215 6289/739/5184
f 4382/625/3596 4383/738/3597 3833/485/3103 6327/483/5216
f 3825/483/3095 6290/485/5185 6292/499/5187
f 6294/740/5189 4588/483/3792 3775/483/3045 4384/741/3598
f 4384/742/3598 3775/483/3045 6256/716/5159
f 3744/514/3016 4388/743/3602 4389/744/3603 3745/512/3017
f 4388/743/3602 3743/527/3015 3746/528/3018 4389/744/3603
f 4390/745/3604 4387/746/3601 3741/502/3013
f 4388/747/3602 3744/514/3016 4387/746/3601 4390/748/3604
f 3825/489/3095 6297/749/5192 6299/750/5192 3742/506/3014
f 6296/749/5191 6295/498/5190 6301/483/5194 6300/750/5191
f 6298/751/5193 3825/485/3095 6292/572/5187
f 6141/752/5064 4392/753/3605 4386/754/3600
f 4381/572/3595 3770/499/3040 3774/483/3044 4391/751/3595
f 4385/755/3599 4386/754/3600 4392/753/3605 3776/483/3046
f 3741/502/3013 6141/752/5064 4386/756/3600 4390/745/3604
f 5918/483/4905 4387/499/3601 3744/572/3016 5919/485/4906
f 3740/483/3012 3741/499/3013 5315/572/4448 4606/485/3808
f 3741/483/3013 4387/485/3601 5918/572/4905 5315/499/4448
f 4589/500/3793 4594/757/3797 4394/758/3607 6117/500/5043
f 4594/757/3797 4593/740/3796 4384/741/3598 4394/758/3607
f 4396/759/3609 4388/747/3602 4390/748/3604
f 4386/756/3600 4396/759/3609 4390/748/3604
f 4396/759/3609 3743/527/3015 4388/747/3602
f 3743/527/3015 4396/760/3609 4395/761/3608 3778/500/3048
f 4396/760/3609 4386/754/3600 4385/755/3599 4395/761/3608
f 4393/572/3606 6304/762/5197 4358/483/3576
f 6117/483/5043 4394/485/3607 6305/572/5198
f 3777/483/3047 4397/499/3047 6303/572/5196 4361/485/3579
f 6256/483/5159 6305/762/5198 4394/485/3607 4384/483/3598
f 6140/483/5063 3844/485/3114 5546/572/4664 6128/499/4664
f 3840/483/3110 3842/499/3112 6129/572/5053 3841/485/3111
f 3945/484/3197 3793/484/3063 4375/572/3590 4372/485/3197
f 4325/763/3547 6283/764/5181 4375/485/3590 3793/483/3063
f 3930/500/3182 4399/765/3611 6315/766/5204 6312/767/5204
f 6129/500/5053 6311/767/5203 4403/766/3615 3841/483/3111
f 3841/483/3111 4403/766/3615 4399/765/3611 3929/483/3181
f 5547/484/3113 6310/717/3113 6313/768/3113 3843/500/3113
f 4400/717/3612 3931/484/3183 6314/500/5205 4402/768/3614
f 3931/484/3183 4400/769/3612 6317/770/5207 6316/771/5206
f 3932/476/3184 4401/771/3613 4404/770/3616 5549/476/4665
f 3847/476/3115 6317/770/5207 4400/769/3612 3845/484/3115
f 6005/500/4963 3818/483/3088 3929/483/3181 4399/772/3611
f 6043/484/4990 4401/773/3613 3932/476/3184 3821/476/3091
f 3931/484/3183 6319/484/5209 6318/500/5208 6314/500/5205
f 6319/484/5209 6044/484/4991 3819/500/3089 6318/500/5208
f 3930/500/3182 4405/500/3617 4399/772/3611
f 4405/500/3617 6005/500/4963 4399/772/3611
f 3820/484/3090 4406/774/3618 6316/773/5206
f 4406/774/3618 3931/484/3183 6316/773/5206
f 6320/775/5210 3785/503/3055 3940/503/3192
f 6214/688/5120 4326/689/3548 3785/503/3055 6320/775/5210
f 3940/503/3192 5744/499/4788 3786/499/3056 6320/775/5210
f 4322/776/3544 6323/594/5213 6213/499/5119
f 5743/483/4787 6135/485/5058 4323/572/3545
f 3786/483/3056 6322/499/5212 4408/572/3620 6320/485/5210
f 4322/483/3544 4407/485/3619 6323/572/5213
f 6322/777/5212 4409/777/3621 4408/594/3620
f 6323/594/5213 6324/777/5214 3790/498/3060 6213/499/5119
f 6306/483/5199 6309/483/5202 6324/778/5214 6321/777/5211
f 3772/503/3042 4379/739/3593 6326/572/4994 6051/483/4994
f 6190/483/3498 6328/572/3498 4276/485/3498
f 3833/483/3103 6192/485/5098 6327/572/5216
f 3745/572/3017 6329/779/5217 3736/483/3008
f 6329/779/5217 5565/485/4677 3736/483/3008
f 3745/483/3017 4389/499/3603 6330/572/5218 6329/485/5217
f 3746/483/3018 3780/499/3050 6330/572/5218 4389/485/3603
f 3737/483/3009 4411/485/3622 4412/572/3623 6014/499/4967
f 6014/483/4967 4412/572/3623 3780/485/3050
f 4373/483/3588 4374/485/3589 6287/572/5182 6288/499/5183
f 3926/503/3178 6332/780/5219 6335/781/5219 6120/499/5045
f 6331/780/3108 5766/503/3108 3838/499/3108 6334/781/3108
f 4414/782/3624 6097/499/5025 3837/498/3107
f 5779/502/4812 6336/502/5221 5549/476/4665
f 3933/502/3185 6337/783/5220 6333/784/5220 6130/503/5054
f 4415/783/3119 3851/502/3119 3850/503/3119 4413/784/3119
f 5549/476/4665 6336/502/5221 6126/502/5051 3932/476/3184
f 3789/483/3059 3942/485/3194 6029/572/4980 6338/499/5222
f 3789/483/3059 6338/499/5222 6306/572/5199 6321/485/5211
f 4418/785/3627 6028/483/4979 5869/485/4871
f 4378/572/3592 4418/785/3627 5869/485/4871
f 4418/785/3627 4416/499/3625 3943/483/3195
f 4418/786/3627 4378/483/3592 6339/485/5223
f 6339/485/5223 6307/572/5200 4416/499/3625 4418/786/3627
f 3837/498/3107 3928/498/3180 3927/499/3179 4414/782/3624
f 4417/787/3626 6340/788/5224 6308/499/5201
f 6287/483/5182 6340/789/5224 4417/790/3626 6288/485/5183
f 4420/498/3629 4328/499/3550 6341/788/5225
f 6212/791/5118 6343/792/5227 6342/793/5226
f 4328/794/3550 4420/793/3629 4421/792/3630 4398/795/3610
f 6302/483/5195 6343/792/5227 6212/791/5118 6211/500/5117
f 6285/485/3628 6212/483/5118 6342/498/5226 4419/788/3628
f 6344/796/5228 6217/691/5123 6215/690/5121
f 6215/690/5121 3796/476/3066 6254/484/5157 6344/796/5228
f 4325/485/3547 4423/717/3632 6283/731/5181
f 4423/797/3632 4325/763/3547 4422/798/3631
f 4376/731/3591 6345/717/5229 4321/483/3543 4377/730/3591
f 4424/799/3633 3794/484/3064 4356/717/3574
f 3792/483/3062 4321/485/3543 6345/572/5229 6346/499/5230
f 6252/717/5155 6258/500/5161 3792/500/3062 6346/799/5230
f 3794/483/3064 4424/499/3633 4423/572/3632 4422/485/3631
f 3790/483/3060 6324/485/5214 6309/572/5202 6347/499/5231
f 3790/483/3060 6347/499/5231 6255/572/5158 6261/485/5164
f 4393/572/3606 4358/485/3576 4425/572/3634 3791/483/3061
f 4421/792/3630 3791/483/3061 4425/572/3634 4398/485/3610
f 4058/484/3303 6348/800/5232 6349/801/5233 6351/484/5235
f 4058/484/3303 6351/717/5235 6352/717/5236 6354/484/5238
f 6091/484/5019 6361/717/5241 6355/802/5020 6092/483/5020
f 4434/717/3643 4428/484/3637 6350/801/5234 6356/802/5234
f 6357/803/5239 4432/801/3641 4429/800/3638
f 6353/717/5237 6358/710/5240 4427/484/3636
f 6359/717/3642 4433/717/3642 4428/717/3637 4434/484/3643
f 4058/484/3303 4437/625/3646 6362/804/5242 6348/805/5232
f 4437/625/3646 4426/625/3635 4430/806/3639 6362/804/5242
f 4430/806/3639 4439/807/3648 6364/808/5244 6362/809/5242
f 4485/483/3692 4442/808/3651 6363/807/5243 4056/483/3301
f 6354/484/5238 4440/484/3649 4437/484/3646 4058/484/3303
f 4440/484/3649 4431/484/3640 4426/484/3635 4437/484/3646
f 4431/484/3640 4440/717/3649 4443/484/3652 4441/625/3650
f 4066/484/3311 4443/484/3652 4440/717/3649 4427/484/3636
f 6368/484/5248 4445/484/3654 4446/484/3655 6367/484/5247
f 4124/488/3364 4449/779/3658 4450/572/3659 4123/572/3363
f 4449/779/3658 4060/488/3305 4056/572/3301 4450/572/3659
f 4426/483/3635 4431/485/3640 4453/572/3662
f 4426/483/3635 4453/499/3662 4452/572/3661 4430/485/3639
f 6137/483/5060 4455/625/3664 6373/810/5250 6372/499/5249
f 4455/625/3664 4452/485/3661 4453/572/3662 6373/810/5250
f 6137/483/5060 6372/572/5249 6139/485/5062
f 4427/484/3636 6358/710/5240 6366/484/5246 4066/484/3311
f 4444/484/3653 6360/710/3653 6371/484/3653 6369/484/3653
f 6374/484/5251 4460/811/3669 4465/812/3674 6375/717/5252
f 4117/485/3357 4465/812/3674 4460/811/3669 4166/485/3405
f 6384/484/5261 4461/813/3670 4460/811/3669 6374/484/5251
f 4461/813/3670 4167/485/3406 4166/485/3405 4460/811/3669
f 6378/484/5255 6377/717/5254 6380/484/5257 6379/484/5256
f 4171/484/3410 4462/484/3671 4466/484/3675 6381/484/5258
f 4459/484/3668 6383/484/5260 6378/484/5255 6379/710/5256
f 6386/483/5263 6388/485/5265 4470/572/3679 4451/499/3660
f 4100/485/3341 6395/814/5270 6394/815/5269 4101/485/3342
f 4473/814/3681 4102/484/3343 4103/484/3344 4472/815/3680
f 5679/485/4748 6390/816/4748 6395/817/5270 4100/485/3341
f 6391/816/5267 4083/484/3325 4102/484/3343 4473/817/3681
f 4156/484/3395 4474/818/3682 4472/819/3680 4103/484/3344
f 4474/818/3682 4155/485/3394 4101/485/3342 6394/819/5269
f 4155/485/3394 4474/820/3682 4475/711/3683 4125/485/3365
f 4156/484/3395 4126/484/3366 4475/711/3683 4474/820/3682
f 4467/485/3676 6396/821/5271 4449/483/3658
f 6385/483/5262 6389/572/5266 6387/485/5264 6397/822/5264
f 4063/485/3308 6399/823/5273 6398/824/5272 4117/485/3357
f 4479/823/3686 4065/484/3310 4118/484/3358 4477/824/3684
f 4062/483/3307 4476/485/3677 4468/572/3677 6400/499/5274
f 4125/483/3365 4475/499/3683 6389/572/5266 6385/485/5262
f 4126/483/3366 4470/485/3679 4469/572/3678 4475/499/3683
f 4060/483/3305 4449/499/3658 6396/572/5271 4062/485/3307
f 6375/717/5252 4465/812/3674 4117/485/3357 6398/824/5272
f 4064/483/3309 4451/485/3660 4470/572/3679 4126/499/3366
f 4451/483/3660 4064/499/3309 4478/572/3685 6386/485/5263
f 4436/717/3645 6361/484/5241 6091/484/5019 6370/484/3645
f 4062/485/3307 4480/825/3687 4060/488/3305
f 6400/826/5274 6401/827/5275 4480/828/3687 4062/485/3307
f 6401/827/5275 6399/829/5273 4063/485/3308 4480/828/3687
f 4481/827/3688 4478/826/3685 4064/484/3309
f 4060/488/3305 4480/825/3687 4063/485/3308 4061/488/3306
f 4064/484/3309 4065/484/3310 4479/829/3686 4481/827/3688
f 5997/484/4959 6403/484/5277 6402/484/5276 4068/484/3313
f 6357/803/5239 4429/800/3638 4485/830/3692 4057/483/3302
f 4429/805/3638 4438/809/3647 4442/808/3651 4485/830/3692
f 4057/483/3302 4486/831/3693 6093/483/5021 4435/803/3644
f 3953/483/3205 4487/832/3694 4488/833/3695 3961/483/3213
f 3961/483/3213 4488/834/3695 4490/835/3697 5920/483/4907
f 4057/483/3302 4485/572/3692 4061/485/3306
f 6363/499/5243 4492/836/3699 6436/837/5305 4056/483/3301
f 4492/836/3699 4455/572/3664 4059/485/3304 6436/837/5305
f 4455/572/3664 4492/838/3699 4452/485/3661
f 5740/483/4785 4493/839/3700 4494/840/3701 6365/499/5245
f 4493/839/3700 4454/485/3663 4456/572/3665 4494/840/3701
f 4494/841/3701 4456/572/3665 4453/499/3662
f 4454/484/3663 4493/717/3700 6138/484/5061
f 4431/483/3640 4441/485/3650 4494/841/3701 4453/499/3662
f 4430/483/3639 4452/485/3661 4492/838/3699 4439/499/3648
f 3952/483/3204 4487/572/3694 4365/485/3582
f 4369/842/3585 4365/499/3582 4487/572/3694 3953/483/3205
f 6035/483/4983 4495/843/3702 6404/844/5278 6034/483/4982
f 4495/843/3702 6035/483/4983 5920/483/4907
f 4163/483/3402 4498/499/3705 4497/572/3704 4495/485/3702
f 4499/483/3706 4496/485/3703 4497/572/3704 4498/499/3705
f 4160/483/3399 6034/485/4982 6404/572/5278 6405/499/5279
f 4169/484/3408 6406/484/5280 4499/572/3706 6407/483/5281
f 4502/484/3709 4445/484/3654 4169/484/3408 4489/484/3696
f 6376/483/5253 4121/485/3361 6380/572/5257 6377/499/5254
f 4169/483/3408 4501/845/3708 6406/485/5280
f 6408/845/5282 4500/572/3707 6405/485/5279
f 4160/483/3399 6405/485/5279 4500/572/3707
f 4163/483/3402 4495/499/3702 5920/572/4907 4490/485/3697
f 4171/484/3410 6381/484/5258 4502/572/3709 4489/485/3696
f 4178/484/3417 4503/484/3710 4504/484/3711 3967/484/3219
f 4503/484/3710 5973/484/4941 5972/484/4940 4504/484/3711
f 4172/484/3411 4505/717/3712 4503/484/3710 4178/484/3417
f 6119/484/5044 4506/484/3713 4118/484/3358 5880/484/4877
f 4508/484/3715 4505/717/3712 4172/484/3411 4507/484/3714
f 4499/485/3706 4509/488/3716 6407/483/5281
f 4498/483/3705 6410/846/5284 4509/847/3716 4499/499/3706
f 4510/846/3717 4505/485/3712 4508/572/3715 6409/847/5283
f 5973/483/4941 4503/485/3710 4505/572/3712 4510/499/3717
f 6085/484/5014 5944/484/4922 3967/484/3219 4504/484/3711
f 6381/483/5258 4511/485/3718 4512/572/3719 4502/499/3709
f 4445/483/3654 4502/485/3709 4512/572/3719 4446/499/3655
f 6376/483/5253 4482/499/3689 4511/572/3718 4121/485/3361
f 6402/484/5276 4120/484/3360 4506/484/3713 4068/484/3313
f 4482/483/3689 4484/485/3691 4483/572/3690 4511/499/3718
f 4066/483/3311 6367/485/5247 4446/572/3655 6411/499/5285
f 4483/483/3690 4513/499/3720 4512/572/3719 4511/485/3718
f 4446/483/3655 4512/485/3719 4513/572/3720
f 6417/484/5289 4114/484/3354 4115/483/3355 6412/848/3355
f 6413/572/5286 4116/488/3356 5622/488/4711
f 6368/483/5248 6414/849/5287 4445/485/3654
f 4447/485/3656 6418/850/5290 6415/851/3359 4119/483/3359
f 4114/483/3354 6417/852/5289 6418/853/5290 4447/485/3656
f 4462/710/3671 4507/625/3714 4172/484/3411 6382/484/5259
f 4160/484/3399 6423/710/5293 6419/854/5291 6034/483/4982
f 4519/710/3726 4515/484/3722 4514/848/3721 6420/854/3721
f 4516/850/3723 4520/855/3727 6422/856/5288 6416/851/5288
f 6424/855/5294 4500/572/3707 6408/499/5282 6421/856/5292
f 4515/852/3722 4519/857/3726 4520/858/3727 4516/853/3723
f 6423/857/5293 4160/499/3399 4500/572/3707 6424/858/5294
f 4517/849/3724 4521/859/3728 4445/485/3654
f 4445/485/3654 4521/859/3728 4501/499/3708 4169/572/3408
f 4161/572/3400 4518/860/3725 6413/572/5286 5622/488/4711
f 4486/861/3693 4116/488/3356 6413/572/5286 6093/572/5021
f 4093/484/3334 6090/484/5018 4089/484/3330 4448/717/3657
f 4093/484/3334 4448/717/3657 5991/484/4953 6047/484/4992
f 5991/484/4953 4448/484/3657 4089/484/3330 6089/484/5017
f 6138/484/5061 4493/717/3700 5740/484/4785 5742/484/4786
f 6425/484/5295 5740/484/4785 6365/625/5245
f 6425/862/5295 4066/483/3311 6411/499/5285
f 4513/499/3720 4483/572/3690 5741/485/3729 4522/862/3729
f 6365/625/5245 4443/484/3652 4066/484/3311 6425/484/5295
f 4067/483/3312 4483/485/3690 4484/572/3691 6426/499/5296
f 4069/483/3314 5998/485/4960 4129/572/3369 6427/499/3314
f 5997/483/4959 4523/572/3730 6403/485/5277
f 5972/484/4940 6428/625/5297 4504/484/3711
f 6428/625/5297 6085/484/5014 4504/484/3711
f 4525/863/3732 4490/499/3697 4488/572/3695
f 4488/572/3695 4487/485/3694 3952/483/3204 4525/863/3732
f 4163/483/3402 4526/864/3733 4498/485/3705
f 4177/572/3416 4526/865/3733 4527/866/3734 3965/483/3217
f 4526/865/3733 4163/485/3402 4490/572/3697 4527/866/3734
f 4528/867/3735 4525/868/3732 3952/483/3204
f 3965/572/3217 4527/869/3734 4528/870/3735 4524/871/3731
f 4527/869/3734 4490/499/3697 4525/868/3732 4528/870/3735
f 3952/483/3204 3958/485/3210 4524/871/3731 4528/867/3735
f 4498/485/3705 4526/864/3733 4177/499/3416 6410/572/5284
f 3954/488/3206 4531/872/3738 4529/873/3736 3962/488/3214
f 6430/872/5299 3953/572/3205 3961/572/3213 6429/873/5298
f 4165/488/3404 4532/874/3739 4164/488/3403
f 4162/572/3401 6431/875/5300 6432/876/5301 4173/572/3412
f 4532/875/3739 4165/488/3404 4174/488/3413 4530/876/3737
f 3758/483/3029 4368/485/3029 6433/572/5302 3955/499/3207
f 3954/483/3206 3955/499/3207 6433/572/5302 4531/485/3738
f 6272/483/5173 6273/485/5174 6434/572/5303
f 3953/483/3205 6430/499/5299 4533/572/3740 4369/485/3585
f 6435/877/5304 6429/878/5298 3961/572/3213
f 4529/878/3736 4534/877/3741 3962/488/3214
f 3961/572/3213 4173/572/3412 6432/879/5301 6435/877/5304
f 3962/488/3214 4534/877/3741 4530/879/3737 4174/488/3413
f 5622/488/4711 6431/874/5300 4162/572/3401 4161/572/3400
f 4171/483/3410 4489/499/3696 6409/572/5283 4508/485/3715
f 4462/710/3671 4171/484/3410 4508/572/3715 4507/485/3714
f 4059/483/3304 4122/485/3362 6436/572/5305
f 4056/483/3301 6436/572/5305 4450/485/3659
f 3964/484/3216 4536/880/3743 6438/881/5307 4350/711/3568
f 4536/880/3743 4352/710/3570 6249/711/5152 6438/881/5307
f 6247/711/5150 4537/882/3744 3963/485/3215
f 4352/484/3570 4536/484/3743 6437/484/5306 6102/484/5030
f 4536/484/3743 3964/484/3216 3966/484/3218 6437/484/5306
f 3963/485/3215 4537/882/3744 4353/711/3571 3957/485/3209
f 4449/488/3658 4124/488/3364 5891/485/4886 4467/883/3676
f 6392/485/5268 4539/490/3746 6391/884/5267
f 5680/485/3321 4081/488/3321 4078/488/3321 6439/596/3321
f 4083/484/3325 6391/884/5267 4539/490/3746 5636/484/4722
f 4116/488/3356 4486/861/3693 4057/572/3302 4061/488/3306
f 4094/484/3335 6441/885/5308 4543/886/3750 4097/484/3338
f 4540/885/3747 4095/483/3336 4096/483/3337 6442/886/5309
f 6441/887/5308 4094/484/3335 5811/484/4828
f 4152/483/3391 6443/888/5310 6442/889/5309 4096/483/3337
f 4542/888/3749 4153/484/3392 4097/484/3338 4543/889/3750
f 4153/484/3392 4542/890/3749 6444/891/5311 6138/484/5061
f 6443/890/5310 4152/483/3391 4123/483/3363 4541/891/3748
f 6138/483/5061 6444/892/5311 4491/499/3698
f 6436/499/5305 4541/892/3748 4123/485/3363 4450/572/3659
f 6040/484/4987 4544/717/3751 4547/484/3754 4108/484/3349
f 4544/717/3751 4105/484/3346 4104/484/3345 4547/484/3754
f 4544/484/3751 6090/484/5018 4093/484/3334
f 4105/484/3346 4544/484/3751 4093/484/3334
f 4544/484/3751 6040/484/4987 6090/484/5018
f 4157/484/3396 6446/625/5313 4547/484/3754 4104/484/3345
f 4545/625/3752 4158/484/3397 4108/484/3349 4547/484/3754
f 4158/484/3397 4545/484/3752 4546/710/3753 4129/484/3369
f 6446/484/5313 4157/484/3396 5742/484/4786 6445/710/5312
f 4113/484/3353 4112/483/3353 4095/483/3336 4540/887/3747
f 4471/884/3323 4080/485/3323 6440/596/3323 6393/485/3323
f 4538/893/3745 4548/485/3755 4079/485/3322
f 4548/894/3755 4538/893/3745 5952/488/4928
f 5952/488/4928 6008/488/4964 4148/485/3388 4548/894/3755
f 4082/483/3324 4548/499/3755 4148/572/3388 4146/485/3386
f 6392/483/5268 4548/572/3755 4539/485/3746
f 4082/483/3324 4539/485/3746 4548/572/3755
f 4127/483/3367 4067/483/3312 6426/572/5296
f 4129/485/3369 4546/895/3753 4127/483/3367 6426/572/5296
f 4463/484/3672 4551/625/3758 4549/484/3756 4170/484/3409
f 4551/625/3758 4457/484/3666 4168/484/3407 4549/484/3756
f 4170/484/3409 4549/484/3756 4550/484/3757 4464/484/3673
f 4549/484/3756 4168/484/3407 4458/484/3667 4550/484/3757
f 4550/484/3757 4118/484/3358 4506/484/3713
f 6384/485/5261 4552/896/3759 4553/897/3760 4461/572/3670
f 4461/499/3670 4553/898/3760 4167/483/3406
f 5949/484/4926 4554/625/3761 4556/710/3763 5847/484/4856
f 4554/484/3761 5949/484/4926 6447/484/5314
f 4551/484/3758 4554/484/3761 6447/484/5314 4457/484/3666
f 4175/485/3414 6448/490/5315 4350/490/3568
f 4552/896/3759 5950/483/3762 4555/488/3762 4553/898/3760
f 4553/898/3760 6448/488/5315 4175/485/3414 4167/483/3406
f 4350/490/3568 6448/490/5315 4176/484/3415 3964/484/3216
f 4558/710/3765 4178/484/3417 3967/484/3219
f 4459/485/3668 6451/899/5317 6449/900/5316 6383/572/5260
f 5846/485/4855 6450/901/4855 6452/902/4855
f 4178/483/3417 4558/902/3765 4172/499/3411
f 4172/499/3411 4558/902/3765 4557/901/3764 6382/572/5259
f 5844/483/4854 5848/485/4857 4558/572/3765 3967/499/3219
f 3959/483/3211 4535/903/3742 5844/485/4854 6274/572/5175
f 4554/625/3761 4551/484/3758 4463/484/3672 4556/484/3763
f 6451/899/5317 4179/483/3418 6449/484/5316
f 4477/824/3684 4118/484/3358 4550/484/3757 4458/484/3667
f 4120/484/3360 4464/484/3673 4550/484/3757 4506/484/3713
f 4559/904/3766 6220/905/5126 6453/906/5318
f 4319/686/3541 4559/904/3766 6453/906/5318 6204/481/5110
f 6220/695/5126 4559/907/3766 5482/908/4609 5248/696/4393
f 4559/907/3766 4319/686/3541 4710/593/3911 5482/908/4609
f 6454/909/5319 4329/485/3551 6275/727/3551
f 6276/727/5176 4314/499/3536 3835/483/3105 4560/909/3105
f 6262/484/5165 6455/625/5320 5485/910/4611 4840/485/4021
f 6455/625/5320 3754/484/3026 4955/485/4127 5485/910/4611
f 3751/483/3023 5878/485/4875 4561/911/3767 4370/912/3586
f 4366/499/3583 4370/912/3586 4561/911/3767 3951/572/3203
f 4229/533/3454 6456/913/5321 4562/914/3768 5597/533/3454
f 6456/913/5321 6179/610/5090 4262/611/3485 4562/914/3768
f 4232/483/3457 4562/499/3768 4257/572/3480 4245/485/3457
f 4261/485/3484 4257/483/3480 4562/572/3768 4262/485/3485
f 4263/631/3486 4563/913/3769 5928/533/4914 4230/533/3455
f 4242/483/3467 4564/499/3770 6175/572/5087 4258/485/3481
f 4564/499/3770 4565/915/3771 4241/485/3466 6459/483/5324
f 4242/483/3467 4249/485/3472 4565/915/3771 4564/499/3770
f 4241/483/3466 4565/916/3771 4249/572/3472 6161/485/5077
f 5122/483/4275 5492/917/4618 6458/918/5323 6149/499/5070
f 5492/917/4618 5141/485/4291 6457/572/5322 6458/918/5323
f 6462/919/5327 6176/485/5088 6175/572/5087
f 6464/483/5325 6465/499/5329 6461/572/5326 6460/485/5325
f 4223/483/3449 6463/485/5328 6459/572/5324 4241/499/3466
f 6469/920/5332 4569/921/3775 4235/922/3460 6466/923/3460
f 6465/572/5329 4574/924/3780 6470/925/5333 6461/485/5326
f 5141/485/4291 6473/926/5336 6471/927/5334 6457/572/5322
f 6470/483/5333 4574/485/3780 4575/572/3781 6477/499/5338
f 6175/572/5087 4564/499/3770 6459/483/5324 6462/919/5327
f 4219/483/3445 6467/928/5330 6463/572/5328 4223/485/3449
f 6468/929/5331 4566/499/3772 4233/483/3458 4575/483/3781
f 5502/926/4628 6476/930/4628 6474/931/5335 6472/927/5335
f 4571/932/3777 4575/933/3781 4574/934/3780
f 4574/934/3780 4569/572/3775 6469/935/5332 4571/932/3777
f 6479/483/4307 5157/485/4307 4259/572/3482 6177/499/3482
f 4575/483/3781 4576/499/3782 6475/572/5337 6477/485/5338
f 4233/483/3458 4576/572/3782 4575/485/3781
f 5504/483/4630 6480/936/5340 5506/485/4632
f 4573/572/3779 4580/937/3785 4567/499/3773
f 4567/499/3773 4580/937/3785 4568/485/3774 4238/483/3463
f 4573/483/3779 6478/485/5339 4579/572/3784 4580/499/3785
f 5506/485/4632 6480/936/5340 4577/485/3783 4578/572/3783
f 5128/483/4280 6178/499/5089 6480/572/5340 5504/485/4630
f 4260/483/3483 4568/485/3774 4580/572/3785 4579/499/3784
f 4236/499/3461 6481/938/5341 4219/483/3445
f 6481/938/5341 6467/928/5330 4219/483/3445
f 4234/483/3459 4581/572/3786 6180/485/5091
f 4234/483/3459 4566/485/3772 6468/572/5331 4572/499/3778
f 4570/483/3776 4581/499/3786 4234/572/3459 4572/485/3778
f 4583/501/3788 5899/501/4892 3782/476/3052 4584/476/3789
f 5773/484/4808 5898/501/4891 4590/484/3794
f 4583/501/3788 4584/476/3789 3762/476/3033 3761/484/3032
f 4584/476/3789 3782/476/3052 6072/502/5005 6483/502/5343
f 3770/499/3040 6122/499/5047 4587/498/3791 3774/483/3044
f 6295/498/5190 4587/498/3791 6095/483/5023 6301/483/5194
f 3778/500/3048 4589/500/3793 5774/484/4809 3780/484/3050
f 3784/502/3054 4585/502/3054 6052/503/3054 6191/503/3054
f 4382/625/3596 4592/737/3795 4586/499/3790 6291/483/5186
f 3776/483/3046 4588/483/3792 6294/740/5189 4385/755/3599
f 4395/761/3608 4594/757/3797 4589/500/3793 3778/500/3048
f 4385/755/3599 4593/740/3796 4594/757/3797 4395/761/3608
f 6327/483/5216 6325/503/5215 4592/737/3795 4382/625/3596
f 3771/483/3041 4591/483/3041 4410/572/3041 4595/572/3041
f 3780/484/3050 5774/484/4809 4582/501/3787 6482/501/5342
f 6293/499/5188 4380/485/3594 4383/572/3597
f 6560/475/5394 4599/478/3801 6521/477/5371 4597/476/3799
f 4612/479/3814 6812/482/5559 6676/481/5469 4613/480/3815
f 4620/483/3822 6823/484/5565 7005/482/5687 6648/479/5451
f 6948/485/5648 6615/488/5429 6650/487/5452 4625/486/3827
f 4628/489/3829 4631/476/3832 4630/484/3831 4629/490/3830
f 6853/491/5588 4635/494/3836 4634/493/3835 6963/492/5659
f 6647/495/5450 6780/497/5535 4636/496/3837 6649/487/5450
f 4642/498/3843 6972/499/5666 7048/499/5723 5516/498/4640
f 7020/483/5698 4642/498/3843 5516/498/4640 7021/483/5699
f 6721/484/5498 7043/500/5719 5518/500/4642 6723/484/5500
f 4650/476/3851 6722/484/5499 6841/501/5579 6843/476/5581
f 7013/502/5692 4650/476/3851 6843/476/5581 6997/502/5681
f 6984/503/5671 7014/502/5671 6998/502/5671 6981/503/5671
f 6529/503/5376 6530/503/5377 4670/499/3871 6838/499/5576
f 6969/498/5663 4669/499/3870 6857/499/5590 7029/498/5707
f 4674/483/3875 4672/498/3873 4673/498/3874 4675/483/3876
f 6949/483/5649 6958/483/5656 6764/500/5523 6763/500/5522
f 4676/500/3877 4677/500/3878 6785/484/5540 4678/484/3879
f 6784/484/5539 4679/484/3880 6917/476/5627 6898/476/5617
f 4680/476/3881 4681/476/3882 4683/502/3884 6641/502/5446
f 4668/503/3869 4682/502/3883 6996/502/5680 4671/503/3872
f 6761/503/5520 6529/503/5376 6838/499/5576 6839/499/5577
f 4669/499/3870 6969/498/5663 6970/498/5664 4685/499/3886
f 4672/498/3873 4674/483/3875 6950/483/5650 4686/498/3887
f 4687/483/3888 6949/483/5649 6763/500/5522 6936/500/5641
f 4688/500/3889 4676/500/3877 4678/484/3879 6975/484/5669
f 6974/484/5668 6784/484/5539 6898/476/5617 4690/476/3891
f 4680/476/3881 6641/502/5446 6642/502/5447 6511/476/5365
f 4682/502/3883 4668/503/3869 4684/503/3885 4691/502/3892
f 6923/504/5632 4607/506/3809 4694/489/3895 4693/505/3894
f 4697/504/3898 4700/509/3901 6489/508/5348 4698/507/3899
f 4596/475/3798 4597/476/3799 4702/498/3903 4701/510/3902
f 6922/504/5631 6612/507/5428 4604/484/3806 7066/506/5740
f 4702/498/3903 4597/476/3799 4610/512/3812 4704/511/3905
f 4706/513/3907 4616/514/3818 4617/502/3819 7057/499/5731
f 5531/515/4652 5705/516/4652 6622/507/5347 6488/508/5347
f 4716/498/3916 4719/517/3919 7023/499/5701 4717/498/3917
f 6994/498/5678 6920/498/5629 7041/483/5717 6905/518/5620
f 6500/519/5356 7061/484/5735 6503/484/5359 6506/476/5359
f 6726/502/5502 6729/502/5494 6714/503/5494 6711/503/5491
f 6637/520/5443 4735/498/3933 6766/498/5525 6638/521/5444
f 4736/522/3934 7050/483/5725 7038/483/5714 6598/523/5419
f 4738/483/3936 4739/483/3937 6777/500/5532 6775/500/5531
f 6776/500/5422 4741/500/3939 6502/484/5358 6602/484/5422
f 6601/484/5421 4743/484/3940 4745/476/3942 6953/476/5652
f 6745/476/5464 6747/502/5464 6669/521/5464 6992/498/5464
f 6694/524/5480 6877/503/5492 6712/503/5492 6713/503/5493
f 6910/502/5505 6903/502/5505 6901/503/5505 6732/503/5505
f 6796/525/5385 6730/502/5385 6727/502/5385 6543/502/5385
f 7050/483/5725 4736/522/3934 4720/518/3920 4722/500/3922
f 6777/500/5532 4739/483/3937 7065/500/5739 4724/484/3924
f 6502/484/5358 4741/500/3939 7061/484/5735 6500/519/5356
f 6932/523/5625 6934/484/5625 6914/476/5625 6912/498/5625
f 6894/498/5613 4736/522/3934 6598/523/5419 6765/498/5524
f 6905/518/5620 4736/522/3934 6894/498/5613 6994/498/5678
f 4719/517/3919 4716/498/3916 4735/498/3933 6637/520/5443
f 6695/499/5481 4732/520/3930 6640/521/5445 6880/499/5604
f 6805/502/5554 6870/503/5554 6937/499/5554 6807/521/5554
f 6979/484/5529 6773/523/5529 6771/483/5529 6976/500/5529
f 6684/498/5438 6631/521/5438 6638/521/5444 6766/498/5525
f 6956/476/5654 6685/498/5473 4734/498/3932 6954/476/3932
f 7003/502/5655 6957/476/5655 6955/476/5653 6919/502/5628
f 4773/521/3963 7004/502/5686 4776/502/3965 6639/521/3965
f 4777/476/3966 6734/484/3966 6601/484/5421 6953/476/5652
f 6816/498/5563 6681/476/5471 4744/476/3941 6767/498/3941
f 4780/523/3969 6817/498/3969 6765/498/5524 6598/523/5419
f 6735/484/5507 6752/523/5513 6599/523/5420 6600/484/5420
f 6587/521/5411 6881/499/5411 6880/499/5604 6640/521/5445
f 6532/502/5379 4781/521/3970 4733/521/3931 6918/502/3931
f 6607/503/5380 6533/502/5380 6919/502/5628 4785/503/3973
f 6882/499/5605 6608/503/5424 6554/503/5391 4763/499/3955
f 6491/500/5349 6582/483/5408 4738/483/3936 6775/500/5531
f 6492/484/3938 6490/500/3938 4740/500/3938 6603/484/3938
f 6675/523/5468 4788/484/3976 4742/484/3935 4737/523/3935
f 6583/483/5409 6674/523/5409 6598/523/5419 7038/483/5714
f 6632/521/5439 6630/521/3962 4772/498/3962 6993/498/5677
f 4791/498/3978 6685/498/5473 6956/476/5654 4792/476/3979
f 7025/502/5703 6941/476/5643 4774/476/3964 4775/502/3964
f 4790/521/3977 4793/502/3980 7004/502/5686 4773/521/3963
f 6653/476/3967 6656/484/3967 4778/484/3967 6680/476/3967
f 6850/498/5586 6654/476/5454 6681/476/5471 6816/498/5563
f 6851/498/3968 4779/498/3968 6753/523/3968 6755/523/3968
f 6754/523/5514 6752/523/5513 6735/484/5507 6655/484/5455
f 6588/521/5412 7035/499/5711 4782/499/3971 6586/521/3971
f 4798/521/3982 4781/521/3970 6532/502/5379 6534/502/5381
f 4800/502/3984 4783/502/3972 4784/503/3972 4801/503/3985
f 4799/499/3983 7053/503/5728 6608/503/5424 6882/499/5605
f 4802/500/3986 6584/483/5410 6582/483/5408 6491/500/5349
f 6875/500/5603 4786/500/3974 6493/484/3974 6740/484/5510
f 6803/523/5553 4804/484/3987 4788/484/3976 6675/523/5468
f 6804/523/3975 4789/523/3975 4787/483/3975 6585/483/3975
f 6668/521/5463 6632/521/5439 6993/498/5677 6991/498/5463
f 4747/498/3944 4791/498/3978 4792/476/3979 6746/476/3944
f 6941/476/5643 7025/502/5703 6748/502/3943 4746/476/3943
f 4793/502/3980 4790/521/3977 4748/521/3945 4749/502/3945
f 4795/484/3981 4794/476/3981 6915/476/3981 6935/484/3981
f 6654/476/5454 6850/498/5586 6913/498/3953 4760/476/3953
f 4759/498/3952 4796/498/3952 4797/523/3952 6933/523/3952
f 4758/523/3951 6754/523/5514 6655/484/5455 4761/484/3951
f 7035/499/5711 6588/521/5412 6808/521/5555 6938/499/5555
f 4765/521/3957 4798/521/3982 6534/502/5381 6806/502/3957
f 4764/502/3956 4800/502/3984 4801/503/3985 6871/503/3956
f 7053/503/5728 4799/499/3983 4766/499/3958 4767/503/3958
f 6584/483/5410 4802/500/3986 6977/500/5530 6772/483/5530
f 4769/500/3960 6875/500/5603 6740/484/5510 6980/484/3960
f 4804/484/3987 6803/523/5553 6774/523/3959 4768/484/3959
f 4771/523/3961 4805/523/3961 4803/483/3961 4770/483/3961
f 6921/498/5630 7047/483/5722 7041/483/5717 6920/498/5629
f 6541/502/5383 6545/502/5386 6733/503/5506 6876/503/5383
f 4816/502/3998 4815/502/3997 6544/502/3927 4728/502/3927
f 7033/503/5709 7001/502/5684 6726/502/5502 6711/503/5491
f 4814/503/3996 4817/503/3999 4729/503/3928 4751/503/3928
f 6911/502/5504 6731/503/5504 6733/503/5506 6545/502/5386
f 6904/502/3947 4752/502/3947 4815/502/3997 4816/502/3998
f 6902/503/3949 4755/502/3949 7001/502/5684 7033/503/5709
f 4753/503/3948 4754/503/3948 4817/503/3999 4814/503/3996
f 7039/517/5715 6694/524/5480 6713/503/5493 7022/499/5700
f 7039/517/5715 4732/520/3930 6695/499/5481 6694/524/5480
f 6878/503/3946 4750/524/3946 4762/499/3954 4818/526/4000
f 6542/502/5384 6879/503/5384 6555/526/5392 4819/502/4001
f 4818/526/4000 4762/499/3954 4763/499/3955 6554/503/5391
f 4819/502/4001 6555/526/5392 4785/503/3973 6919/502/5628
f 6794/476/5548 4819/502/4001 6919/502/5628 6955/476/5653
f 6794/476/5548 6795/525/3950 4757/502/3950 4819/502/4001
f 6797/525/5357 4745/476/3942 4743/484/3940 6501/519/5357
f 4756/525/3926 4726/519/3926 6507/476/5361 6728/502/5503
f 6692/499/5478 7060/498/5734 7030/498/5708 4821/499/4003
f 6701/484/5486 6700/484/5485 6574/476/5401 6575/476/5402
f 4664/476/3865 4666/502/3867 6931/502/5640 4826/476/4008
f 6930/502/5639 4654/503/3855 4820/503/4002 4827/502/4009
f 6761/503/5520 6839/499/5577 7046/499/5721 4806/503/3988
f 4685/499/3886 6970/498/5664 4808/498/3990 4807/499/3989
f 4686/498/3887 6950/483/5650 7047/483/5722 6921/498/5630
f 6511/476/5365 6642/502/5447 7052/502/5727 4812/476/3994
f 4691/502/3892 4684/503/3885 7056/503/5730 4813/502/3995
f 4608/527/3810 4611/528/3813 4649/484/3850 4647/500/3848
f 6945/484/5645 7391/501/6009 4649/484/3850
f 4829/484/4011 4832/483/4013 5838/483/4013 7027/484/5705
f 6832/485/5571 6834/485/5573 4836/488/4017 6858/488/5591
f 7011/484/4023 4845/484/4023 5726/485/4023 4842/485/4023
f 4848/488/4028 4836/488/4017 6834/485/5573 7002/485/5685
f 6497/529/5353 6498/532/5354 6844/531/5582 4855/530/4035
f 4858/533/4038 7037/533/5713 5994/534/4956 4859/534/4039
f 4862/516/4042 5803/516/4822 6595/507/5417 6623/507/5434
f 4866/516/4046 4869/516/4049 4868/507/4048 6848/507/5585
f 4603/507/3805 4871/507/4051 4870/516/4050 4606/516/3808
f 4864/507/4044 7000/504/5683 4872/504/4052 4863/507/4043
f 6847/507/5584 6716/507/5495 4875/504/4055 6849/504/5584
f 6922/504/5631 6800/504/5551 6802/507/5552 6612/507/5428
f 6916/504/5626 4878/536/4058 4877/535/4057 6895/504/5614
f 6525/504/5374 4881/505/4060 4880/537/4059 6760/504/5519
f 4693/505/3894 6829/505/5569 6801/504/3893 4692/504/3893
f 4871/507/4051 4885/507/4064 4884/516/4063 4870/516/4050
f 6800/504/5551 6524/504/5373 6527/507/5373 6802/507/5552
f 4882/505/4061 4881/505/4060 4879/504/4056 4876/504/4056
f 4888/504/4067 4890/539/4069 4889/538/4068 4873/504/4053
f 4715/516/3915 4862/516/4042 6623/507/5434 6621/507/5433
f 4863/507/4043 4872/504/4052 4697/504/3898 4698/507/3899
f 6852/491/5587 4712/541/3913 6068/498/3913 6855/540/5587
f 6825/494/3833 4632/491/3833 6856/540/5589 4893/505/4070
f 4877/535/4057 4894/542/4071 4635/494/3836 6769/505/5527
f 6762/505/5521 6778/544/5533 4897/543/4074 4896/505/4073
f 6686/505/5474 4902/546/4079 4901/545/4078 4900/505/4077
f 4903/547/4080 6884/550/5607 7049/549/5724 4904/548/4081
f 4887/534/4066 4860/534/4040 7036/533/5712 7158/533/5816
f 4907/551/4084 4910/554/4087 4909/553/4086 4908/552/4085
f 6531/548/5378 4912/556/4089 4911/555/4088 4903/547/4080
f 4909/553/4086 4634/493/3835 4635/494/3836 4894/542/4071
f 6707/505/5489 6962/505/5489 6990/505/5489 6709/505/5489
f 6494/505/5350 6495/505/5351 6522/505/5351 6741/505/5511
f 6512/557/5366 6513/557/5367 4913/558/4090 4932/558/4106
f 4934/559/4108 4914/559/4091 4907/551/4084 4935/551/4109
f 6720/543/4095 4937/560/4095 6961/505/4095 4918/505/4095
f 4903/547/4080 6573/562/5400 6886/561/5609 6884/550/5607
f 4878/536/4058 4889/538/4068 6523/505/5372 6989/505/5676
f 4894/542/4071 4877/535/4057 4921/505/4097 6951/560/5651
f 4931/557/4105 4926/563/4100 6572/562/4107 4933/557/4107
f 4902/546/4079 4941/563/4113 6809/557/5556 6813/558/5560
f 4942/551/4114 4898/544/4075 7034/545/5710 4943/559/4115
f 6952/560/5453 6719/543/5453 6652/552/5453 6651/552/5453
f 4894/542/4071 6951/560/5651 4908/552/4085 4909/553/4086
f 4889/538/4068 4878/536/4058 6916/504/5626 4873/504/4053
f 5892/516/4045 6596/507/5416 6594/507/5416 4865/516/4045
f 6597/507/5418 4888/504/4067 7000/504/5683 4864/507/4044
f 6778/544/5533 6762/505/5521 4900/505/4077 4901/545/4078
f 4902/546/4079 6686/505/5474 6687/505/5475 4941/563/4113
f 4910/554/4087 4907/551/4084 4914/559/4091 4915/564/4092
f 4916/565/4093 4917/568/4094 4938/567/4111 4948/566/4120
f 4919/505/4096 4920/505/4096 4924/505/4096 4925/505/4096
f 6548/505/5387 6494/505/5350 6741/505/5511 6742/505/5387
f 4932/558/4106 4913/558/4090 4914/559/4091 4934/559/4108
f 4935/551/4109 4907/551/4084 4908/552/4085 4944/552/4116
f 4890/539/4069 4923/505/4099 6523/505/5372 4889/538/4068
f 4877/535/4057 4878/536/4058 6989/505/5676 4921/505/4097
f 4902/546/4079 6813/558/5560 4943/559/4115 7034/545/5710
f 4898/544/4075 4942/551/4114 4949/552/4121 4897/543/4074
f 4895/505/4072 4896/505/4073 6708/505/5490 6710/505/4072
f 6909/505/5624 4895/505/4072 6710/505/4072 6496/505/5352
f 4899/505/4076 6909/505/5624 6496/505/5352 4922/505/4098
f 6688/505/5388 4899/505/4076 4922/505/4098 6549/505/5388
f 6811/563/5558 4947/505/4119 6550/505/4119 4926/563/4100
f 6810/557/5557 6811/563/5558 4926/563/4100 4931/557/4105
f 4939/558/4112 4940/557/4112 6512/557/5366 4932/558/4106
f 4943/559/4115 6813/558/5560 4932/558/4106 4934/559/4108
f 4942/551/4114 4943/559/4115 4934/559/4108 4935/551/4109
f 4949/552/4121 4942/551/4114 4935/551/4109 4944/552/4116
f 4897/543/4074 4949/552/4121 4944/552/4116 4936/543/4110
f 4896/505/4073 4897/543/4074 4936/543/4110 6708/505/5490
f 4877/535/4057 6769/505/5527 6768/509/5526 6895/504/5614
f 6489/508/5348 4700/509/3901 4893/505/4070 6856/540/5589
f 4714/515/3914 4699/508/3900 4891/540/3900 4892/498/3914
f 6597/507/5418 4867/507/4047 4874/504/4054 4888/504/4067
f 4945/516/4117 4866/516/4046 6848/507/5585 4946/507/4118
f 4950/569/4122 4912/556/4089 4952/483/4124 4951/570/4123
f 6812/482/5559 4612/479/3814 4954/483/4126 4953/484/4125
f 4629/490/3830 6737/571/5509 4636/496/3837 4628/489/3829
f 4621/495/3823 4626/487/3823 6614/488/3823 6613/572/3823
f 6836/573/5575 6812/482/5559 4953/484/4125 4624/485/3826
f 5879/485/4876 6134/573/4876 7006/482/5564 6822/484/5564
f 5557/483/4673 4829/484/4011 4953/484/4125 4954/483/4126
f 6948/485/5648 6832/485/5571 6858/488/5591 6615/488/5429
f 4953/484/4125 4829/484/4011 6833/485/5572 4624/485/3826
f 4956/572/4128 5408/572/4535 4961/488/4133 4960/488/4132
f 7040/484/5716 6824/484/5566 7045/484/5720 6927/484/5636
f 6556/574/5393 6820/575/5393 6818/484/5393 6558/484/5393
f 6514/576/5368 7031/577/5368 6944/572/5368 6516/572/5368
f 6537/484/5369 6539/484/5369 6519/484/5369 6703/484/5369
f 4988/484/4156 4991/484/4159 4990/484/4158 4989/484/4157
f 6589/484/5413 7026/484/5704 6872/484/5601 6592/484/5413
f 4995/572/4163 4996/572/4164 4999/488/4167 4998/488/4166
f 4998/488/4166 4999/488/4167 6786/485/5541 6636/485/5442
f 5004/484/4172 4997/484/4165 4994/484/4162 5005/484/4173
f 6874/484/5602 6865/484/5597 5008/484/4176 6971/484/5665
f 6986/484/5674 5009/484/4177 5006/484/4174 6985/484/5673
f 5010/484/4178 6758/484/5517 6828/483/5568 5011/483/4179
f 6890/488/5611 6946/572/5646 6826/572/5550 6799/488/5550
f 4992/484/4160 6756/484/5515 6758/484/5517 5010/484/4178
f 4961/488/4133 5016/488/4183 5017/485/4184 4963/485/4135
f 7040/484/5716 6927/484/5636 5028/484/4195 6628/484/5436
f 6896/483/5615 6859/574/5592 5032/578/4199 5031/483/4198
f 6724/576/5501 6896/572/5615 5031/572/4198 5035/579/4202
f 5036/488/4203 6610/488/5426 5038/488/4205 6645/488/5448
f 5042/484/4209 6995/484/5679 5045/484/4212 6679/484/5470
f 6590/484/5414 6593/484/5414 6705/484/5414 6605/484/5414
f 6610/488/5426 6891/488/5612 6939/488/5642 5038/488/4205
f 6947/483/5647 5035/580/4202 5031/483/4198 5032/578/4199
f 4992/484/4160 5010/484/4178 5045/484/4212 6995/484/5679
f 6925/484/5634 6978/484/5670 5043/484/4210 5040/484/4207
f 6706/484/5488 4988/484/4156 4989/484/4157 7015/484/5693
f 6827/572/5567 4995/572/4163 4998/488/4166 6798/488/5549
f 5054/488/4220 4999/488/4167 4996/572/4164 5052/572/4218
f 6798/488/5549 4998/488/4166 6636/485/5442 6633/485/5440
f 6786/485/5541 4999/488/4167 5054/488/4220 6787/485/5542
f 5005/484/4173 4994/484/4162 6759/484/5518 6757/484/5516
f 4997/484/4165 5004/484/4172 5057/484/4223 5053/484/4219
f 4991/484/4159 6873/484/4175 5007/484/4175 4990/484/4158
f 5058/484/4224 5008/484/4176 6865/484/5597 6866/484/5598
f 6985/484/5673 5006/484/4174 6872/484/5601 7026/484/5704
f 5009/484/4177 6986/484/5674 6629/484/5437 5059/484/4225
f 5016/488/4183 6576/488/5403 6867/485/5599 5017/485/4184
f 6657/485/5456 6867/485/5599 6576/488/5403 6942/488/5644
f 6942/488/5644 5074/488/4240 6658/485/5457 6657/485/5456
f 6606/485/5423 6604/484/4214 5047/484/4214 5051/484/4217
f 6563/484/4702 6661/575/5459 5081/581/4247 6892/484/4702
f 6940/488/5635 6606/485/5423 5051/484/4217 6926/484/5635
f 5050/484/4216 6924/484/5633 6646/488/5449 5049/488/4216
f 6567/484/5398 6906/484/5621 6677/484/5395 6562/484/5395
f 6739/484/4246 6568/484/4246 5080/484/4246 6893/484/4246
f 6520/484/5370 5085/484/4250 5041/484/4208 7024/484/5702
f 5084/484/4249 5086/484/4251 5042/484/4209 6679/484/5470
f 6538/484/5382 6704/484/5382 6906/484/5621 6567/484/5398
f 6540/484/4153 4984/484/4153 5083/484/4153 6738/484/4153
f 6518/484/4155 4987/484/4155 5085/484/4250 6520/484/5370
f 4985/484/4154 4986/484/4154 5086/484/4251 5084/484/4249
f 6750/483/5431 6625/483/5431 6617/574/5431 6619/575/5431
f 6569/577/5363 6509/576/5363 6535/488/5363 6546/488/5363
f 6566/484/4248 6665/575/4248 5082/575/4248 6561/484/4248
f 6670/484/5465 6565/484/5397 6564/484/5396 6678/484/5396
f 6673/574/5466 6671/484/5466 5044/484/4211 6859/574/5592
f 6663/575/5461 6672/574/5467 5033/574/4200 6662/575/5460
f 6578/572/5405 6580/577/5405 6717/577/5496 6899/572/5618
f 6485/572/5345 6579/572/5406 6900/572/5619 6897/572/5616
f 6486/576/5344 6484/572/5344 6896/572/5615 6724/576/5501
f 6581/577/5407 6487/576/5346 6725/576/5497 6718/577/5497
f 5105/483/4197 6643/574/4197 6860/574/4197 5030/483/4197
f 6987/483/5675 6900/483/5619 6897/483/5616 6626/483/5435
f 6664/575/4260 6988/483/4260 5100/483/4260 6660/575/4260
f 5106/574/4261 5033/574/4200 6662/575/5460 6667/575/5462
f 6840/488/5578 6510/576/5364 6724/576/5501 6609/488/5425
f 6830/488/5570 5108/488/4262 5036/488/4203 6645/488/5448
f 6683/577/5472 6831/488/5472 5037/488/4204 6717/577/5496
f 5109/576/4263 5111/577/4264 5101/577/4201 5034/576/4201
f 6819/484/4258 6821/575/4258 6666/575/4258 5095/484/4258
f 6559/484/4144 4972/484/4144 6565/484/5397 6670/484/5465
f 6557/574/4143 4971/484/4143 5097/484/4143 5098/574/4143
f 4973/575/4142 4970/574/4142 6672/574/5467 6663/575/5461
f 6943/572/4259 7032/577/4259 5102/577/4259 5099/572/4259
f 6517/572/4147 4976/572/4147 6579/572/5406 6485/572/5345
f 6515/576/4146 4975/572/4146 5103/572/4146 5104/576/4146
f 4977/577/4145 4974/576/4145 6487/576/5346 6581/577/5407
f 6624/483/5432 6618/574/5432 6644/574/5432 6627/483/5432
f 6751/483/4253 6987/483/5675 6626/483/5435 5088/483/4253
f 6620/575/4252 5096/575/4252 5107/483/4252 5087/483/4252
f 5089/574/4254 5106/574/4261 6667/575/5462 5090/575/4254
f 6536/488/5362 6508/576/5362 6510/576/5364 6840/488/5578
f 6547/488/4257 5093/488/4257 5108/488/4262 6830/488/5570
f 6570/577/4256 5092/488/4256 5110/488/4256 6682/577/4256
f 5094/576/4255 5091/577/4255 5111/577/4264 5109/576/4263
f 5032/578/4199 6859/574/5592 5044/484/4211 5045/484/4212
f 5011/483/4179 5032/578/4199 5045/484/4212 5010/484/4178
f 6749/579/5427 6946/572/5646 6890/488/5611 6611/488/5427
f 6609/488/5425 6724/576/5501 5035/579/4202 5039/488/4206
f 5081/581/4247 6661/575/5459 6899/572/5618 5112/582/4265
f 5112/582/4265 6899/572/5618 6717/577/5496 5037/488/4204
f 5113/583/4266 5112/582/4265 5037/488/4204 6646/488/5449
f 5114/584/4267 5113/583/4266 6646/488/5449 6924/484/5633
f 5113/583/4266 5114/584/4267 5081/581/4247 5112/582/4265
f 5052/483/4218 5023/483/4190 5024/488/4191 5054/488/4220
f 5054/488/4220 5024/488/4191 6835/485/5574 6787/485/5542
f 5057/484/4223 6691/484/5477 7063/484/5737 5053/484/4219
f 6866/484/5598 6929/484/5638 5029/484/4196 5058/484/4224
f 6629/484/5437 6628/484/5436 5028/484/4195 5059/484/4225
f 4915/564/4092 6968/586/5662 6862/585/5594 4910/554/4087
f 4950/569/4122 5118/588/4271 5117/587/4270 4948/566/4120
f 4948/566/4120 5117/587/4270 7051/589/5726 4916/565/4093
f 4909/553/4086 6864/591/5596 5126/590/4279 4634/493/3835
f 5125/533/4278 5123/589/4276 5117/587/4270 5124/533/4277
f 7042/533/5718 6863/585/5595 5116/586/4269 5119/533/4272
f 6696/533/5482 5126/590/4279 6864/591/5596 6698/533/5483
f 6963/492/5659 4634/493/3835 5126/590/4279 6696/533/5482
f 6869/533/5600 5135/533/4285 5137/534/4287 6086/534/5015
f 4910/554/4087 6862/585/5594 6864/591/5596 4909/553/4086
f 4916/565/4093 7051/589/5726 6968/586/5662 4915/564/4092
f 5123/589/4276 5125/533/4278 5119/533/4272 5116/586/4269
f 5115/585/4268 5120/533/4273 6699/533/5484 5127/591/4268
f 5118/588/4271 4950/569/4122 4951/570/4123 5138/592/4288
f 6693/499/5479 4670/499/3871 6530/503/5377 4820/503/4002
f 7030/498/5708 7029/498/5707 6857/499/5590 4821/499/4003
f 6960/483/5658 4675/483/3876 4673/498/3874 4822/498/4004
f 6814/500/5561 6764/500/5523 6958/483/5656 6959/483/5657
f 6702/484/5487 6785/484/5540 4677/500/3878 6815/500/5562
f 6575/476/5402 6917/476/5627 4679/484/3880 6701/484/5486
f 6931/502/5640 4683/502/3884 4681/476/3882 4826/476/4008
f 4820/503/4002 4671/503/3872 6996/502/5680 4827/502/4009
f 6658/485/5457 5074/488/4240 4848/488/4028 7002/485/5685
f 6790/484/5543 6887/484/5543 6967/484/5543 6788/484/5543
f 4596/475/3798 4701/510/3902 4613/480/3815 6676/481/5469
f 4705/593/3906 4614/481/3816 4615/482/3817 6837/573/3817
f 4636/496/3837 6737/571/5509 4625/486/3827 6650/487/5452
f 4704/511/3905 4610/512/3812 4609/514/3811 4703/594/3904
f 4598/477/3800 4599/478/3801 6736/596/5508 6945/595/5645
f 5598/534/4286 6551/533/5389 6868/533/5389 5136/534/4286
f 5138/592/4288 4951/570/4123 4854/529/4034 6770/591/5528
f 4951/570/4123 4952/483/4124 6499/532/5355 4854/529/4034
f 4911/555/4088 4912/556/4089 4950/569/4122 4948/566/4120
f 4938/567/4111 4911/555/4088 4948/566/4120
f 4938/567/4111 4917/568/4094 4913/558/4090 6513/557/5367
f 6499/532/5355 4952/483/4124 4912/556/4089 6531/548/5378
f 5137/534/4287 5135/533/4285 4858/533/4038 4859/534/4039
f 5135/533/4285 4855/530/4035 4858/533/4038
f 7049/549/5724 6845/529/4037 4857/532/4037 4904/548/4081
f 4875/504/4055 6716/507/5495 6528/507/5375 6526/504/5375
f 4868/507/4048 4869/516/4049 4884/516/4063 4885/507/4064
f 6497/529/5353 4855/530/4035 5133/591/4283
f 6573/562/5400 4903/547/4080 6513/557/5367
f 6571/563/5399 6885/561/5608 4927/562/4101
f 4914/559/4091 4913/558/4090 4917/568/4094
f 6148/483/5069 7071/499/5743 7073/572/5745 5122/485/4275
f 5124/483/4277 7082/485/5751 5150/572/4300 5125/499/4278
f 4938/567/4111 6513/557/5367 4903/547/4080 4911/555/4088
f 4599/483/3801 4614/499/3816 4705/572/3906 6736/485/5508
f 6560/483/5394 4614/572/3816 4599/485/3801
f 7074/483/5746 6152/485/5073 6153/572/5073 7076/499/5748
f 6552/483/5390 5140/485/4290 6158/598/4290 7077/597/5390
f 7078/597/5747 5159/598/4302 5152/572/4302 7075/499/5747
f 5151/483/4301 5164/485/4301 5161/572/4308 5155/499/4305
f 7074/533/5746 7076/601/5748 7087/600/5755 7086/599/5754
f 5155/533/4305 5161/601/4308 5169/603/4315 5168/602/4314
f 7086/599/5754 7087/600/5755 7090/605/5756 7088/604/5756
f 5170/604/4316 7089/605/5757 7082/533/5751
f 5168/602/4314 5169/603/4315 5172/607/4318 5171/606/4317
f 5171/606/4317 5172/607/4318 7083/533/5749 7080/608/5749
f 5146/483/4296 5167/499/4313 5173/572/4319 7079/485/4296
f 7093/498/5758 7091/609/5758 6170/572/5084 6173/499/5084
f 7098/610/5763 5178/611/4324 5138/592/4288 6770/591/5528
f 5167/483/4313 5170/499/4316 5177/572/4323 5173/485/4319
f 5185/483/4330 5177/499/4323 5170/572/4316 7082/485/5751
f 5185/483/4330 5138/485/4288 5178/572/4324 5177/499/4323
f 5162/485/4309 5163/572/4310 5180/613/4326 5181/612/4327
f 5181/612/4327 5180/613/4326 5153/499/4303 7092/498/5759
f 7085/614/5753 7081/616/5750 5183/615/4329
f 7084/483/5752 7085/614/5753 5183/618/4329 5182/617/4328
f 5182/617/4328 5183/618/4329 5166/619/4312 5162/499/4309
f 5162/485/4309 5181/621/4327 5182/620/4328
f 7084/483/5752 5182/499/4328 5181/572/4327 7092/485/5759
f 4915/564/4092 4914/559/4091 4917/568/4094 4916/565/4093
f 5143/483/4293 7070/499/5742 7068/572/5742 7099/485/5764
f 5121/483/4274 5132/499/4274 7101/572/5744 7072/485/5744
f 7069/483/4299 5149/485/4299 7102/572/4299
f 5124/483/4277 5185/572/4330 7082/485/5751
f 5118/483/4271 5138/485/4288 5185/572/4330
f 5117/483/4270 5118/485/4271 5185/572/4330 5124/499/4277
f 5156/616/4306 5160/622/4306 5166/619/4312 5183/615/4329
f 6186/623/5095 5985/541/4947 5186/624/4331
f 5130/485/4282 7100/608/5765 7104/625/5767 6697/483/4282
f 7100/608/5765 6184/534/5093 6188/485/5093 7104/625/5767
f 4711/623/3912 7103/626/5766 5187/608/4332 5131/534/3912
f 6964/492/4281 5129/533/4281 5187/608/4332 7103/626/5766
f 5985/541/4947 6854/491/3834 4633/492/3834 5186/624/4331
f 7042/499/5718 5119/483/4272 5145/485/4295 7067/627/5741
f 5120/533/4273 5148/629/4298 5184/628/4298 6699/533/5484
f 6571/563/5399 4930/505/4104 6743/505/4104 6885/561/5608
f 4601/483/3803 4619/485/3821 4616/572/3818 5188/499/4333
f 7109/630/5770 7105/503/5768 7392/502/6010
f 4616/483/3818 5195/499/4340 5189/572/4334 5188/485/4333
f 4616/483/3818 4706/485/3907 5194/572/4339 5195/499/4340
f 4706/483/3907 7108/499/5769 7110/572/5771 5194/485/4339
f 4707/483/3908 5191/499/4336 5196/572/4341 7109/485/5770
f 5191/483/4336 5201/499/4346 7111/572/5772 5196/485/4341
f 7110/483/5771 5197/499/4342 5199/572/4344 5194/485/4339
f 5194/483/4339 5199/485/4344 5198/572/4343 5195/499/4340
f 5195/483/4340 5198/499/4343 5203/572/4348 5189/485/4334
f 5198/483/4343 5209/499/4354 5204/572/4349 5203/485/4348
f 5199/483/4344 5208/485/4353 5209/572/4354 5198/499/4343
f 5197/483/4342 5210/499/4355 5208/572/4353 5199/485/4344
f 5201/483/4346 5206/499/4351 5210/572/4355 7111/485/5772
f 5206/483/4351 5211/572/4356 5210/485/4355
f 5210/483/4355 5211/572/4356 5208/485/4353
f 5208/483/4353 5211/572/4356 5209/499/4354
f 5209/483/4354 5211/572/4356 5204/485/4349
f 4855/530/4035 5135/533/4285 5179/631/4325 5133/591/4283
f 7112/632/5773 5213/633/4358 5190/475/4335 6782/510/5537
f 5213/634/4358 5214/635/4359 5202/475/4347 5190/510/4335
f 5214/636/4359 5215/637/4360 5205/475/4350 5202/510/4347
f 5215/638/4360 5211/475/4356 5205/510/4350
f 7114/639/5775 5217/641/4362 5192/572/4337 7113/640/5774
f 5217/642/4362 5218/643/4363 5200/572/4345 5192/640/4337
f 5218/644/4363 5219/645/4364 5207/572/4352 5200/640/4345
f 5219/646/4364 5211/572/4356 5207/640/4352
f 5220/647/4365 7392/502/6010 5513/476/4638
f 4628/489/3829 4636/496/3837 5221/648/4366
f 4828/649/4010 5190/652/4335 5223/651/4368 7115/650/5776
f 7115/650/5776 5223/651/4368 5191/476/4336 4707/489/3908
f 5190/649/4335 5202/652/4347 5224/654/4369 5223/653/4368
f 5223/653/4368 5224/654/4369 5201/476/4346 5191/489/4336
f 5202/649/4347 5205/652/4350 5225/656/4370 5224/655/4369
f 5224/655/4369 5225/656/4370 5206/476/4351 5201/489/4346
f 5205/649/4350 5211/476/4356 5225/657/4370
f 5225/657/4370 5211/476/4356 5206/489/4351
f 5221/658/4366 6783/649/5538 5222/660/4367 7116/659/5777
f 7116/659/5777 5222/660/4367 4707/652/3908 5220/661/4365
f 7109/630/5770 7392/502/6010 5220/647/4365 4707/662/3908
f 4631/476/3832 4628/489/3829 5221/658/4366 5226/663/4371
f 5513/476/4638 4631/476/3832 5226/663/4371 5220/647/4365
f 5216/664/4361 4600/475/3802 5227/665/4372 4602/572/3804
f 7113/480/5774 5192/481/4337 5229/667/4374 7117/666/5778
f 7118/666/5779 5229/667/4374 5213/633/4358 7112/632/5773
f 5192/480/4337 5200/481/4345 5230/669/4375 5229/668/4374
f 5229/668/4374 5230/669/4375 5214/635/4359 5213/634/4358
f 5200/480/4345 5207/481/4352 5231/671/4376 5230/670/4375
f 5230/670/4375 5231/671/4376 5215/637/4360 5214/636/4359
f 5207/480/4352 5211/475/4356 5231/672/4376
f 5231/672/4376 5211/475/4356 5215/638/4360
f 5228/673/4373 5212/675/4357 7121/674/5782 7119/481/5780
f 6781/510/5536 6779/480/5534 7121/674/5782 5212/675/4357
f 4636/496/3837 6780/497/5535 6783/649/5538 5221/648/4366
f 5188/483/4333 5189/678/4334 7123/677/5784 7122/676/5783
f 5234/676/4379 5235/677/4380 5217/641/4362 7114/639/5775
f 5189/483/4334 5203/678/4348 5236/680/4381 7123/679/5784
f 5235/679/4380 5236/680/4381 5218/643/4363 5217/642/4362
f 5203/483/4348 5204/678/4349 5237/682/4382 5236/681/4381
f 5236/681/4381 5237/682/4382 5219/645/4364 5218/644/4363
f 5204/483/4349 5211/572/4356 5237/683/4382
f 5237/683/4382 5211/572/4356 5219/646/4364
f 4601/485/3803 5188/640/4333 7122/685/5783 5233/684/4378
f 5233/684/4378 7122/685/5783 5216/664/4361 4602/572/3804
f 4600/475/3802 7124/686/5785 6209/593/5115 5227/665/4372
f 5228/673/4373 7119/481/5780 7124/686/5785 4600/475/3802
f 7125/484/5786 5043/484/4210 7024/484/5702
f 5040/484/4207 5043/484/4210 7125/484/5786
f 7125/484/5786 7024/484/5702 5041/484/4208
f 5239/687/4384 5081/581/4247 5114/584/4267
f 6892/484/4702 5081/581/4247 5239/687/4384
f 5239/687/4384 5114/584/4267 6924/484/5633
f 7129/688/5790 5245/689/4390 4657/503/3858 4656/499/3857
f 6574/476/5401 6700/484/5485 7132/691/5793 7130/690/5791
f 4666/502/3867 4664/476/3865 5243/690/4388 7133/692/5794
f 7133/692/5794 5243/690/4388 7131/476/5792 7134/502/5795
f 4654/503/3855 6930/502/5639 5246/694/4391 5245/693/4390
f 5245/693/4390 5246/694/4391 4667/502/3868 4657/503/3858
f 7007/482/5688 4708/573/3909 5248/696/4393 7135/695/5796
f 7121/697/5782 6779/480/5534 7137/698/5798
f 7136/698/5797 4637/480/3838 6648/479/5451
f 4874/483/4054 5256/499/4400 4890/572/4069 4888/485/4067
f 4906/483/4083 4928/485/4102 6744/572/5512
f 4890/483/4069 5256/699/4400 4929/572/4103 4923/485/4099
f 7144/700/5804 4619/701/3821 5969/572/4938
f 4619/701/3821 7144/700/5804 4617/502/3819 4616/514/3818
f 7152/483/5812 7143/485/5803 7142/572/5802 5261/499/4404
f 7150/702/5810 4855/530/4035 6844/531/5582
f 4855/530/4035 7150/702/5810 4861/533/4041 4858/533/4038
f 7036/483/5712 5262/499/4405 7149/572/5809 7148/485/5808
f 7141/483/5801 5260/485/4403 5261/572/4404 7142/499/5802
f 7138/483/5799 7146/485/5806 7147/572/5807 7140/499/5800
f 4617/483/3819 7144/499/5804 7146/572/5806 7138/485/5799
f 7151/483/5811 4929/485/4103 5256/572/4400 5263/499/4406
f 7152/483/5812 7151/499/5811 5263/572/4406 7143/485/5803
f 4874/483/4054 5263/572/4406 5256/485/4400
f 4874/483/4054 6760/485/5519 5255/572/4399 5263/499/4406
f 5262/572/4405 6846/483/5583 7153/572/5583 7149/485/5809
f 4856/483/4036 4905/485/4082 5264/572/4407 5265/499/4036
f 4906/485/4083 6744/485/5512 5264/572/4407 4905/483/4082
f 4617/483/3819 7139/499/5733 7059/572/5733 7057/485/5731
f 4693/483/3894 7058/485/5732 6829/572/5569
f 5251/483/3897 5252/485/4396 4882/572/4061 4696/499/3897
f 4880/483/4059 4881/485/4060 5253/572/4397 5254/499/4398
f 6760/483/5519 4880/483/4059 5254/485/4398 5255/572/4399
f 5258/572/4401 7145/485/5805 7157/502/5815
f 5259/572/4402 5258/572/4401 7157/704/5815 7155/703/5814
f 7154/703/5813 7156/704/5813 5970/483/4939 6063/483/4939
f 5257/485/3820 4618/483/3820 4713/499/3820 5267/502/3820
f 7158/572/5816 5266/705/4062 4883/483/4062 4887/485/4066
f 7140/483/5800 7147/485/5807 7160/707/5818 7159/706/5817
f 7159/706/5817 7160/707/5818 5260/572/4403 7141/499/5801
f 5253/499/4397 4881/483/4060 5268/708/4408
f 7158/485/5816 7036/483/5712 7148/499/5808 7161/709/5819
f 7155/705/5814 4886/485/4065 5269/709/4065 5259/499/4402
f 7162/490/5820 6659/485/5458 4849/485/4029
f 7027/484/5705 7028/484/5706 5272/484/4411
f 5272/710/4411 7164/711/5822 7163/490/5821 7027/484/5705
f 6833/485/5572 4829/484/4011 7165/712/5823
f 5274/713/4413 4839/485/4020 4838/485/4019
f 7027/484/5705 7163/711/5821 7165/712/5823 4829/484/4011
f 5273/711/4412 4839/485/4020 5274/713/4413 5271/490/4410
f 4656/499/3857 4657/503/3858 5277/503/4416 7174/714/5832
f 4659/498/3860 7128/499/5789 7175/499/5833 7176/498/5834
f 7170/715/5828 7176/498/5834 4642/498/3843 7020/483/5698
f 7126/500/5787 7214/483/5863 7215/716/5864 5281/500/4420
f 7167/717/5825 7173/500/5831 7044/500/3849 4648/484/3849
f 4665/476/3866 7169/484/5827 7168/718/5826 7172/476/5830
f 7172/476/5830 7168/718/5826 6722/484/5499 4650/476/3851
f 7134/502/5795 7131/476/5792 5279/476/4418 7166/719/5824
f 7166/719/5824 5279/476/4418 4650/476/3851 7013/502/5692
f 4657/503/3858 4667/502/3868 5275/694/4414 5277/503/4416
f 5277/503/4416 5275/694/4414 4652/502/3853 4641/503/3842
f 4881/483/4060 4882/485/4061 5252/572/4396 5268/708/4408
f 6269/483/4776 7182/499/5840 7010/572/5690 5723/485/4776
f 7008/483/5689 7010/485/5690 7182/572/5840
f 7178/720/5836 4833/483/4014 5287/572/4424 7180/572/5838
f 7179/720/5837 5283/572/4421 7183/721/5841
f 7180/572/5838 7181/722/5839 7009/485/4425 5288/721/4425
f 7177/483/5835 5284/485/4422 6270/572/5172 4840/499/4021
f 4841/483/4022 5285/485/4022 7179/572/5837 7183/499/5841
f 7185/723/5842 7186/724/5843 7181/572/5839 7180/572/5838
f 4620/483/3822 6616/485/5430 7184/726/5430 5291/725/4427
f 5291/725/4427 7185/726/5842 7180/485/5838 5287/572/4424
f 4830/483/4012 4831/499/4012 5292/572/4428 4844/485/4025
f 6883/483/5606 4853/572/4033 6789/485/5544
f 6883/483/5606 6789/485/5544 5292/572/4428 4846/499/4026
f 7188/727/5844 5232/499/4377 5250/572/4395
f 7187/728/4394 4622/485/3824 5249/572/4394
f 7005/485/5687 5293/728/4429 7136/499/5797 6648/483/5451
f 7190/729/5846 6702/484/5487 6815/500/5562
f 7190/483/5846 7189/485/5845 7191/572/5847 7193/499/5847
f 6815/483/5562 7189/572/5845 7190/485/5846
f 7198/730/5848 7196/731/5848 7194/572/5848 7192/499/5848
f 4824/483/4006 7200/572/5851 5295/485/4430
f 7174/714/5832 5277/503/4416 4641/503/3842 5301/732/4435
f 6973/483/5667 5280/485/4419 5282/572/4419 7201/499/5852
f 4638/483/3839 4642/485/3843 7176/572/5834
f 5305/733/4439 4706/513/3907 7057/499/5731
f 7202/648/5853 4693/505/3894 4694/489/3895
f 5302/734/4436 5305/735/4439 7057/649/5731
f 4693/505/3894 7202/648/5853 4695/649/3896 7058/736/5732
f 5515/499/4639 6973/499/5667 5521/737/4644
f 7205/499/5856 7203/483/5854 5304/625/4438 5305/738/4439
f 6973/499/5667 7201/739/5852 7237/503/5883 5521/737/4644
f 5304/625/4438 7239/483/5884 4706/485/3907 5305/738/4439
f 4694/483/3895 7204/499/5855 7202/485/5853
f 7206/740/5857 5306/741/4440 4644/483/3845 5517/483/4641
f 5306/742/4440 7171/716/5829 4644/483/3845
f 4609/514/3811 4610/512/3812 5311/744/4445 5310/743/4444
f 5310/743/4444 5311/744/4445 4611/528/3813 4608/527/3810
f 5312/745/4446 4604/502/3806 5309/746/4443
f 5310/747/4444 5312/748/4446 5309/746/4443 4609/514/3811
f 4694/489/3895 4607/506/3809 7211/750/5860 7209/749/5860
f 7208/749/5859 7212/750/5859 7213/483/5862 7207/498/5858
f 7210/751/5861 7204/572/5855 4694/485/3895
f 7066/752/5740 5308/754/4442 5314/753/4447
f 5303/572/4437 5313/751/4437 4643/483/3844 4639/499/3840
f 5307/755/4441 4645/483/3846 5314/753/4447 5308/754/4442
f 4604/502/3806 5312/745/4446 5308/756/4442 7066/752/5740
f 4605/483/3807 4703/485/3904 4609/572/3811 5309/499/4443
f 4603/483/3805 4606/485/3808 5315/572/4448 4604/499/3806
f 4604/483/3806 5315/499/4448 4605/572/3807 5309/485/4443
f 5518/500/4642 7043/500/5719 5317/758/4450 5523/757/4646
f 5523/757/4646 5317/758/4450 5306/741/4440 5522/740/4645
f 5319/759/4452 5312/748/4446 5310/747/4444
f 5308/756/4442 5312/748/4446 5319/759/4452
f 5319/759/4452 5310/747/4444 4608/527/3810
f 4608/527/3810 4647/500/3848 5318/761/4451 5319/760/4452
f 5319/760/4452 5318/761/4451 5307/755/4441 5308/754/4442
f 5316/572/4449 5278/483/4417 7216/762/5865
f 7043/483/5719 7217/572/5866 5317/485/4450
f 4646/483/3847 5281/485/4420 7215/572/5864 5320/499/3847
f 7171/483/5829 5306/483/4440 5317/485/4450 7217/762/5866
f 7065/483/5739 7054/499/5360 6504/572/5360 4724/485/3924
f 4720/483/3920 4721/485/3921 7055/572/5729 4722/499/3922
f 4825/484/4007 5294/485/4007 5297/572/4432 4662/484/3863
f 5244/763/4389 4662/483/3863 5297/485/4432 7195/764/5849
f 4810/500/3992 7224/767/5872 7227/766/5872 5322/765/4454
f 7055/500/5729 4721/483/3921 5326/766/4458 7223/767/5871
f 4721/483/3921 4809/483/3991 5322/765/4454 5326/766/4458
f 6505/484/3923 4723/500/3923 7225/768/3923 7222/717/3923
f 5323/717/4455 5325/768/4457 7226/500/5873 4811/484/3993
f 4811/484/3993 7228/771/5874 7229/770/5875 5323/769/4455
f 4812/476/3994 6507/476/5361 5327/770/4459 5324/771/4456
f 4727/476/3925 4725/484/3925 5323/769/4455 7229/770/5875
f 6936/500/5641 5322/772/4454 4809/483/3991 4687/483/3888
f 6974/484/5668 4690/476/3891 4812/476/3994 5324/773/4456
f 4811/484/3993 7226/500/5873 7230/500/5876 7231/484/5877
f 7231/484/5877 7230/500/5876 4688/500/3889 6975/484/5669
f 4810/500/3992 5322/772/4454 5328/500/4460
f 5328/500/4460 5322/772/4454 6936/500/5641
f 4689/484/3890 7228/773/5874 5329/774/4461
f 5329/774/4461 7228/773/5874 4811/484/3993
f 7232/775/5878 4820/503/4002 4654/503/3855
f 7129/688/5790 7232/775/5878 4654/503/3855 5245/689/4390
f 4820/503/4002 7232/775/5878 4655/499/3856 6693/499/5479
f 5241/776/4386 7128/499/5789 7235/594/5881
f 6692/483/5478 5242/572/4387 7060/485/5734
f 4655/483/3856 7232/485/5878 5331/572/4463 7234/499/5880
f 5241/483/4386 7235/572/5881 5330/485/4462
f 7234/777/5880 5331/594/4463 5332/777/4464
f 7235/594/5881 7128/499/5789 4659/498/3860 7236/777/5882
f 7218/483/5867 7233/777/5879 7236/778/5882 7221/483/5870
f 4641/503/3842 6982/483/5672 7238/572/5672 5301/739/4435
f 7106/483/4338 5193/485/4338 7240/572/4338
f 4706/483/3907 7239/572/5884 7108/485/5769
f 4610/572/3812 4597/483/3799 7241/779/5885
f 7241/779/5885 4597/483/3799 6521/485/5371
f 4610/483/3812 7241/485/5885 7242/572/5886 5311/499/4445
f 4611/483/3813 5311/485/4445 7242/572/5886 4649/499/3850
f 4598/483/3800 6945/499/5645 5335/572/4466 5334/485/4465
f 6945/483/5645 4649/485/3850 5335/572/4466
f 5295/483/4430 7200/499/5851 7199/572/5850 5296/485/4431
f 4806/503/3988 7046/499/5721 7247/781/5887 7244/780/5887
f 7243/780/3918 7246/781/3918 4718/499/3918 6715/503/3918
f 5337/782/4467 4717/498/3917 7023/499/5701
f 6728/502/5503 6507/476/5361 7248/502/5889
f 4813/502/3995 7056/503/5730 7245/784/5888 7249/783/5888
f 5338/783/3929 5336/784/3929 4730/503/3929 4731/502/3929
f 6507/476/5361 4812/476/3994 7052/502/5727 7248/502/5889
f 4658/483/3859 7250/499/5890 6960/572/5658 4822/485/4004
f 4658/483/3859 7233/485/5879 7218/572/5867 7250/499/5890
f 5341/785/4470 6814/485/5561 6959/483/5657
f 5300/572/4434 6814/485/5561 5341/785/4470
f 5341/785/4470 4823/483/4005 5339/499/4468
f 5341/786/4470 7251/485/5891 5300/483/4434
f 7251/485/5891 5341/786/4470 5339/499/4468 7219/572/5868
f 4717/498/3917 5337/782/4467 4807/499/3989 4808/498/3990
f 5340/787/4469 7220/499/5869 7252/788/5892
f 7199/483/5850 7200/485/5851 5340/790/4469 7252/789/5892
f 5343/498/4472 7253/788/5893 5247/499/4392
f 7127/791/5788 7254/793/5894 7255/792/5895
f 5247/794/4392 5321/795/4453 5344/792/4473 5343/793/4472
f 7214/483/5863 7126/500/5787 7127/791/5788 7255/792/5895
f 7197/485/4471 5342/788/4471 7254/498/5894 7127/483/5788
f 7256/796/5896 7130/690/5791 7132/691/5793
f 7130/690/5791 7256/796/5896 7169/484/5827 4665/476/3866
f 5244/485/4389 7195/731/5849 5346/717/4475
f 5346/797/4475 5345/798/4474 5244/763/4389
f 5298/731/4433 5299/730/4433 5240/483/4385 7257/717/5897
f 5347/799/4476 5276/717/4415 4663/484/3864
f 4661/483/3862 7258/499/5898 7257/572/5897 5240/485/4385
f 7167/717/5825 7258/799/5898 4661/500/3862 7173/500/5831
f 4663/483/3864 5345/485/4474 5346/572/4475 5347/499/4476
f 4659/483/3860 7259/499/5899 7221/572/5870 7236/485/5882
f 4659/483/3860 7176/485/5834 7170/572/5828 7259/499/5899
f 5316/572/4449 4660/483/3861 5348/572/4477 5278/485/4417
f 5344/792/4473 5321/485/4453 5348/572/4477 4660/483/3861
f 4958/484/4130 7263/484/5903 7261/801/5901 7260/800/5900
f 4958/484/4130 7266/484/5906 7264/717/5904 7263/717/5903
f 7017/484/5695 7018/483/5696 7267/802/5696 7273/717/5909
f 5357/717/4486 7268/802/5902 7262/801/5902 5351/484/4480
f 7269/803/5907 5352/800/4481 5355/801/4484
f 7265/717/5905 5350/484/4479 7270/710/5908
f 7271/717/4485 5357/484/4486 5351/717/4480 5356/717/4485
f 4958/484/4130 7260/805/5900 7274/804/5910 5360/625/4489
f 5360/625/4489 7274/804/5910 5353/806/4482 5349/625/4478
f 5353/806/4482 7274/809/5910 7276/808/5912 5362/807/4491
f 5408/483/4535 4956/483/4128 7275/807/5911 5365/808/4494
f 7266/484/5906 4958/484/4130 5360/484/4489 5363/484/4492
f 5363/484/4492 5360/484/4489 5349/484/4478 5354/484/4483
f 5354/484/4483 5364/625/4493 5366/484/4495 5363/717/4492
f 4966/484/4138 5350/484/4479 5363/717/4492 5366/484/4495
f 7280/484/5916 7279/484/5915 5369/484/4498 5368/484/4497
f 5024/488/4191 5023/572/4190 5373/572/4502 5372/779/4501
f 5372/779/4501 5373/572/4502 4956/572/4128 4960/488/4132
f 5349/483/4478 5376/572/4505 5354/485/4483
f 5349/483/4478 5353/485/4482 5375/572/4504 5376/499/4505
f 7062/483/5736 7284/499/5917 7285/810/5918 5378/625/4507
f 5378/625/4507 7285/810/5918 5376/572/4505 5375/485/4504
f 7062/483/5736 7064/485/5738 7284/572/5917
f 5350/484/4479 4966/484/4138 7278/484/5914 7270/710/5908
f 5367/484/4496 7281/484/4496 7283/484/4496 7272/710/4496
f 7286/484/5919 7287/717/5920 5388/812/4517 5383/811/4512
f 5017/485/4184 5066/485/4232 5383/811/4512 5388/812/4517
f 7296/484/5929 7286/484/5919 5383/811/4512 5384/813/4513
f 5384/813/4513 5383/811/4512 5066/485/4232 5067/485/4233
f 7290/484/5923 7291/484/5924 7292/484/5925 7289/717/5922
f 5071/484/4237 7293/484/5926 5389/484/4518 5385/484/4514
f 5382/484/4511 7291/710/5924 7290/484/5923 7295/484/5928
f 7298/483/5931 5374/499/4503 5393/572/4522 7300/485/5933
f 5000/485/4168 5001/485/4169 7306/815/5937 7307/814/5938
f 5396/814/4524 5395/815/4523 5003/484/4171 5002/484/4170
f 6634/485/5441 5000/485/4168 7307/817/5938 7302/816/5441
f 7303/816/5935 5396/817/4524 5002/484/4170 4983/484/4152
f 5056/484/4222 5003/484/4171 5395/819/4523 5397/818/4525
f 5397/818/4525 7306/819/5937 5001/485/4169 5055/485/4221
f 5055/485/4221 5025/485/4192 5398/711/4526 5397/820/4525
f 5056/484/4222 5397/820/4525 5398/711/4526 5026/484/4193
f 5390/485/4519 5372/483/4501 7308/821/5939
f 7297/483/5930 7309/822/5932 7299/485/5932 7301/572/5934
f 4963/485/4135 5017/485/4184 7310/824/5940 7311/823/5941
f 5402/823/4529 5400/824/4527 5018/484/4185 4965/484/4137
f 4962/483/4134 7312/499/5942 5391/572/4520 5399/485/4520
f 5025/483/4192 7297/485/5930 7301/572/5934 5398/499/4526
f 5026/483/4193 5398/499/4526 5392/572/4521 5393/485/4522
f 4960/483/4132 4962/485/4134 7308/572/5939 5372/499/4501
f 7287/717/5920 7310/824/5940 5017/485/4184 5388/812/4517
f 4964/483/4136 5026/499/4193 5393/572/4522 5374/485/4503
f 5374/483/4503 7298/485/5931 5401/572/4528 4964/499/4136
f 5359/717/4488 7282/484/4488 7017/484/5695 7273/484/5909
f 4962/485/4134 4960/488/4132 5403/825/4530
f 7312/826/5942 4962/485/4134 5403/828/4530 7313/827/5943
f 7313/827/5943 5403/828/4530 4963/485/4135 7311/829/5941
f 5404/827/4531 4964/484/4136 5401/826/4528
f 4960/488/4132 4961/488/4133 4963/485/4135 5403/825/4530
f 4964/484/4136 5404/827/4531 5402/829/4529 4965/484/4137
f 6928/484/5637 4968/484/4140 7314/484/5944 7315/484/5945
f 7269/803/5907 4957/483/4129 5408/830/4535 5352/800/4481
f 5352/805/4481 5408/830/4535 5365/808/4494 5361/809/4490
f 4957/483/4129 5358/803/4487 7019/483/5697 5409/831/4536
f 4835/483/4016 4847/483/4027 5411/833/4538 5410/832/4537
f 4847/483/4027 6861/483/5593 5413/835/4540 5411/834/4538
f 4957/483/4129 4961/485/4133 5408/572/4535
f 7275/499/5911 4956/483/4128 7348/837/5973 5415/836/4542
f 5415/836/4542 7348/837/5973 4959/485/4131 5378/572/4507
f 5378/572/4507 5375/485/4504 5415/838/4542
f 6689/483/5476 7277/499/5913 5417/840/4544 5416/839/4543
f 5416/839/4543 5417/840/4544 5379/572/4508 5377/485/4506
f 5417/841/4544 5376/499/4505 5379/572/4508
f 5377/484/4506 7063/484/5737 5416/717/4543
f 5354/483/4483 5376/499/4505 5417/841/4544 5364/485/4493
f 5353/483/4482 5362/499/4491 5415/838/4542 5375/485/4504
f 4834/483/4015 5286/485/4423 5410/572/4537
f 5290/842/4426 4835/483/4016 5410/572/4537 5286/499/4423
f 6966/483/5661 6965/483/5660 7316/844/5946 5418/843/4545
f 5418/843/4545 6861/483/5593 6966/483/5661
f 5063/483/4229 5418/485/4545 5420/572/4547 5421/499/4548
f 5422/483/4549 5421/499/4548 5420/572/4547 5419/485/4546
f 5060/483/4226 7317/499/5947 7316/572/5946 6965/485/5660
f 5069/484/4235 7319/483/5949 5422/572/4549 7318/484/5948
f 5425/484/4552 5412/484/4539 5069/484/4235 5368/484/4497
f 7288/483/5921 7289/499/5922 7292/572/5925 5021/485/4188
f 5069/483/4235 7318/485/5948 5424/845/4551
f 7320/845/5950 7317/485/5947 5423/572/4550
f 5060/483/4226 5423/572/4550 7317/485/5947
f 5063/483/4229 5413/485/4540 6861/572/5593 5418/499/4545
f 5071/484/4237 5412/485/4539 5425/572/4552 7293/484/5926
f 5078/484/4244 4853/484/4033 5427/484/4554 5426/484/4553
f 5426/484/4553 5427/484/4554 6907/484/5622 6908/484/5623
f 5072/484/4238 5078/484/4244 5426/484/4553 5428/717/4555
f 7045/484/5720 6824/484/5566 5018/484/4185 5429/484/4556
f 5431/484/4558 5430/484/4557 5072/484/4238 5428/717/4555
f 5422/485/4549 7319/483/5949 5432/488/4559
f 5421/483/4548 5422/499/4549 5432/847/4559 7322/846/5952
f 5433/846/4560 7321/847/5951 5431/572/4558 5428/485/4555
f 6908/483/5623 5433/499/4560 5428/572/4555 5426/485/4553
f 7012/484/5691 5427/484/4554 4853/484/4033 6883/484/5606
f 7293/483/5926 5425/499/4552 5435/572/4562 5434/485/4561
f 5368/483/4497 5369/499/4498 5435/572/4562 5425/485/4552
f 7288/483/5921 5021/485/4188 5434/572/4561 5405/499/4532
f 7314/484/5944 4968/484/4140 5429/484/4556 5020/484/4187
f 5405/483/4532 5434/499/4561 5406/572/4533 5407/485/4534
f 4966/483/4138 7323/499/5953 5369/572/4498 7279/485/5915
f 5406/483/4533 5434/485/4561 5435/572/4562 5436/499/4563
f 5369/483/4498 5436/572/4563 5435/485/4562
f 7329/484/5957 7324/848/4182 5015/483/4182 5014/484/4181
f 7325/572/5954 6577/488/5404 5016/488/4183
f 7280/483/5916 5368/485/4497 7326/849/5955
f 5370/485/4499 5019/483/4186 7327/851/4186 7330/850/5958
f 5014/483/4181 5370/485/4499 7330/853/5958 7329/852/5957
f 5385/710/4514 7294/484/5927 5072/484/4238 5430/625/4557
f 5060/484/4226 6965/483/5660 7331/854/5959 7335/710/5961
f 5442/710/4569 7332/854/4564 5437/848/4564 5438/484/4565
f 5439/850/4566 7328/851/5956 7334/856/5956 5443/855/4570
f 7336/855/5962 7333/856/5960 7320/499/5950 5423/572/4550
f 5438/852/4565 5439/853/4566 5443/858/4570 5442/857/4569
f 7335/857/5961 7336/858/5962 5423/572/4550 5060/499/4226
f 5440/849/4567 5368/485/4497 5444/859/4571
f 5368/485/4497 5069/572/4235 5424/499/4551 5444/859/4571
f 5061/572/4227 6577/488/5404 7325/572/5954 5441/860/4568
f 5409/861/4536 7019/572/5697 7325/572/5954 5016/488/4183
f 4993/484/4161 5371/717/4500 4989/484/4157 7016/484/5694
f 4993/484/4161 6978/484/5670 6925/484/5634 5371/717/4500
f 6925/484/5634 7015/484/5693 4989/484/4157 5371/484/4500
f 7063/484/5737 6691/484/5477 6689/484/5476 5416/717/4543
f 7337/484/5963 7277/625/5913 6689/484/5476
f 7337/862/5963 7323/499/5953 4966/483/4138
f 5436/499/4563 5445/862/4572 6690/485/4572 5406/572/4533
f 7277/625/5913 7337/484/5963 4966/484/4138 5366/484/4495
f 4967/483/4139 7338/499/5964 5407/572/4534 5406/485/4533
f 4969/483/4141 7339/499/4141 5029/572/4196 6929/485/5638
f 6928/483/5637 7315/485/5945 5446/572/4573
f 6907/484/5622 5427/484/4554 7340/625/5965
f 7340/625/5965 5427/484/4554 7012/484/5691
f 5448/863/4575 5411/572/4538 5413/499/4540
f 5411/572/4538 5448/863/4575 4834/483/4015 5410/485/4537
f 5063/483/4229 5421/485/4548 5449/864/4576
f 5077/572/4243 4851/483/4031 5450/866/4577 5449/865/4576
f 5449/865/4576 5450/866/4577 5413/572/4540 5063/485/4229
f 5451/867/4578 4834/483/4015 5448/868/4575
f 4851/572/4031 5447/871/4574 5451/870/4578 5450/869/4577
f 5450/869/4577 5451/870/4578 5448/868/4575 5413/499/4540
f 4834/483/4015 5451/867/4578 5447/871/4574 4843/485/4024
f 5421/485/4548 7322/572/5952 5077/499/4243 5449/864/4576
f 4836/488/4017 4848/488/4028 5452/873/4579 5454/872/4581
f 7342/872/5967 7341/873/5966 4847/572/4027 4835/572/4016
f 5065/488/4231 5064/488/4230 5455/874/4582
f 5062/572/4228 5073/572/4239 7344/876/5969 7343/875/5968
f 5455/875/4582 5453/876/4580 5074/488/4240 5065/488/4231
f 4627/483/3828 4837/499/4018 7345/572/5970 5289/485/3828
f 4836/483/4017 5454/485/4581 7345/572/5970 4837/499/4018
f 7185/483/5842 7346/572/5971 7186/485/5843
f 4835/483/4016 5290/485/4426 5456/572/4583 7342/499/5967
f 7347/877/5972 4847/572/4027 7341/878/5966
f 5452/878/4579 4848/488/4028 5457/877/4584
f 4847/572/4027 7347/877/5972 7344/879/5969 5073/572/4239
f 4848/488/4028 5074/488/4240 5453/879/4580 5457/877/4584
f 6577/488/5404 5061/572/4227 5062/572/4228 7343/874/5968
f 5071/483/4237 5431/485/4558 7321/572/5951 5412/499/4539
f 5385/710/4514 5430/485/4557 5431/572/4558 5071/484/4237
f 4959/483/4131 7348/572/5973 5022/485/4189
f 4956/483/4128 5373/485/4502 7348/572/5973
f 4850/484/4030 5270/711/4409 7350/881/5975 5459/880/4586
f 5459/880/4586 7350/881/5975 7164/711/5822 5272/710/4411
f 7162/711/5820 4849/485/4029 5460/882/4587
f 5272/484/4411 7028/484/5706 7349/484/5974 5459/484/4586
f 5459/484/4586 7349/484/5974 4852/484/4032 4850/484/4030
f 4849/485/4029 4839/485/4020 5273/711/4412 5460/882/4587
f 5372/488/4501 5390/883/4519 6835/485/5574 5024/488/4191
f 7304/485/5936 7303/884/5935 5462/490/4589
f 6635/485/4148 7351/596/4148 4978/488/4148 4981/488/4148
f 4983/484/4152 6591/484/5415 5462/490/4589 7303/884/5935
f 5016/488/4183 4961/488/4133 4957/572/4129 5409/861/4536
f 4994/484/4162 4997/484/4165 5466/886/4593 7353/885/5976
f 5463/885/4590 7354/886/5977 4996/483/4164 4995/483/4163
f 7353/887/5976 6759/484/5518 4994/484/4162
f 5052/483/4218 4996/483/4164 7354/889/5977 7355/888/5978
f 5465/888/4592 5466/889/4593 4997/484/4165 5053/484/4219
f 5053/484/4219 7063/484/5737 7356/891/5979 5465/890/4592
f 7355/890/5978 5464/891/4591 5023/483/4190 5052/483/4218
f 7063/483/5737 5414/499/4541 7356/892/5979
f 7348/499/5973 5373/572/4502 5023/485/4190 5464/892/4591
f 6971/484/5665 5008/484/4176 5470/484/4597 5467/717/4594
f 5467/717/4594 5470/484/4597 5004/484/4172 5005/484/4173
f 5467/484/4594 4993/484/4161 7016/484/5694
f 5005/484/4173 4993/484/4161 5467/484/4594
f 5467/484/4594 7016/484/5694 6971/484/5665
f 5057/484/4223 5004/484/4172 5470/484/4597 7358/625/5981
f 5468/625/4595 5470/484/4597 5008/484/4176 5058/484/4224
f 5058/484/4224 5029/484/4196 5469/710/4596 5468/484/4595
f 7358/484/5981 7357/710/5980 6691/484/5477 5057/484/4223
f 5013/484/4180 5463/887/4590 4995/483/4163 5012/483/4180
f 5394/884/4150 7305/485/4150 7352/596/4150 4980/485/4150
f 5461/893/4588 4979/485/4149 5471/485/4598
f 5471/894/4598 6891/488/5612 5461/893/4588
f 6891/488/5612 5471/894/4598 5048/485/4215 6939/488/5642
f 4982/483/4151 5046/485/4213 5048/572/4215 5471/499/4598
f 7304/483/5936 5462/485/4589 5471/572/4598
f 4982/483/4151 5471/572/4598 5462/485/4589
f 5027/483/4194 7338/572/5964 4967/483/4139
f 5029/485/4196 7338/572/5964 5027/483/4194 5469/895/4596
f 5386/484/4515 5070/484/4236 5472/484/4599 5474/625/4601
f 5474/625/4601 5472/484/4599 5068/484/4234 5380/484/4509
f 5070/484/4236 5387/484/4516 5473/484/4600 5472/484/4599
f 5472/484/4599 5473/484/4600 5381/484/4510 5068/484/4234
f 5473/484/4600 5429/484/4556 5018/484/4185
f 7296/485/5929 5384/572/4513 5476/897/4603 5475/896/4602
f 5384/499/4513 5067/483/4233 5476/898/4603
f 6888/484/5610 6792/484/5546 5479/710/4606 5477/625/4604
f 5477/484/4604 7359/484/5982 6888/484/5610
f 5474/484/4601 5380/484/4509 7359/484/5982 5477/484/4604
f 5075/485/4241 5270/490/4409 7360/490/5983
f 5475/896/4602 5476/898/4603 5478/488/4605 6889/483/4605
f 5476/898/4603 5067/483/4233 5075/485/4241 7360/488/5983
f 5270/490/4409 4850/484/4030 5076/484/4242 7360/490/5983
f 5481/710/4608 4853/484/4033 5078/484/4244
f 5382/485/4511 7295/572/5928 7361/900/5984 7363/899/5985
f 6791/485/5545 7364/902/5545 7362/901/5545
f 5078/483/4244 5072/499/4238 5481/902/4608
f 5072/499/4238 7294/572/5927 5480/901/4607 5481/902/4608
f 6789/483/5544 4853/499/4033 5481/572/4608 6793/485/5547
f 4844/483/4025 5292/572/4428 6789/485/5544 5458/903/4585
f 5477/625/4604 5479/484/4606 5386/484/4515 5474/484/4601
f 7363/899/5985 7361/484/5984 5079/483/4245
f 5400/824/4527 5381/484/4510 5473/484/4600 5018/484/4185
f 5020/484/4187 5429/484/4556 5473/484/4600 5387/484/4516
f 5483/904/4610 7365/906/5986 7135/905/5796
f 5238/686/4383 7120/481/5781 7365/906/5986 5483/904/4610
f 7135/695/5796 5248/696/4393 5482/908/4609 5483/907/4610
f 5483/907/4610 5482/908/4609 4710/593/3911 5238/686/4383
f 7366/909/5987 7187/727/4394 5249/485/4394
f 7188/727/5844 5484/909/3910 4709/483/3910 5232/499/4377
f 7177/484/5835 4840/485/4021 5485/910/4611 7367/625/5988
f 7367/625/5988 5485/910/4611 4955/485/4127 4623/484/3825
f 4620/483/3822 5291/912/4427 5486/911/4612 6823/485/5565
f 5287/499/4424 4833/572/4014 5486/911/4612 5291/912/4427
f 5134/533/4284 6553/533/4284 5487/914/4613 7368/913/5989
f 7368/913/5989 5487/914/4613 5178/611/4324 7098/610/5763
f 5139/483/4289 5158/485/4289 5173/572/4319 5487/499/4613
f 5177/485/4323 5178/485/4324 5487/572/4613 5173/483/4319
f 5179/631/4325 5135/533/4285 6869/533/5600 5488/913/4614
f 5154/483/4304 5174/485/4320 7094/572/5760 5489/499/4615
f 5489/499/4615 7371/483/5992 5150/485/4300 5490/915/4616
f 5154/483/4304 5489/499/4615 5490/915/4616 5165/485/4311
f 5150/483/4300 7082/485/5751 5165/572/4311 5490/916/4616
f 5122/483/4275 7073/499/5745 7370/918/5991 5492/917/4618
f 5492/917/4618 7370/918/5991 7369/572/5990 5141/485/4291
f 7374/919/5995 7094/572/5760 7095/485/5761
f 7376/483/5993 7372/485/5993 7373/572/5994 7377/499/5997
f 5125/483/4278 5150/499/4300 7371/572/5992 7375/485/5996
f 7381/920/6000 7378/923/4294 5144/922/4294 5495/921/4621
f 7377/572/5997 7373/485/5994 7382/925/6001 5500/924/4626
f 5141/485/4291 7369/572/5990 7383/927/6002 6473/926/5336
f 7382/483/6001 7387/499/6005 5501/572/4627 5500/485/4626
f 7094/572/5760 7374/919/5995 7371/483/5992 5489/499/4615
f 5119/483/4272 5125/485/4278 7375/572/5996 7379/928/5998
f 7380/929/5999 5501/483/4627 5142/483/4292 5491/499/4617
f 5502/926/4628 7384/927/6003 7385/931/6003 6476/930/4628
f 5497/932/4623 5500/934/4626 5501/933/4627
f 5500/934/4626 5497/932/4623 7381/935/6000 5495/572/4621
f 6479/483/4307 7096/499/4321 5175/572/4321 5157/485/4307
f 5501/483/4627 7387/485/6005 7386/572/6004 5503/499/4629
f 5142/483/4292 5501/485/4627 5503/572/4629
f 5504/483/4630 5506/485/4632 7389/936/6007
f 5499/572/4625 5493/499/4619 5509/937/4634
f 5493/499/4619 5147/483/4297 5494/485/4620 5509/937/4634
f 5499/483/4625 5509/499/4634 5508/572/4633 7388/485/6006
f 5506/485/4632 5507/572/4631 5505/485/4631 7389/936/6007
f 5128/483/4280 5504/485/4630 7389/572/6007 7097/499/5762
f 5176/483/4322 5508/499/4633 5509/572/4634 5494/485/4620
f 5145/499/4295 5119/483/4272 7390/938/6008
f 7390/938/6008 5119/483/4272 7379/928/5998
f 5143/483/4293 7099/485/5764 5510/572/4635
f 5143/483/4293 5498/499/4624 7380/572/5999 5491/485/4617
f 5496/483/4622 5498/485/4624 5143/572/4293 5510/499/4635
f 5512/501/4637 5513/476/4638 4651/476/3852 6842/501/5580
f 6722/484/5499 5519/484/4643 6841/501/5579
f 5512/501/4637 4630/484/3831 4631/476/3832 5513/476/4638
f 5513/476/4638 7392/502/6010 6999/502/5682 4651/476/3852
f 4639/499/3840 4643/483/3844 5516/498/4640 7048/499/5723
f 7207/498/5858 7213/483/5862 7021/483/5699 5516/498/4640
f 4647/500/3848 4649/484/3850 6723/484/5500 5518/500/4642
f 4653/502/3854 7107/503/3854 6983/503/3854 5514/502/3854
f 5304/625/4438 7203/483/5854 5515/499/4639 5521/737/4644
f 4645/483/3846 5307/755/4441 7206/740/5857 5517/483/4641
f 5318/761/4451 4647/500/3848 5518/500/4642 5523/757/4646
f 5307/755/4441 5318/761/4451 5523/757/4646 5522/740/4645
f 7239/483/5884 5304/625/4438 5521/737/4644 7237/503/5883
f 4640/483/3841 5524/572/3841 5333/572/3841 5520/483/3841
f 4649/484/3850 7391/501/6009 5511/501/4636 6723/484/5500
f 7205/499/5856 5305/572/4439 5302/485/4436
